!qaz2wsx
$un$h1n3
00000000
000000000
0000000000
00001950
00001951
00001952
00001953
00001954
00001955
00001956
00001957
00001958
00001959
00001960
00001961
00001962
00001963
00001964
00001965
00001966
00001967
00001968
00001969
00001970
00001971
00001972
00001973
00001974
00001975
00001976
00001977
00001978
00001979
00001980
00001981
00001982
00001983
00001984
00001985
00001986
00001987
00001988
00001989
00001990
00001991
00001992
00001993
00001994
00001995
00001996
00001997
00001998
00001999
00002000
00002001
00002002
00002003
00002004
00002005
00002006
00002007
00002008
00002009
00002010
00002011
00002012
00002013
00002014
00002015
00002016
00002017
00002018
00002019
00002020
00002021
00002022
00002023
00002024
00002025
00002026
01010101
0101010101
01011960
01011961
01011962
01011963
01011964
01011965
01011966
01011967
01011968
01011969
01011970
01011971
01011972
01011973
01011974
01011975
01011976
01011977
01011978
01011979
01011980
01011981
01011982
01011983
01011984
01011985
01011986
01011987
01011988
01011989
01011990
01011991
01011992
01011993
01011994
01011995
01011996
01011997
01011998
01011999
01012000
01012001
01012002
01012003
01012004
01012005
01012006
01012007
01012008
01012009
01012010
01012011
01012012
01012013
01012014
01012015
01012016
01012017
01012018
01012019
01012020
01012021
01012022
01012023
01012024
01012025
01012026
01021960
01021961
01021962
01021963
01021964
01021965
01021966
01021967
01021968
01021969
01021970
01021971
01021972
01021973
01021974
01021975
01021976
01021977
01021978
01021979
01021980
01021981
01021982
01021983
01021984
01021985
01021986
01021987
01021988
01021989
01021990
01021991
01021992
01021993
01021994
01021995
01021996
01021997
01021998
01021999
01022000
01022001
01022002
01022003
01022004
01022005
01022006
01022007
01022008
01022009
01022010
01022011
01022012
01022013
01022014
01022015
01022016
01022017
01022018
01022019
01022020
01022021
01022022
01022023
01022024
01022025
01022026
01031960
01031961
01031962
01031963
01031964
01031965
01031966
01031967
01031968
01031969
01031970
01031971
01031972
01031973
01031974
01031975
01031976
01031977
01031978
01031979
01031980
01031981
01031982
01031983
01031984
01031985
01031986
01031987
01031988
01031989
01031990
01031991
01031992
01031993
01031994
01031995
01031996
01031997
01031998
01031999
01032000
01032001
01032002
01032003
01032004
01032005
01032006
01032007
01032008
01032009
01032010
01032011
01032012
01032013
01032014
01032015
01032016
01032017
01032018
01032019
01032020
01032021
01032022
01032023
01032024
01032025
01032026
01041960
01041961
01041962
01041963
01041964
01041965
01041966
01041967
01041968
01041969
01041970
01041971
01041972
01041973
01041974
01041975
01041976
01041977
01041978
01041979
01041980
01041981
01041982
01041983
01041984
01041985
01041986
01041987
01041988
01041989
01041990
01041991
01041992
01041993
01041994
01041995
01041996
01041997
01041998
01041999
01042000
01042001
01042002
01042003
01042004
01042005
01042006
01042007
01042008
01042009
01042010
01042011
01042012
01042013
01042014
01042015
01042016
01042017
01042018
01042019
01042020
01042021
01042022
01042023
01042024
01042025
01042026
01051960
01051961
01051962
01051963
01051964
01051965
01051966
01051967
01051968
01051969
01051970
01051971
01051972
01051973
01051974
01051975
01051976
01051977
01051978
01051979
01051980
01051981
01051982
01051983
01051984
01051985
01051986
01051987
01051988
01051989
01051990
01051991
01051992
01051993
01051994
01051995
01051996
01051997
01051998
01051999
01052000
01052001
01052002
01052003
01052004
01052005
01052006
01052007
01052008
01052009
01052010
01052011
01052012
01052013
01052014
01052015
01052016
01052017
01052018
01052019
01052020
01052021
01052022
01052023
01052024
01052025
01052026
01061960
01061961
01061962
01061963
01061964
01061965
01061966
01061967
01061968
01061969
01061970
01061971
01061972
01061973
01061974
01061975
01061976
01061977
01061978
01061979
01061980
01061981
01061982
01061983
01061984
01061985
01061986
01061987
01061988
01061989
01061990
01061991
01061992
01061993
01061994
01061995
01061996
01061997
01061998
01061999
01062000
01062001
01062002
01062003
01062004
01062005
01062006
01062007
01062008
01062009
01062010
01062011
01062012
01062013
01062014
01062015
01062016
01062017
01062018
01062019
01062020
01062021
01062022
01062023
01062024
01062025
01062026
01071960
01071961
01071962
01071963
01071964
01071965
01071966
01071967
01071968
01071969
01071970
01071971
01071972
01071973
01071974
01071975
01071976
01071977
01071978
01071979
01071980
01071981
01071982
01071983
01071984
01071985
01071986
01071987
01071988
01071989
01071990
01071991
01071992
01071993
01071994
01071995
01071996
01071997
01071998
01071999
01072000
01072001
01072002
01072003
01072004
01072005
01072006
01072007
01072008
01072009
01072010
01072011
01072012
01072013
01072014
01072015
01072016
01072017
01072018
01072019
01072020
01072021
01072022
01072023
01072024
01072025
01072026
01081960
01081961
01081962
01081963
01081964
01081965
01081966
01081967
01081968
01081969
01081970
01081971
01081972
01081973
01081974
01081975
01081976
01081977
01081978
01081979
01081980
01081981
01081982
01081983
01081984
01081985
01081986
01081987
01081988
01081989
01081990
01081991
01081992
01081993
01081994
01081995
01081996
01081997
01081998
01081999
01082000
01082001
01082002
01082003
01082004
01082005
01082006
01082007
01082008
01082009
01082010
01082011
01082012
01082013
01082014
01082015
01082016
01082017
01082018
01082019
01082020
01082021
01082022
01082023
01082024
01082025
01082026
01091960
01091961
01091962
01091963
01091964
01091965
01091966
01091967
01091968
01091969
01091970
01091971
01091972
01091973
01091974
01091975
01091976
01091977
01091978
01091979
01091980
01091981
01091982
01091983
01091984
01091985
01091986
01091987
01091988
01091989
01091990
01091991
01091992
01091993
01091994
01091995
01091996
01091997
01091998
01091999
01092000
01092001
01092002
01092003
01092004
01092005
01092006
01092007
01092008
01092009
01092010
01092011
01092012
01092013
01092014
01092015
01092016
01092017
01092018
01092019
01092020
01092021
01092022
01092023
01092024
01092025
01092026
01101960
01101961
01101962
01101963
01101964
01101965
01101966
01101967
01101968
01101969
01101970
01101971
01101972
01101973
01101974
01101975
01101976
01101977
01101978
01101979
01101980
01101981
01101982
01101983
01101984
01101985
01101986
01101987
01101988
01101989
01101990
01101991
01101992
01101993
01101994
01101995
01101996
01101997
01101998
01101999
01102000
01102001
01102002
01102003
01102004
01102005
01102006
01102007
01102008
01102009
01102010
01102011
01102012
01102013
01102014
01102015
01102016
01102017
01102018
01102019
01102020
01102021
01102022
01102023
01102024
01102025
01102026
01111960
01111961
01111962
01111963
01111964
01111965
01111966
01111967
01111968
01111969
01111970
01111971
01111972
01111973
01111974
01111975
01111976
01111977
01111978
01111979
01111980
01111981
01111982
01111983
01111984
01111985
01111986
01111987
01111988
01111989
01111990
01111991
01111992
01111993
01111994
01111995
01111996
01111997
01111998
01111999
01112000
01112001
01112002
01112003
01112004
01112005
01112006
01112007
01112008
01112009
01112010
01112011
01112012
01112013
01112014
01112015
01112016
01112017
01112018
01112019
01112020
01112021
01112022
01112023
01112024
01112025
01112026
01121960
01121961
01121962
01121963
01121964
01121965
01121966
01121967
01121968
01121969
01121970
01121971
01121972
01121973
01121974
01121975
01121976
01121977
01121978
01121979
01121980
01121981
01121982
01121983
01121984
01121985
01121986
01121987
01121988
01121989
01121990
01121991
01121992
01121993
01121994
01121995
01121996
01121997
01121998
01121999
01122000
01122001
01122002
01122003
01122004
01122005
01122006
01122007
01122008
01122009
01122010
01122011
01122012
01122013
01122014
01122015
01122016
01122017
01122018
01122019
01122020
01122021
01122022
01122023
01122024
01122025
01122026
01151960
01151961
01151962
01151963
01151964
01151965
01151966
01151967
01151968
01151969
01151970
01151971
01151972
01151973
01151974
01151975
01151976
01151977
01151978
01151979
01151980
01151981
01151982
01151983
01151984
01151985
01151986
01151987
01151988
01151989
01151990
01151991
01151992
01151993
01151994
01151995
01151996
01151997
01151998
01151999
01152000
01152001
01152002
01152003
01152004
01152005
01152006
01152007
01152008
01152009
01152010
01152011
01152012
01152013
01152014
01152015
01152016
01152017
01152018
01152019
01152020
01152021
01152022
01152023
01152024
01152025
01152026
01201960
01201961
01201962
01201963
01201964
01201965
01201966
01201967
01201968
01201969
01201970
01201971
01201972
01201973
01201974
01201975
01201976
01201977
01201978
01201979
01201980
01201981
01201982
01201983
01201984
01201985
01201986
01201987
01201988
01201989
01201990
01201991
01201992
01201993
01201994
01201995
01201996
01201997
01201998
01201999
01202000
01202001
01202002
01202003
01202004
01202005
01202006
01202007
01202008
01202009
01202010
01202011
01202012
01202013
01202014
01202015
01202016
01202017
01202018
01202019
01202020
01202021
01202022
01202023
01202024
01202025
01202026
01234567
0123456789
01251960
01251961
01251962
01251963
01251964
01251965
01251966
01251967
01251968
01251969
01251970
01251971
01251972
01251973
01251974
01251975
01251976
01251977
01251978
01251979
01251980
01251981
01251982
01251983
01251984
01251985
01251986
01251987
01251988
01251989
01251990
01251991
01251992
01251993
01251994
01251995
01251996
01251997
01251998
01251999
01252000
01252001
01252002
01252003
01252004
01252005
01252006
01252007
01252008
01252009
01252010
01252011
01252012
01252013
01252014
01252015
01252016
01252017
01252018
01252019
01252020
01252021
01252022
01252023
01252024
01252025
01252026
02011960
02011961
02011962
02011963
02011964
02011965
02011966
02011967
02011968
02011969
02011970
02011971
02011972
02011973
02011974
02011975
02011976
02011977
02011978
02011979
02011980
02011981
02011982
02011983
02011984
02011985
02011986
02011987
02011988
02011989
02011990
02011991
02011992
02011993
02011994
02011995
02011996
02011997
02011998
02011999
02012000
02012001
02012002
02012003
02012004
02012005
02012006
02012007
02012008
02012009
02012010
02012011
02012012
02012013
02012014
02012015
02012016
02012017
02012018
02012019
02012020
02012021
02012022
02012023
02012024
02012025
02012026
02101960
02101961
02101962
02101963
02101964
02101965
02101966
02101967
02101968
02101969
02101970
02101971
02101972
02101973
02101974
02101975
02101976
02101977
02101978
02101979
02101980
02101981
02101982
02101983
02101984
02101985
02101986
02101987
02101988
02101989
02101990
02101991
02101992
02101993
02101994
02101995
02101996
02101997
02101998
02101999
02102000
02102001
02102002
02102003
02102004
02102005
02102006
02102007
02102008
02102009
02102010
02102011
02102012
02102013
02102014
02102015
02102016
02102017
02102018
02102019
02102020
02102021
02102022
02102023
02102024
02102025
02102026
02151960
02151961
02151962
02151963
02151964
02151965
02151966
02151967
02151968
02151969
02151970
02151971
02151972
02151973
02151974
02151975
02151976
02151977
02151978
02151979
02151980
02151981
02151982
02151983
02151984
02151985
02151986
02151987
02151988
02151989
02151990
02151991
02151992
02151993
02151994
02151995
02151996
02151997
02151998
02151999
02152000
02152001
02152002
02152003
02152004
02152005
02152006
02152007
02152008
02152009
02152010
02152011
02152012
02152013
02152014
02152015
02152016
02152017
02152018
02152019
02152020
02152021
02152022
02152023
02152024
02152025
02152026
02201960
02201961
02201962
02201963
02201964
02201965
02201966
02201967
02201968
02201969
02201970
02201971
02201972
02201973
02201974
02201975
02201976
02201977
02201978
02201979
02201980
02201981
02201982
02201983
02201984
02201985
02201986
02201987
02201988
02201989
02201990
02201991
02201992
02201993
02201994
02201995
02201996
02201997
02201998
02201999
02202000
02202001
02202002
02202003
02202004
02202005
02202006
02202007
02202008
02202009
02202010
02202011
02202012
02202013
02202014
02202015
02202016
02202017
02202018
02202019
02202020
02202021
02202022
02202023
02202024
02202025
02202026
02251960
02251961
02251962
02251963
02251964
02251965
02251966
02251967
02251968
02251969
02251970
02251971
02251972
02251973
02251974
02251975
02251976
02251977
02251978
02251979
02251980
02251981
02251982
02251983
02251984
02251985
02251986
02251987
02251988
02251989
02251990
02251991
02251992
02251993
02251994
02251995
02251996
02251997
02251998
02251999
02252000
02252001
02252002
02252003
02252004
02252005
02252006
02252007
02252008
02252009
02252010
02252011
02252012
02252013
02252014
02252015
02252016
02252017
02252018
02252019
02252020
02252021
02252022
02252023
02252024
02252025
02252026
03011960
03011961
03011962
03011963
03011964
03011965
03011966
03011967
03011968
03011969
03011970
03011971
03011972
03011973
03011974
03011975
03011976
03011977
03011978
03011979
03011980
03011981
03011982
03011983
03011984
03011985
03011986
03011987
03011988
03011989
03011990
03011991
03011992
03011993
03011994
03011995
03011996
03011997
03011998
03011999
03012000
03012001
03012002
03012003
03012004
03012005
03012006
03012007
03012008
03012009
03012010
03012011
03012012
03012013
03012014
03012015
03012016
03012017
03012018
03012019
03012020
03012021
03012022
03012023
03012024
03012025
03012026
03101960
03101961
03101962
03101963
03101964
03101965
03101966
03101967
03101968
03101969
03101970
03101971
03101972
03101973
03101974
03101975
03101976
03101977
03101978
03101979
03101980
03101981
03101982
03101983
03101984
03101985
03101986
03101987
03101988
03101989
03101990
03101991
03101992
03101993
03101994
03101995
03101996
03101997
03101998
03101999
03102000
03102001
03102002
03102003
03102004
03102005
03102006
03102007
03102008
03102009
03102010
03102011
03102012
03102013
03102014
03102015
03102016
03102017
03102018
03102019
03102020
03102021
03102022
03102023
03102024
03102025
03102026
03151960
03151961
03151962
03151963
03151964
03151965
03151966
03151967
03151968
03151969
03151970
03151971
03151972
03151973
03151974
03151975
03151976
03151977
03151978
03151979
03151980
03151981
03151982
03151983
03151984
03151985
03151986
03151987
03151988
03151989
03151990
03151991
03151992
03151993
03151994
03151995
03151996
03151997
03151998
03151999
03152000
03152001
03152002
03152003
03152004
03152005
03152006
03152007
03152008
03152009
03152010
03152011
03152012
03152013
03152014
03152015
03152016
03152017
03152018
03152019
03152020
03152021
03152022
03152023
03152024
03152025
03152026
03201960
03201961
03201962
03201963
03201964
03201965
03201966
03201967
03201968
03201969
03201970
03201971
03201972
03201973
03201974
03201975
03201976
03201977
03201978
03201979
03201980
03201981
03201982
03201983
03201984
03201985
03201986
03201987
03201988
03201989
03201990
03201991
03201992
03201993
03201994
03201995
03201996
03201997
03201998
03201999
03202000
03202001
03202002
03202003
03202004
03202005
03202006
03202007
03202008
03202009
03202010
03202011
03202012
03202013
03202014
03202015
03202016
03202017
03202018
03202019
03202020
03202021
03202022
03202023
03202024
03202025
03202026
03251960
03251961
03251962
03251963
03251964
03251965
03251966
03251967
03251968
03251969
03251970
03251971
03251972
03251973
03251974
03251975
03251976
03251977
03251978
03251979
03251980
03251981
03251982
03251983
03251984
03251985
03251986
03251987
03251988
03251989
03251990
03251991
03251992
03251993
03251994
03251995
03251996
03251997
03251998
03251999
03252000
03252001
03252002
03252003
03252004
03252005
03252006
03252007
03252008
03252009
03252010
03252011
03252012
03252013
03252014
03252015
03252016
03252017
03252018
03252019
03252020
03252021
03252022
03252023
03252024
03252025
03252026
04011960
04011961
04011962
04011963
04011964
04011965
04011966
04011967
04011968
04011969
04011970
04011971
04011972
04011973
04011974
04011975
04011976
04011977
04011978
04011979
04011980
04011981
04011982
04011983
04011984
04011985
04011986
04011987
04011988
04011989
04011990
04011991
04011992
04011993
04011994
04011995
04011996
04011997
04011998
04011999
04012000
04012001
04012002
04012003
04012004
04012005
04012006
04012007
04012008
04012009
04012010
04012011
04012012
04012013
04012014
04012015
04012016
04012017
04012018
04012019
04012020
04012021
04012022
04012023
04012024
04012025
04012026
04101960
04101961
04101962
04101963
04101964
04101965
04101966
04101967
04101968
04101969
04101970
04101971
04101972
04101973
04101974
04101975
04101976
04101977
04101978
04101979
04101980
04101981
04101982
04101983
04101984
04101985
04101986
04101987
04101988
04101989
04101990
04101991
04101992
04101993
04101994
04101995
04101996
04101997
04101998
04101999
04102000
04102001
04102002
04102003
04102004
04102005
04102006
04102007
04102008
04102009
04102010
04102011
04102012
04102013
04102014
04102015
04102016
04102017
04102018
04102019
04102020
04102021
04102022
04102023
04102024
04102025
04102026
04151960
04151961
04151962
04151963
04151964
04151965
04151966
04151967
04151968
04151969
04151970
04151971
04151972
04151973
04151974
04151975
04151976
04151977
04151978
04151979
04151980
04151981
04151982
04151983
04151984
04151985
04151986
04151987
04151988
04151989
04151990
04151991
04151992
04151993
04151994
04151995
04151996
04151997
04151998
04151999
04152000
04152001
04152002
04152003
04152004
04152005
04152006
04152007
04152008
04152009
04152010
04152011
04152012
04152013
04152014
04152015
04152016
04152017
04152018
04152019
04152020
04152021
04152022
04152023
04152024
04152025
04152026
04201960
04201961
04201962
04201963
04201964
04201965
04201966
04201967
04201968
04201969
04201970
04201971
04201972
04201973
04201974
04201975
04201976
04201977
04201978
04201979
04201980
04201981
04201982
04201983
04201984
04201985
04201986
04201987
04201988
04201989
04201990
04201991
04201992
04201993
04201994
04201995
04201996
04201997
04201998
04201999
04202000
04202001
04202002
04202003
04202004
04202005
04202006
04202007
04202008
04202009
04202010
04202011
04202012
04202013
04202014
04202015
04202016
04202017
04202018
04202019
04202020
04202021
04202022
04202023
04202024
04202025
04202026
04251960
04251961
04251962
04251963
04251964
04251965
04251966
04251967
04251968
04251969
04251970
04251971
04251972
04251973
04251974
04251975
04251976
04251977
04251978
04251979
04251980
04251981
04251982
04251983
04251984
04251985
04251986
04251987
04251988
04251989
04251990
04251991
04251992
04251993
04251994
04251995
04251996
04251997
04251998
04251999
04252000
04252001
04252002
04252003
04252004
04252005
04252006
04252007
04252008
04252009
04252010
04252011
04252012
04252013
04252014
04252015
04252016
04252017
04252018
04252019
04252020
04252021
04252022
04252023
04252024
04252025
04252026
05011960
05011961
05011962
05011963
05011964
05011965
05011966
05011967
05011968
05011969
05011970
05011971
05011972
05011973
05011974
05011975
05011976
05011977
05011978
05011979
05011980
05011981
05011982
05011983
05011984
05011985
05011986
05011987
05011988
05011989
05011990
05011991
05011992
05011993
05011994
05011995
05011996
05011997
05011998
05011999
05012000
05012001
05012002
05012003
05012004
05012005
05012006
05012007
05012008
05012009
05012010
05012011
05012012
05012013
05012014
05012015
05012016
05012017
05012018
05012019
05012020
05012021
05012022
05012023
05012024
05012025
05012026
05101960
05101961
05101962
05101963
05101964
05101965
05101966
05101967
05101968
05101969
05101970
05101971
05101972
05101973
05101974
05101975
05101976
05101977
05101978
05101979
05101980
05101981
05101982
05101983
05101984
05101985
05101986
05101987
05101988
05101989
05101990
05101991
05101992
05101993
05101994
05101995
05101996
05101997
05101998
05101999
05102000
05102001
05102002
05102003
05102004
05102005
05102006
05102007
05102008
05102009
05102010
05102011
05102012
05102013
05102014
05102015
05102016
05102017
05102018
05102019
05102020
05102021
05102022
05102023
05102024
05102025
05102026
05151960
05151961
05151962
05151963
05151964
05151965
05151966
05151967
05151968
05151969
05151970
05151971
05151972
05151973
05151974
05151975
05151976
05151977
05151978
05151979
05151980
05151981
05151982
05151983
05151984
05151985
05151986
05151987
05151988
05151989
05151990
05151991
05151992
05151993
05151994
05151995
05151996
05151997
05151998
05151999
05152000
05152001
05152002
05152003
05152004
05152005
05152006
05152007
05152008
05152009
05152010
05152011
05152012
05152013
05152014
05152015
05152016
05152017
05152018
05152019
05152020
05152021
05152022
05152023
05152024
05152025
05152026
05201960
05201961
05201962
05201963
05201964
05201965
05201966
05201967
05201968
05201969
05201970
05201971
05201972
05201973
05201974
05201975
05201976
05201977
05201978
05201979
05201980
05201981
05201982
05201983
05201984
05201985
05201986
05201987
05201988
05201989
05201990
05201991
05201992
05201993
05201994
05201995
05201996
05201997
05201998
05201999
05202000
05202001
05202002
05202003
05202004
05202005
05202006
05202007
05202008
05202009
05202010
05202011
05202012
05202013
05202014
05202015
05202016
05202017
05202018
05202019
05202020
05202021
05202022
05202023
05202024
05202025
05202026
05251960
05251961
05251962
05251963
05251964
05251965
05251966
05251967
05251968
05251969
05251970
05251971
05251972
05251973
05251974
05251975
05251976
05251977
05251978
05251979
05251980
05251981
05251982
05251983
05251984
05251985
05251986
05251987
05251988
05251989
05251990
05251991
05251992
05251993
05251994
05251995
05251996
05251997
05251998
05251999
05252000
05252001
05252002
05252003
05252004
05252005
05252006
05252007
05252008
05252009
05252010
05252011
05252012
05252013
05252014
05252015
05252016
05252017
05252018
05252019
05252020
05252021
05252022
05252023
05252024
05252025
05252026
0600000000
0600009973
0600019946
0600029919
0600039892
0600049865
0600059838
0600069811
0600079784
0600089757
0600099730
0600109703
0600119676
0600129649
0600139622
0600149595
0600159568
0600169541
0600179514
0600189487
0600199460
0600209433
0600219406
0600229379
0600239352
0600249325
0600259298
0600269271
0600279244
0600289217
0600299190
0600309163
0600319136
0600329109
0600339082
0600349055
0600359028
0600369001
0600378974
0600388947
0600398920
0600408893
0600418866
0600428839
0600438812
0600448785
0600458758
0600468731
0600478704
0600488677
0600498650
0600508623
0600518596
0600528569
0600538542
0600548515
0600558488
0600568461
0600578434
0600588407
0600598380
0600608353
0600618326
0600628299
0600638272
0600648245
0600658218
0600668191
0600678164
0600688137
0600698110
0600708083
0600718056
0600728029
0600738002
0600747975
0600757948
0600767921
0600777894
0600787867
0600797840
0600807813
0600817786
0600827759
0600837732
0600847705
0600857678
0600867651
0600877624
0600887597
0600897570
0600907543
0600917516
0600927489
0600937462
0600947435
0600957408
0600967381
0600977354
0600987327
0600997300
0601007273
0601017246
0601027219
0601037192
0601047165
0601057138
0601067111
0601077084
0601087057
0601097030
0601107003
0601116976
0601126949
0601136922
0601146895
0601156868
0601166841
0601176814
0601186787
06011960
06011961
06011962
06011963
06011964
06011965
06011966
06011967
0601196760
06011968
06011969
06011970
06011971
06011972
06011973
06011974
06011975
06011976
06011977
06011978
06011979
06011980
06011981
06011982
06011983
06011984
06011985
06011986
06011987
06011988
06011989
06011990
06011991
06011992
06011993
06011994
06011995
06011996
06011997
06011998
06011999
06012000
06012001
06012002
06012003
06012004
06012005
06012006
06012007
06012008
06012009
06012010
06012011
06012012
06012013
06012014
06012015
06012016
06012017
06012018
06012019
06012020
06012021
06012022
06012023
06012024
06012025
06012026
0601206733
0601216706
0601226679
0601236652
0601246625
0601256598
0601266571
0601276544
0601286517
0601296490
0601306463
0601316436
0601326409
0601336382
0601346355
0601356328
0601366301
0601376274
0601386247
0601396220
0601406193
0601416166
0601426139
0601436112
0601446085
0601456058
0601466031
0601476004
0601485977
0601495950
0601505923
0601515896
0601525869
0601535842
0601545815
0601555788
0601565761
0601575734
0601585707
0601595680
0601605653
0601615626
0601625599
0601635572
0601645545
0601655518
0601665491
0601675464
0601685437
0601695410
0601705383
0601715356
0601725329
0601735302
0601745275
0601755248
0601765221
0601775194
0601785167
0601795140
0601805113
0601815086
0601825059
0601835032
0601845005
0601854978
0601864951
0601874924
0601884897
0601894870
0601904843
0601914816
0601924789
0601934762
0601944735
0601954708
0601964681
0601974654
0601984627
0601994600
0602004573
0602014546
0602024519
0602034492
0602044465
0602054438
0602064411
0602074384
0602084357
0602094330
0602104303
0602114276
0602124249
0602134222
0602144195
0602154168
0602164141
0602174114
0602184087
0602194060
0602204033
0602214006
0602223979
0602233952
0602243925
0602253898
0602263871
0602273844
0602283817
0602293790
0602303763
0602313736
0602323709
0602333682
0602343655
0602353628
0602363601
0602373574
0602383547
0602393520
0602403493
0602413466
0602423439
0602433412
0602443385
0602453358
0602463331
0602473304
0602483277
0602493250
0602503223
0602513196
0602523169
0602533142
0602543115
0602553088
0602563061
0602573034
0602583007
0602592980
0602602953
0602612926
0602622899
0602632872
0602642845
0602652818
0602662791
0602672764
0602682737
0602692710
0602702683
0602712656
0602722629
0602732602
0602742575
0602752548
0602762521
0602772494
0602782467
0602792440
0602802413
0602812386
0602822359
0602832332
0602842305
0602852278
0602862251
0602872224
0602882197
0602892170
0602902143
0602912116
0602922089
0602932062
0602942035
0602952008
0602961981
0602971954
0602981927
0602991900
0603001873
0603011846
0603021819
0603031792
0603041765
0603051738
0603061711
0603071684
0603081657
0603091630
0603101603
0603111576
0603121549
0603131522
0603141495
0603151468
0603161441
0603171414
0603181387
0603191360
0603201333
0603211306
0603221279
0603231252
0603241225
0603251198
0603261171
0603271144
0603281117
0603291090
0603301063
0603311036
0603321009
0603330982
0603340955
0603350928
0603360901
0603370874
0603380847
0603390820
0603400793
0603410766
0603420739
0603430712
0603440685
0603450658
0603460631
0603470604
0603480577
0603490550
0603500523
0603510496
0603520469
0603530442
0603540415
0603550388
0603560361
0603570334
0603580307
0603590280
0603600253
0603610226
0603620199
0603630172
0603640145
0603650118
0603660091
0603670064
0603680037
0603690010
0603699983
0603709956
0603719929
0603729902
0603739875
0603749848
0603759821
0603769794
0603779767
0603789740
0603799713
0603809686
0603819659
0603829632
0603839605
0603849578
0603859551
0603869524
0603879497
0603889470
0603899443
0603909416
0603919389
0603929362
0603939335
0603949308
0603959281
0603969254
0603979227
0603989200
0603999173
0604009146
0604019119
0604029092
0604039065
0604049038
0604059011
0604068984
0604078957
0604088930
0604098903
0604108876
0604118849
0604128822
0604138795
0604148768
0604158741
0604168714
0604178687
0604188660
0604198633
0604208606
0604218579
0604228552
0604238525
0604248498
0604258471
0604268444
0604278417
0604288390
0604298363
0604308336
0604318309
0604328282
0604338255
0604348228
0604358201
0604368174
0604378147
0604388120
0604398093
0604408066
0604418039
0604428012
0604437985
0604447958
0604457931
0604467904
0604477877
0604487850
0604497823
0604507796
0604517769
0604527742
0604537715
0604547688
0604557661
0604567634
0604577607
0604587580
0604597553
0604607526
0604617499
0604627472
0604637445
0604647418
0604657391
0604667364
0604677337
0604687310
0604697283
0604707256
0604717229
0604727202
0604737175
0604747148
0604757121
0604767094
0604777067
0604787040
0604797013
0604806986
0604816959
0604826932
0604836905
0604846878
0604856851
0604866824
0604876797
0604886770
0604896743
0604906716
0604916689
0604926662
0604936635
0604946608
0604956581
0604966554
0604976527
0604986500
0604996473
0605006446
0605016419
0605026392
0605036365
0605046338
0605056311
0605066284
0605076257
0605086230
0605096203
0605106176
0605116149
0605126122
0605136095
0605146068
0605156041
0605166014
0605175987
0605185960
0605195933
0605205906
0605215879
0605225852
0605235825
0605245798
0605255771
0605265744
0605275717
0605285690
0605295663
0605305636
0605315609
0605325582
0605335555
0605345528
0605355501
0605365474
0605375447
0605385420
0605395393
0605405366
0605415339
0605425312
0605435285
0605445258
0605455231
0605465204
0605475177
0605485150
0605495123
0605505096
0605515069
0605525042
0605535015
0605544988
0605554961
0605564934
0605574907
0605584880
0605594853
0605604826
0605614799
0605624772
0605634745
0605644718
0605654691
0605664664
0605674637
0605684610
0605694583
0605704556
0605714529
0605724502
0605734475
0605744448
0605754421
0605764394
0605774367
0605784340
0605794313
0605804286
0605814259
0605824232
0605834205
0605844178
0605854151
0605864124
0605874097
0605884070
0605894043
0605904016
0605913989
0605923962
0605933935
0605943908
0605953881
0605963854
0605973827
0605983800
0605993773
0606003746
0606013719
0606023692
0606033665
0606043638
0606053611
0606063584
0606073557
0606083530
0606093503
0606103476
0606113449
0606123422
0606133395
0606143368
0606153341
0606163314
0606173287
0606183260
0606193233
0606203206
0606213179
0606223152
0606233125
0606243098
0606253071
0606263044
0606273017
0606282990
0606292963
0606302936
0606312909
0606322882
0606332855
0606342828
0606352801
0606362774
0606372747
0606382720
0606392693
0606402666
0606412639
0606422612
0606432585
0606442558
0606452531
0606462504
0606472477
0606482450
0606492423
0606502396
0606512369
0606522342
0606532315
0606542288
0606552261
0606562234
0606572207
0606582180
0606592153
0606602126
0606612099
0606622072
0606632045
0606642018
0606651991
0606661964
0606671937
0606681910
0606691883
0606701856
0606711829
0606721802
0606731775
0606741748
0606751721
0606761694
0606771667
0606781640
0606791613
0606801586
0606811559
0606821532
0606831505
0606841478
0606851451
0606861424
0606871397
0606881370
0606891343
0606901316
0606911289
0606921262
0606931235
0606941208
0606951181
0606961154
0606971127
0606981100
0606991073
0607001046
0607011019
0607020992
0607030965
0607040938
0607050911
0607060884
0607070857
0607080830
0607090803
0607100776
0607110749
0607120722
0607130695
0607140668
0607150641
0607160614
0607170587
0607180560
0607190533
0607200506
0607210479
0607220452
0607230425
0607240398
0607250371
0607260344
0607270317
0607280290
0607290263
0607300236
0607310209
0607320182
0607330155
0607340128
0607350101
0607360074
0607370047
0607380020
0607389993
0607399966
0607409939
0607419912
0607429885
0607439858
0607449831
0607459804
0607469777
0607479750
0607489723
0607499696
0607509669
0607519642
0607529615
0607539588
0607549561
0607559534
0607569507
0607579480
0607589453
0607599426
0607609399
0607619372
0607629345
0607639318
0607649291
0607659264
0607669237
0607679210
0607689183
0607699156
0607709129
0607719102
0607729075
0607739048
0607749021
0607758994
0607768967
0607778940
0607788913
0607798886
0607808859
0607818832
0607828805
0607838778
0607848751
0607858724
0607868697
0607878670
0607888643
0607898616
0607908589
0607918562
0607928535
0607938508
0607948481
0607958454
0607968427
0607978400
0607988373
0607998346
0608008319
0608018292
0608028265
0608038238
0608048211
0608058184
0608068157
0608078130
0608088103
0608098076
0608108049
0608118022
0608127995
0608137968
0608147941
0608157914
0608167887
0608177860
0608187833
0608197806
0608207779
0608217752
0608227725
0608237698
0608247671
0608257644
0608267617
0608277590
0608287563
0608297536
0608307509
0608317482
0608327455
0608337428
0608347401
0608357374
0608367347
0608377320
0608387293
0608397266
0608407239
0608417212
0608427185
0608437158
0608447131
0608457104
0608467077
0608477050
0608487023
0608496996
0608506969
0608516942
0608526915
0608536888
0608546861
0608556834
0608566807
0608576780
0608586753
0608596726
0608606699
0608616672
0608626645
0608636618
0608646591
0608656564
0608666537
0608676510
0608686483
0608696456
0608706429
0608716402
0608726375
0608736348
0608746321
0608756294
0608766267
0608776240
0608786213
0608796186
0608806159
0608816132
0608826105
0608836078
0608846051
0608856024
0608865997
0608875970
0608885943
0608895916
0608905889
0608915862
0608925835
0608935808
0608945781
0608955754
0608965727
0608975700
0608985673
0608995646
0609005619
0609015592
0609025565
0609035538
0609045511
0609055484
0609065457
0609075430
0609085403
0609095376
0609105349
0609115322
0609125295
0609135268
0609145241
0609155214
0609165187
0609175160
0609185133
0609195106
0609205079
0609215052
0609225025
0609234998
0609244971
0609254944
0609264917
0609274890
0609284863
0609294836
0609304809
0609314782
0609324755
0609334728
0609344701
0609354674
0609364647
0609374620
0609384593
0609394566
0609404539
0609414512
0609424485
0609434458
0609444431
0609454404
0609464377
0609474350
0609484323
0609494296
0609504269
0609514242
0609524215
0609534188
0609544161
0609554134
0609564107
0609574080
0609584053
0609594026
0609603999
0609613972
0609623945
0609633918
0609643891
0609653864
0609663837
0609673810
0609683783
0609693756
0609703729
0609713702
0609723675
0609733648
0609743621
0609753594
0609763567
0609773540
0609783513
0609793486
0609803459
0609813432
0609823405
0609833378
0609843351
0609853324
0609863297
0609873270
0609883243
0609893216
0609903189
0609913162
0609923135
0609933108
0609943081
0609953054
0609963027
0609973000
0609982973
0609992946
06101960
06101961
06101962
06101963
06101964
06101965
06101966
06101967
06101968
06101969
06101970
06101971
06101972
06101973
06101974
06101975
06101976
06101977
06101978
06101979
06101980
06101981
06101982
06101983
06101984
06101985
06101986
06101987
06101988
06101989
06101990
06101991
06101992
06101993
06101994
06101995
06101996
06101997
06101998
06101999
06102000
06102001
06102002
06102003
06102004
06102005
06102006
06102007
06102008
06102009
06102010
06102011
06102012
06102013
06102014
06102015
06102016
06102017
06102018
06102019
06102020
06102021
06102022
06102023
06102024
06102025
06102026
06151960
06151961
06151962
06151963
06151964
06151965
06151966
06151967
06151968
06151969
06151970
06151971
06151972
06151973
06151974
06151975
06151976
06151977
06151978
06151979
06151980
06151981
06151982
06151983
06151984
06151985
06151986
06151987
06151988
06151989
06151990
06151991
06151992
06151993
06151994
06151995
06151996
06151997
06151998
06151999
06152000
06152001
06152002
06152003
06152004
06152005
06152006
06152007
06152008
06152009
06152010
06152011
06152012
06152013
06152014
06152015
06152016
06152017
06152018
06152019
06152020
06152021
06152022
06152023
06152024
06152025
06152026
06201960
06201961
06201962
06201963
06201964
06201965
06201966
06201967
06201968
06201969
06201970
06201971
06201972
06201973
06201974
06201975
06201976
06201977
06201978
06201979
06201980
06201981
06201982
06201983
06201984
06201985
06201986
06201987
06201988
06201989
06201990
06201991
06201992
06201993
06201994
06201995
06201996
06201997
06201998
06201999
06202000
06202001
06202002
06202003
06202004
06202005
06202006
06202007
06202008
06202009
06202010
06202011
06202012
06202013
06202014
06202015
06202016
06202017
06202018
06202019
06202020
06202021
06202022
06202023
06202024
06202025
06202026
06251960
06251961
06251962
06251963
06251964
06251965
06251966
06251967
06251968
06251969
06251970
06251971
06251972
06251973
06251974
06251975
06251976
06251977
06251978
06251979
06251980
06251981
06251982
06251983
06251984
06251985
06251986
06251987
06251988
06251989
06251990
06251991
06251992
06251993
06251994
06251995
06251996
06251997
06251998
06251999
06252000
06252001
06252002
06252003
06252004
06252005
06252006
06252007
06252008
06252009
06252010
06252011
06252012
06252013
06252014
06252015
06252016
06252017
06252018
06252019
06252020
06252021
06252022
06252023
06252024
06252025
06252026
0700000000
0700009973
0700019946
0700029919
0700039892
0700049865
0700059838
0700069811
0700079784
0700089757
0700099730
0700109703
0700119676
0700129649
0700139622
0700149595
0700159568
0700169541
0700179514
0700189487
0700199460
0700209433
0700219406
0700229379
0700239352
0700249325
0700259298
0700269271
0700279244
0700289217
0700299190
0700309163
0700319136
0700329109
0700339082
0700349055
0700359028
0700369001
0700378974
0700388947
0700398920
0700408893
0700418866
0700428839
0700438812
0700448785
0700458758
0700468731
0700478704
0700488677
0700498650
0700508623
0700518596
0700528569
0700538542
0700548515
0700558488
0700568461
0700578434
0700588407
0700598380
0700608353
0700618326
0700628299
0700638272
0700648245
0700658218
0700668191
0700678164
0700688137
0700698110
0700708083
0700718056
0700728029
0700738002
0700747975
0700757948
0700767921
0700777894
0700787867
0700797840
0700807813
0700817786
0700827759
0700837732
0700847705
0700857678
0700867651
0700877624
0700887597
0700897570
0700907543
0700917516
0700927489
0700937462
0700947435
0700957408
0700967381
0700977354
0700987327
0700997300
0701007273
0701017246
0701027219
0701037192
0701047165
0701057138
0701067111
0701077084
0701087057
0701097030
0701107003
0701116976
0701126949
0701136922
0701146895
0701156868
0701166841
0701176814
0701186787
07011960
07011961
07011962
07011963
07011964
07011965
07011966
07011967
0701196760
07011968
07011969
07011970
07011971
07011972
07011973
07011974
07011975
07011976
07011977
07011978
07011979
07011980
07011981
07011982
07011983
07011984
07011985
07011986
07011987
07011988
07011989
07011990
07011991
07011992
07011993
07011994
07011995
07011996
07011997
07011998
07011999
07012000
07012001
07012002
07012003
07012004
07012005
07012006
07012007
07012008
07012009
07012010
07012011
07012012
07012013
07012014
07012015
07012016
07012017
07012018
07012019
07012020
07012021
07012022
07012023
07012024
07012025
07012026
0701206733
0701216706
0701226679
0701236652
0701246625
0701256598
0701266571
0701276544
0701286517
0701296490
0701306463
0701316436
0701326409
0701336382
0701346355
0701356328
0701366301
0701376274
0701386247
0701396220
0701406193
0701416166
0701426139
0701436112
0701446085
0701456058
0701466031
0701476004
0701485977
0701495950
0701505923
0701515896
0701525869
0701535842
0701545815
0701555788
0701565761
0701575734
0701585707
0701595680
0701605653
0701615626
0701625599
0701635572
0701645545
0701655518
0701665491
0701675464
0701685437
0701695410
0701705383
0701715356
0701725329
0701735302
0701745275
0701755248
0701765221
0701775194
0701785167
0701795140
0701805113
0701815086
0701825059
0701835032
0701845005
0701854978
0701864951
0701874924
0701884897
0701894870
0701904843
0701914816
0701924789
0701934762
0701944735
0701954708
0701964681
0701974654
0701984627
0701994600
0702004573
0702014546
0702024519
0702034492
0702044465
0702054438
0702064411
0702074384
0702084357
0702094330
0702104303
0702114276
0702124249
0702134222
0702144195
0702154168
0702164141
0702174114
0702184087
0702194060
0702204033
0702214006
0702223979
0702233952
0702243925
0702253898
0702263871
0702273844
0702283817
0702293790
0702303763
0702313736
0702323709
0702333682
0702343655
0702353628
0702363601
0702373574
0702383547
0702393520
0702403493
0702413466
0702423439
0702433412
0702443385
0702453358
0702463331
0702473304
0702483277
0702493250
0702503223
0702513196
0702523169
0702533142
0702543115
0702553088
0702563061
0702573034
0702583007
0702592980
0702602953
0702612926
0702622899
0702632872
0702642845
0702652818
0702662791
0702672764
0702682737
0702692710
0702702683
0702712656
0702722629
0702732602
0702742575
0702752548
0702762521
0702772494
0702782467
0702792440
0702802413
0702812386
0702822359
0702832332
0702842305
0702852278
0702862251
0702872224
0702882197
0702892170
0702902143
0702912116
0702922089
0702932062
0702942035
0702952008
0702961981
0702971954
0702981927
0702991900
0703001873
0703011846
0703021819
0703031792
0703041765
0703051738
0703061711
0703071684
0703081657
0703091630
0703101603
0703111576
0703121549
0703131522
0703141495
0703151468
0703161441
0703171414
0703181387
0703191360
0703201333
0703211306
0703221279
0703231252
0703241225
0703251198
0703261171
0703271144
0703281117
0703291090
0703301063
0703311036
0703321009
0703330982
0703340955
0703350928
0703360901
0703370874
0703380847
0703390820
0703400793
0703410766
0703420739
0703430712
0703440685
0703450658
0703460631
0703470604
0703480577
0703490550
0703500523
0703510496
0703520469
0703530442
0703540415
0703550388
0703560361
0703570334
0703580307
0703590280
0703600253
0703610226
0703620199
0703630172
0703640145
0703650118
0703660091
0703670064
0703680037
0703690010
0703699983
0703709956
0703719929
0703729902
0703739875
0703749848
0703759821
0703769794
0703779767
0703789740
0703799713
0703809686
0703819659
0703829632
0703839605
0703849578
0703859551
0703869524
0703879497
0703889470
0703899443
0703909416
0703919389
0703929362
0703939335
0703949308
0703959281
0703969254
0703979227
0703989200
0703999173
0704009146
0704019119
0704029092
0704039065
0704049038
0704059011
0704068984
0704078957
0704088930
0704098903
0704108876
0704118849
0704128822
0704138795
0704148768
0704158741
0704168714
0704178687
0704188660
0704198633
0704208606
0704218579
0704228552
0704238525
0704248498
0704258471
0704268444
0704278417
0704288390
0704298363
0704308336
0704318309
0704328282
0704338255
0704348228
0704358201
0704368174
0704378147
0704388120
0704398093
0704408066
0704418039
0704428012
0704437985
0704447958
0704457931
0704467904
0704477877
0704487850
0704497823
0704507796
0704517769
0704527742
0704537715
0704547688
0704557661
0704567634
0704577607
0704587580
0704597553
0704607526
0704617499
0704627472
0704637445
0704647418
0704657391
0704667364
0704677337
0704687310
0704697283
0704707256
0704717229
0704727202
0704737175
0704747148
0704757121
0704767094
0704777067
0704787040
0704797013
0704806986
0704816959
0704826932
0704836905
0704846878
0704856851
0704866824
0704876797
0704886770
0704896743
0704906716
0704916689
0704926662
0704936635
0704946608
0704956581
0704966554
0704976527
0704986500
0704996473
0705006446
0705016419
0705026392
0705036365
0705046338
0705056311
0705066284
0705076257
0705086230
0705096203
0705106176
0705116149
0705126122
0705136095
0705146068
0705156041
0705166014
0705175987
0705185960
0705195933
0705205906
0705215879
0705225852
0705235825
0705245798
0705255771
0705265744
0705275717
0705285690
0705295663
0705305636
0705315609
0705325582
0705335555
0705345528
0705355501
0705365474
0705375447
0705385420
0705395393
0705405366
0705415339
0705425312
0705435285
0705445258
0705455231
0705465204
0705475177
0705485150
0705495123
0705505096
0705515069
0705525042
0705535015
0705544988
0705554961
0705564934
0705574907
0705584880
0705594853
0705604826
0705614799
0705624772
0705634745
0705644718
0705654691
0705664664
0705674637
0705684610
0705694583
0705704556
0705714529
0705724502
0705734475
0705744448
0705754421
0705764394
0705774367
0705784340
0705794313
0705804286
0705814259
0705824232
0705834205
0705844178
0705854151
0705864124
0705874097
0705884070
0705894043
0705904016
0705913989
0705923962
0705933935
0705943908
0705953881
0705963854
0705973827
0705983800
0705993773
0706003746
0706013719
0706023692
0706033665
0706043638
0706053611
0706063584
0706073557
0706083530
0706093503
0706103476
0706113449
0706123422
0706133395
0706143368
0706153341
0706163314
0706173287
0706183260
0706193233
0706203206
0706213179
0706223152
0706233125
0706243098
0706253071
0706263044
0706273017
0706282990
0706292963
0706302936
0706312909
0706322882
0706332855
0706342828
0706352801
0706362774
0706372747
0706382720
0706392693
0706402666
0706412639
0706422612
0706432585
0706442558
0706452531
0706462504
0706472477
0706482450
0706492423
0706502396
0706512369
0706522342
0706532315
0706542288
0706552261
0706562234
0706572207
0706582180
0706592153
0706602126
0706612099
0706622072
0706632045
0706642018
0706651991
0706661964
0706671937
0706681910
0706691883
0706701856
0706711829
0706721802
0706731775
0706741748
0706751721
0706761694
0706771667
0706781640
0706791613
0706801586
0706811559
0706821532
0706831505
0706841478
0706851451
0706861424
0706871397
0706881370
0706891343
0706901316
0706911289
0706921262
0706931235
0706941208
0706951181
0706961154
0706971127
0706981100
0706991073
0707001046
0707011019
0707020992
0707030965
0707040938
0707050911
0707060884
0707070857
0707080830
0707090803
0707100776
0707110749
0707120722
0707130695
0707140668
0707150641
0707160614
0707170587
0707180560
0707190533
0707200506
0707210479
0707220452
0707230425
0707240398
0707250371
0707260344
0707270317
0707280290
0707290263
0707300236
0707310209
0707320182
0707330155
0707340128
0707350101
0707360074
0707370047
0707380020
0707389993
0707399966
0707409939
0707419912
0707429885
0707439858
0707449831
0707459804
0707469777
0707479750
0707489723
0707499696
0707509669
0707519642
0707529615
0707539588
0707549561
0707559534
0707569507
0707579480
0707589453
0707599426
0707609399
0707619372
0707629345
0707639318
0707649291
0707659264
0707669237
0707679210
0707689183
0707699156
0707709129
0707719102
0707729075
0707739048
0707749021
0707758994
0707768967
0707778940
0707788913
0707798886
0707808859
0707818832
0707828805
0707838778
0707848751
0707858724
0707868697
0707878670
0707888643
0707898616
0707908589
0707918562
0707928535
0707938508
0707948481
0707958454
0707968427
0707978400
0707988373
0707998346
0708008319
0708018292
0708028265
0708038238
0708048211
0708058184
0708068157
0708078130
0708088103
0708098076
0708108049
0708118022
0708127995
0708137968
0708147941
0708157914
0708167887
0708177860
0708187833
0708197806
0708207779
0708217752
0708227725
0708237698
0708247671
0708257644
0708267617
0708277590
0708287563
0708297536
0708307509
0708317482
0708327455
0708337428
0708347401
0708357374
0708367347
0708377320
0708387293
0708397266
0708407239
0708417212
0708427185
0708437158
0708447131
0708457104
0708467077
0708477050
0708487023
0708496996
0708506969
0708516942
0708526915
0708536888
0708546861
0708556834
0708566807
0708576780
0708586753
0708596726
0708606699
0708616672
0708626645
0708636618
0708646591
0708656564
0708666537
0708676510
0708686483
0708696456
0708706429
0708716402
0708726375
0708736348
0708746321
0708756294
0708766267
0708776240
0708786213
0708796186
0708806159
0708816132
0708826105
0708836078
0708846051
0708856024
0708865997
0708875970
0708885943
0708895916
0708905889
0708915862
0708925835
0708935808
0708945781
0708955754
0708965727
0708975700
0708985673
0708995646
0709005619
0709015592
0709025565
0709035538
0709045511
0709055484
0709065457
0709075430
0709085403
0709095376
0709105349
0709115322
0709125295
0709135268
0709145241
0709155214
0709165187
0709175160
0709185133
0709195106
0709205079
0709215052
0709225025
0709234998
0709244971
0709254944
0709264917
0709274890
0709284863
0709294836
0709304809
0709314782
0709324755
0709334728
0709344701
0709354674
0709364647
0709374620
0709384593
0709394566
0709404539
0709414512
0709424485
0709434458
0709444431
0709454404
0709464377
0709474350
0709484323
0709494296
0709504269
0709514242
0709524215
0709534188
0709544161
0709554134
0709564107
0709574080
0709584053
0709594026
0709603999
0709613972
0709623945
0709633918
0709643891
0709653864
0709663837
0709673810
0709683783
0709693756
0709703729
0709713702
0709723675
0709733648
0709743621
0709753594
0709763567
0709773540
0709783513
0709793486
0709803459
0709813432
0709823405
0709833378
0709843351
0709853324
0709863297
0709873270
0709883243
0709893216
0709903189
0709913162
0709923135
0709933108
0709943081
0709953054
0709963027
0709973000
0709982973
0709992946
07101960
07101961
07101962
07101963
07101964
07101965
07101966
07101967
07101968
07101969
07101970
07101971
07101972
07101973
07101974
07101975
07101976
07101977
07101978
07101979
07101980
07101981
07101982
07101983
07101984
07101985
07101986
07101987
07101988
07101989
07101990
07101991
07101992
07101993
07101994
07101995
07101996
07101997
07101998
07101999
07102000
07102001
07102002
07102003
07102004
07102005
07102006
07102007
07102008
07102009
07102010
07102011
07102012
07102013
07102014
07102015
07102016
07102017
07102018
07102019
07102020
07102021
07102022
07102023
07102024
07102025
07102026
07151960
07151961
07151962
07151963
07151964
07151965
07151966
07151967
07151968
07151969
07151970
07151971
07151972
07151973
07151974
07151975
07151976
07151977
07151978
07151979
07151980
07151981
07151982
07151983
07151984
07151985
07151986
07151987
07151988
07151989
07151990
07151991
07151992
07151993
07151994
07151995
07151996
07151997
07151998
07151999
07152000
07152001
07152002
07152003
07152004
07152005
07152006
07152007
07152008
07152009
07152010
07152011
07152012
07152013
07152014
07152015
07152016
07152017
07152018
07152019
07152020
07152021
07152022
07152023
07152024
07152025
07152026
07201960
07201961
07201962
07201963
07201964
07201965
07201966
07201967
07201968
07201969
07201970
07201971
07201972
07201973
07201974
07201975
07201976
07201977
07201978
07201979
07201980
07201981
07201982
07201983
07201984
07201985
07201986
07201987
07201988
07201989
07201990
07201991
07201992
07201993
07201994
07201995
07201996
07201997
07201998
07201999
07202000
07202001
07202002
07202003
07202004
07202005
07202006
07202007
07202008
07202009
07202010
07202011
07202012
07202013
07202014
07202015
07202016
07202017
07202018
07202019
07202020
07202021
07202022
07202023
07202024
07202025
07202026
07251960
07251961
07251962
07251963
07251964
07251965
07251966
07251967
07251968
07251969
07251970
07251971
07251972
07251973
07251974
07251975
07251976
07251977
07251978
07251979
07251980
07251981
07251982
07251983
07251984
07251985
07251986
07251987
07251988
07251989
07251990
07251991
07251992
07251993
07251994
07251995
07251996
07251997
07251998
07251999
07252000
07252001
07252002
07252003
07252004
07252005
07252006
07252007
07252008
07252009
07252010
07252011
07252012
07252013
07252014
07252015
07252016
07252017
07252018
07252019
07252020
07252021
07252022
07252023
07252024
07252025
07252026
0800000000
0800009973
0800019946
0800029919
0800039892
0800049865
0800059838
0800069811
0800079784
0800089757
0800099730
0800109703
0800119676
0800129649
0800139622
0800149595
0800159568
0800169541
0800179514
0800189487
0800199460
0800209433
0800219406
0800229379
0800239352
0800249325
0800259298
0800269271
0800279244
0800289217
0800299190
0800309163
0800319136
0800329109
0800339082
0800349055
0800359028
0800369001
0800378974
0800388947
0800398920
0800408893
0800418866
0800428839
0800438812
0800448785
0800458758
0800468731
0800478704
0800488677
0800498650
0800508623
0800518596
0800528569
0800538542
0800548515
0800558488
0800568461
0800578434
0800588407
0800598380
0800608353
0800618326
0800628299
0800638272
0800648245
0800658218
0800668191
0800678164
0800688137
0800698110
0800708083
0800718056
0800728029
0800738002
0800747975
0800757948
0800767921
0800777894
0800787867
0800797840
0800807813
0800817786
0800827759
0800837732
0800847705
0800857678
0800867651
0800877624
0800887597
0800897570
0800907543
0800917516
0800927489
0800937462
0800947435
0800957408
0800967381
0800977354
0800987327
0800997300
0801007273
0801017246
0801027219
0801037192
0801047165
0801057138
0801067111
0801077084
0801087057
0801097030
0801107003
0801116976
0801126949
0801136922
0801146895
0801156868
0801166841
0801176814
0801186787
08011960
08011961
08011962
08011963
08011964
08011965
08011966
08011967
0801196760
08011968
08011969
08011970
08011971
08011972
08011973
08011974
08011975
08011976
08011977
08011978
08011979
08011980
08011981
08011982
08011983
08011984
08011985
08011986
08011987
08011988
08011989
08011990
08011991
08011992
08011993
08011994
08011995
08011996
08011997
08011998
08011999
08012000
08012001
08012002
08012003
08012004
08012005
08012006
08012007
08012008
08012009
08012010
08012011
08012012
08012013
08012014
08012015
08012016
08012017
08012018
08012019
08012020
08012021
08012022
08012023
08012024
08012025
08012026
0801206733
0801216706
0801226679
0801236652
0801246625
0801256598
0801266571
0801276544
0801286517
0801296490
0801306463
0801316436
0801326409
0801336382
0801346355
0801356328
0801366301
0801376274
0801386247
0801396220
0801406193
0801416166
0801426139
0801436112
0801446085
0801456058
0801466031
0801476004
0801485977
0801495950
0801505923
0801515896
0801525869
0801535842
0801545815
0801555788
0801565761
0801575734
0801585707
0801595680
0801605653
0801615626
0801625599
0801635572
0801645545
0801655518
0801665491
0801675464
0801685437
0801695410
0801705383
0801715356
0801725329
0801735302
0801745275
0801755248
0801765221
0801775194
0801785167
0801795140
0801805113
0801815086
0801825059
0801835032
0801845005
0801854978
0801864951
0801874924
0801884897
0801894870
0801904843
0801914816
0801924789
0801934762
0801944735
0801954708
0801964681
0801974654
0801984627
0801994600
0802004573
0802014546
0802024519
0802034492
0802044465
0802054438
0802064411
0802074384
0802084357
0802094330
0802104303
0802114276
0802124249
0802134222
0802144195
0802154168
0802164141
0802174114
0802184087
0802194060
0802204033
0802214006
0802223979
0802233952
0802243925
0802253898
0802263871
0802273844
0802283817
0802293790
0802303763
0802313736
0802323709
0802333682
0802343655
0802353628
0802363601
0802373574
0802383547
0802393520
0802403493
0802413466
0802423439
0802433412
0802443385
0802453358
0802463331
0802473304
0802483277
0802493250
0802503223
0802513196
0802523169
0802533142
0802543115
0802553088
0802563061
0802573034
0802583007
0802592980
0802602953
0802612926
0802622899
0802632872
0802642845
0802652818
0802662791
0802672764
0802682737
0802692710
0802702683
0802712656
0802722629
0802732602
0802742575
0802752548
0802762521
0802772494
0802782467
0802792440
0802802413
0802812386
0802822359
0802832332
0802842305
0802852278
0802862251
0802872224
0802882197
0802892170
0802902143
0802912116
0802922089
0802932062
0802942035
0802952008
0802961981
0802971954
0802981927
0802991900
0803001873
0803011846
0803021819
0803031792
0803041765
0803051738
0803061711
0803071684
0803081657
0803091630
0803101603
0803111576
0803121549
0803131522
0803141495
0803151468
0803161441
0803171414
0803181387
0803191360
0803201333
0803211306
0803221279
0803231252
0803241225
0803251198
0803261171
0803271144
0803281117
0803291090
0803301063
0803311036
0803321009
0803330982
0803340955
0803350928
0803360901
0803370874
0803380847
0803390820
0803400793
0803410766
0803420739
0803430712
0803440685
0803450658
0803460631
0803470604
0803480577
0803490550
0803500523
0803510496
0803520469
0803530442
0803540415
0803550388
0803560361
0803570334
0803580307
0803590280
0803600253
0803610226
0803620199
0803630172
0803640145
0803650118
0803660091
0803670064
0803680037
0803690010
0803699983
0803709956
0803719929
0803729902
0803739875
0803749848
0803759821
0803769794
0803779767
0803789740
0803799713
0803809686
0803819659
0803829632
0803839605
0803849578
0803859551
0803869524
0803879497
0803889470
0803899443
0803909416
0803919389
0803929362
0803939335
0803949308
0803959281
0803969254
0803979227
0803989200
0803999173
0804009146
0804019119
0804029092
0804039065
0804049038
0804059011
0804068984
0804078957
0804088930
0804098903
0804108876
0804118849
0804128822
0804138795
0804148768
0804158741
0804168714
0804178687
0804188660
0804198633
0804208606
0804218579
0804228552
0804238525
0804248498
0804258471
0804268444
0804278417
0804288390
0804298363
0804308336
0804318309
0804328282
0804338255
0804348228
0804358201
0804368174
0804378147
0804388120
0804398093
0804408066
0804418039
0804428012
0804437985
0804447958
0804457931
0804467904
0804477877
0804487850
0804497823
0804507796
0804517769
0804527742
0804537715
0804547688
0804557661
0804567634
0804577607
0804587580
0804597553
0804607526
0804617499
0804627472
0804637445
0804647418
0804657391
0804667364
0804677337
0804687310
0804697283
0804707256
0804717229
0804727202
0804737175
0804747148
0804757121
0804767094
0804777067
0804787040
0804797013
0804806986
0804816959
0804826932
0804836905
0804846878
0804856851
0804866824
0804876797
0804886770
0804896743
0804906716
0804916689
0804926662
0804936635
0804946608
0804956581
0804966554
0804976527
0804986500
0804996473
0805006446
0805016419
0805026392
0805036365
0805046338
0805056311
0805066284
0805076257
0805086230
0805096203
0805106176
0805116149
0805126122
0805136095
0805146068
0805156041
0805166014
0805175987
0805185960
0805195933
0805205906
0805215879
0805225852
0805235825
0805245798
0805255771
0805265744
0805275717
0805285690
0805295663
0805305636
0805315609
0805325582
0805335555
0805345528
0805355501
0805365474
0805375447
0805385420
0805395393
0805405366
0805415339
0805425312
0805435285
0805445258
0805455231
0805465204
0805475177
0805485150
0805495123
0805505096
0805515069
0805525042
0805535015
0805544988
0805554961
0805564934
0805574907
0805584880
0805594853
0805604826
0805614799
0805624772
0805634745
0805644718
0805654691
0805664664
0805674637
0805684610
0805694583
0805704556
0805714529
0805724502
0805734475
0805744448
0805754421
0805764394
0805774367
0805784340
0805794313
0805804286
0805814259
0805824232
0805834205
0805844178
0805854151
0805864124
0805874097
0805884070
0805894043
0805904016
0805913989
0805923962
0805933935
0805943908
0805953881
0805963854
0805973827
0805983800
0805993773
0806003746
0806013719
0806023692
0806033665
0806043638
0806053611
0806063584
0806073557
0806083530
0806093503
0806103476
0806113449
0806123422
0806133395
0806143368
0806153341
0806163314
0806173287
0806183260
0806193233
0806203206
0806213179
0806223152
0806233125
0806243098
0806253071
0806263044
0806273017
0806282990
0806292963
0806302936
0806312909
0806322882
0806332855
0806342828
0806352801
0806362774
0806372747
0806382720
0806392693
0806402666
0806412639
0806422612
0806432585
0806442558
0806452531
0806462504
0806472477
0806482450
0806492423
0806502396
0806512369
0806522342
0806532315
0806542288
0806552261
0806562234
0806572207
0806582180
0806592153
0806602126
0806612099
0806622072
0806632045
0806642018
0806651991
0806661964
0806671937
0806681910
0806691883
0806701856
0806711829
0806721802
0806731775
0806741748
0806751721
0806761694
0806771667
0806781640
0806791613
0806801586
0806811559
0806821532
0806831505
0806841478
0806851451
0806861424
0806871397
0806881370
0806891343
0806901316
0806911289
0806921262
0806931235
0806941208
0806951181
0806961154
0806971127
0806981100
0806991073
0807001046
0807011019
0807020992
0807030965
0807040938
0807050911
0807060884
0807070857
0807080830
0807090803
0807100776
0807110749
0807120722
0807130695
0807140668
0807150641
0807160614
0807170587
0807180560
0807190533
0807200506
0807210479
0807220452
0807230425
0807240398
0807250371
0807260344
0807270317
0807280290
0807290263
0807300236
0807310209
0807320182
0807330155
0807340128
0807350101
0807360074
0807370047
0807380020
0807389993
0807399966
0807409939
0807419912
0807429885
0807439858
0807449831
0807459804
0807469777
0807479750
0807489723
0807499696
0807509669
0807519642
0807529615
0807539588
0807549561
0807559534
0807569507
0807579480
0807589453
0807599426
0807609399
0807619372
0807629345
0807639318
0807649291
0807659264
0807669237
0807679210
0807689183
0807699156
0807709129
0807719102
0807729075
0807739048
0807749021
0807758994
0807768967
0807778940
0807788913
0807798886
0807808859
0807818832
0807828805
0807838778
0807848751
0807858724
0807868697
0807878670
0807888643
0807898616
0807908589
0807918562
0807928535
0807938508
0807948481
0807958454
0807968427
0807978400
0807988373
0807998346
0808008319
0808018292
0808028265
0808038238
0808048211
0808058184
0808068157
0808078130
0808088103
0808098076
0808108049
0808118022
0808127995
0808137968
0808147941
0808157914
0808167887
0808177860
0808187833
0808197806
0808207779
0808217752
0808227725
0808237698
0808247671
0808257644
0808267617
0808277590
0808287563
0808297536
0808307509
0808317482
0808327455
0808337428
0808347401
0808357374
0808367347
0808377320
0808387293
0808397266
0808407239
0808417212
0808427185
0808437158
0808447131
0808457104
0808467077
0808477050
0808487023
0808496996
0808506969
0808516942
0808526915
0808536888
0808546861
0808556834
0808566807
0808576780
0808586753
0808596726
0808606699
0808616672
0808626645
0808636618
0808646591
0808656564
0808666537
0808676510
0808686483
0808696456
0808706429
0808716402
0808726375
0808736348
0808746321
0808756294
0808766267
0808776240
0808786213
0808796186
0808806159
0808816132
0808826105
0808836078
0808846051
0808856024
0808865997
0808875970
0808885943
0808895916
0808905889
0808915862
0808925835
0808935808
0808945781
0808955754
0808965727
0808975700
0808985673
0808995646
0809005619
0809015592
0809025565
0809035538
0809045511
0809055484
0809065457
0809075430
0809085403
0809095376
0809105349
0809115322
0809125295
0809135268
0809145241
0809155214
0809165187
0809175160
0809185133
0809195106
0809205079
0809215052
0809225025
0809234998
0809244971
0809254944
0809264917
0809274890
0809284863
0809294836
0809304809
0809314782
0809324755
0809334728
0809344701
0809354674
0809364647
0809374620
0809384593
0809394566
0809404539
0809414512
0809424485
0809434458
0809444431
0809454404
0809464377
0809474350
0809484323
0809494296
0809504269
0809514242
0809524215
0809534188
0809544161
0809554134
0809564107
0809574080
0809584053
0809594026
0809603999
0809613972
0809623945
0809633918
0809643891
0809653864
0809663837
0809673810
0809683783
0809693756
0809703729
0809713702
0809723675
0809733648
0809743621
0809753594
0809763567
0809773540
0809783513
0809793486
0809803459
0809813432
0809823405
0809833378
0809843351
0809853324
0809863297
0809873270
0809883243
0809893216
0809903189
0809913162
0809923135
0809933108
0809943081
0809953054
0809963027
0809973000
0809982973
0809992946
08101960
08101961
08101962
08101963
08101964
08101965
08101966
08101967
08101968
08101969
08101970
08101971
08101972
08101973
08101974
08101975
08101976
08101977
08101978
08101979
08101980
08101981
08101982
08101983
08101984
08101985
08101986
08101987
08101988
08101989
08101990
08101991
08101992
08101993
08101994
08101995
08101996
08101997
08101998
08101999
08102000
08102001
08102002
08102003
08102004
08102005
08102006
08102007
08102008
08102009
08102010
08102011
08102012
08102013
08102014
08102015
08102016
08102017
08102018
08102019
08102020
08102021
08102022
08102023
08102024
08102025
08102026
08151960
08151961
08151962
08151963
08151964
08151965
08151966
08151967
08151968
08151969
08151970
08151971
08151972
08151973
08151974
08151975
08151976
08151977
08151978
08151979
08151980
08151981
08151982
08151983
08151984
08151985
08151986
08151987
08151988
08151989
08151990
08151991
08151992
08151993
08151994
08151995
08151996
08151997
08151998
08151999
08152000
08152001
08152002
08152003
08152004
08152005
08152006
08152007
08152008
08152009
08152010
08152011
08152012
08152013
08152014
08152015
08152016
08152017
08152018
08152019
08152020
08152021
08152022
08152023
08152024
08152025
08152026
08201960
08201961
08201962
08201963
08201964
08201965
08201966
08201967
08201968
08201969
08201970
08201971
08201972
08201973
08201974
08201975
08201976
08201977
08201978
08201979
08201980
08201981
08201982
08201983
08201984
08201985
08201986
08201987
08201988
08201989
08201990
08201991
08201992
08201993
08201994
08201995
08201996
08201997
08201998
08201999
08202000
08202001
08202002
08202003
08202004
08202005
08202006
08202007
08202008
08202009
08202010
08202011
08202012
08202013
08202014
08202015
08202016
08202017
08202018
08202019
08202020
08202021
08202022
08202023
08202024
08202025
08202026
08251960
08251961
08251962
08251963
08251964
08251965
08251966
08251967
08251968
08251969
08251970
08251971
08251972
08251973
08251974
08251975
08251976
08251977
08251978
08251979
08251980
08251981
08251982
08251983
08251984
08251985
08251986
08251987
08251988
08251989
08251990
08251991
08251992
08251993
08251994
08251995
08251996
08251997
08251998
08251999
08252000
08252001
08252002
08252003
08252004
08252005
08252006
08252007
08252008
08252009
08252010
08252011
08252012
08252013
08252014
08252015
08252016
08252017
08252018
08252019
08252020
08252021
08252022
08252023
08252024
08252025
08252026
0900000000
0900009973
0900019946
0900029919
0900039892
0900049865
0900059838
0900069811
0900079784
0900089757
0900099730
0900109703
0900119676
0900129649
0900139622
0900149595
0900159568
0900169541
0900179514
0900189487
0900199460
0900209433
0900219406
0900229379
0900239352
0900249325
0900259298
0900269271
0900279244
0900289217
0900299190
0900309163
0900319136
0900329109
0900339082
0900349055
0900359028
0900369001
0900378974
0900388947
0900398920
0900408893
0900418866
0900428839
0900438812
0900448785
0900458758
0900468731
0900478704
0900488677
0900498650
0900508623
0900518596
0900528569
0900538542
0900548515
0900558488
0900568461
0900578434
0900588407
0900598380
0900608353
0900618326
0900628299
0900638272
0900648245
0900658218
0900668191
0900678164
0900688137
0900698110
0900708083
0900718056
0900728029
0900738002
0900747975
0900757948
0900767921
0900777894
0900787867
0900797840
0900807813
0900817786
0900827759
0900837732
0900847705
0900857678
0900867651
0900877624
0900887597
0900897570
0900907543
0900917516
0900927489
0900937462
0900947435
0900957408
0900967381
0900977354
0900987327
0900997300
0901007273
0901017246
0901027219
0901037192
0901047165
0901057138
0901067111
0901077084
0901087057
0901097030
0901107003
0901116976
0901126949
0901136922
0901146895
0901156868
0901166841
0901176814
0901186787
09011960
09011961
09011962
09011963
09011964
09011965
09011966
09011967
0901196760
09011968
09011969
09011970
09011971
09011972
09011973
09011974
09011975
09011976
09011977
09011978
09011979
09011980
09011981
09011982
09011983
09011984
09011985
09011986
09011987
09011988
09011989
09011990
09011991
09011992
09011993
09011994
09011995
09011996
09011997
09011998
09011999
09012000
09012001
09012002
09012003
09012004
09012005
09012006
09012007
09012008
09012009
09012010
09012011
09012012
09012013
09012014
09012015
09012016
09012017
09012018
09012019
09012020
09012021
09012022
09012023
09012024
09012025
09012026
0901206733
0901216706
0901226679
0901236652
0901246625
0901256598
0901266571
0901276544
0901286517
0901296490
0901306463
0901316436
0901326409
0901336382
0901346355
0901356328
0901366301
0901376274
0901386247
0901396220
0901406193
0901416166
0901426139
0901436112
0901446085
0901456058
0901466031
0901476004
0901485977
0901495950
0901505923
0901515896
0901525869
0901535842
0901545815
0901555788
0901565761
0901575734
0901585707
0901595680
0901605653
0901615626
0901625599
0901635572
0901645545
0901655518
0901665491
0901675464
0901685437
0901695410
0901705383
0901715356
0901725329
0901735302
0901745275
0901755248
0901765221
0901775194
0901785167
0901795140
0901805113
0901815086
0901825059
0901835032
0901845005
0901854978
0901864951
0901874924
0901884897
0901894870
0901904843
0901914816
0901924789
0901934762
0901944735
0901954708
0901964681
0901974654
0901984627
0901994600
0902004573
0902014546
0902024519
0902034492
0902044465
0902054438
0902064411
0902074384
0902084357
0902094330
0902104303
0902114276
0902124249
0902134222
0902144195
0902154168
0902164141
0902174114
0902184087
0902194060
0902204033
0902214006
0902223979
0902233952
0902243925
0902253898
0902263871
0902273844
0902283817
0902293790
0902303763
0902313736
0902323709
0902333682
0902343655
0902353628
0902363601
0902373574
0902383547
0902393520
0902403493
0902413466
0902423439
0902433412
0902443385
0902453358
0902463331
0902473304
0902483277
0902493250
0902503223
0902513196
0902523169
0902533142
0902543115
0902553088
0902563061
0902573034
0902583007
0902592980
0902602953
0902612926
0902622899
0902632872
0902642845
0902652818
0902662791
0902672764
0902682737
0902692710
0902702683
0902712656
0902722629
0902732602
0902742575
0902752548
0902762521
0902772494
0902782467
0902792440
0902802413
0902812386
0902822359
0902832332
0902842305
0902852278
0902862251
0902872224
0902882197
0902892170
0902902143
0902912116
0902922089
0902932062
0902942035
0902952008
0902961981
0902971954
0902981927
0902991900
0903001873
0903011846
0903021819
0903031792
0903041765
0903051738
0903061711
0903071684
0903081657
0903091630
0903101603
0903111576
0903121549
0903131522
0903141495
0903151468
0903161441
0903171414
0903181387
0903191360
0903201333
0903211306
0903221279
0903231252
0903241225
0903251198
0903261171
0903271144
0903281117
0903291090
0903301063
0903311036
0903321009
0903330982
0903340955
0903350928
0903360901
0903370874
0903380847
0903390820
0903400793
0903410766
0903420739
0903430712
0903440685
0903450658
0903460631
0903470604
0903480577
0903490550
0903500523
0903510496
0903520469
0903530442
0903540415
0903550388
0903560361
0903570334
0903580307
0903590280
0903600253
0903610226
0903620199
0903630172
0903640145
0903650118
0903660091
0903670064
0903680037
0903690010
0903699983
0903709956
0903719929
0903729902
0903739875
0903749848
0903759821
0903769794
0903779767
0903789740
0903799713
0903809686
0903819659
0903829632
0903839605
0903849578
0903859551
0903869524
0903879497
0903889470
0903899443
0903909416
0903919389
0903929362
0903939335
0903949308
0903959281
0903969254
0903979227
0903989200
0903999173
0904009146
0904019119
0904029092
0904039065
0904049038
0904059011
0904068984
0904078957
0904088930
0904098903
0904108876
0904118849
0904128822
0904138795
0904148768
0904158741
0904168714
0904178687
0904188660
0904198633
0904208606
0904218579
0904228552
0904238525
0904248498
0904258471
0904268444
0904278417
0904288390
0904298363
0904308336
0904318309
0904328282
0904338255
0904348228
0904358201
0904368174
0904378147
0904388120
0904398093
0904408066
0904418039
0904428012
0904437985
0904447958
0904457931
0904467904
0904477877
0904487850
0904497823
0904507796
0904517769
0904527742
0904537715
0904547688
0904557661
0904567634
0904577607
0904587580
0904597553
0904607526
0904617499
0904627472
0904637445
0904647418
0904657391
0904667364
0904677337
0904687310
0904697283
0904707256
0904717229
0904727202
0904737175
0904747148
0904757121
0904767094
0904777067
0904787040
0904797013
0904806986
0904816959
0904826932
0904836905
0904846878
0904856851
0904866824
0904876797
0904886770
0904896743
0904906716
0904916689
0904926662
0904936635
0904946608
0904956581
0904966554
0904976527
0904986500
0904996473
0905006446
0905016419
0905026392
0905036365
0905046338
0905056311
0905066284
0905076257
0905086230
0905096203
0905106176
0905116149
0905126122
0905136095
0905146068
0905156041
0905166014
0905175987
0905185960
0905195933
0905205906
0905215879
0905225852
0905235825
0905245798
0905255771
0905265744
0905275717
0905285690
0905295663
0905305636
0905315609
0905325582
0905335555
0905345528
0905355501
0905365474
0905375447
0905385420
0905395393
0905405366
0905415339
0905425312
0905435285
0905445258
0905455231
0905465204
0905475177
0905485150
0905495123
0905505096
0905515069
0905525042
0905535015
0905544988
0905554961
0905564934
0905574907
0905584880
0905594853
0905604826
0905614799
0905624772
0905634745
0905644718
0905654691
0905664664
0905674637
0905684610
0905694583
0905704556
0905714529
0905724502
0905734475
0905744448
0905754421
0905764394
0905774367
0905784340
0905794313
0905804286
0905814259
0905824232
0905834205
0905844178
0905854151
0905864124
0905874097
0905884070
0905894043
0905904016
0905913989
0905923962
0905933935
0905943908
0905953881
0905963854
0905973827
0905983800
0905993773
0906003746
0906013719
0906023692
0906033665
0906043638
0906053611
0906063584
0906073557
0906083530
0906093503
0906103476
0906113449
0906123422
0906133395
0906143368
0906153341
0906163314
0906173287
0906183260
0906193233
0906203206
0906213179
0906223152
0906233125
0906243098
0906253071
0906263044
0906273017
0906282990
0906292963
0906302936
0906312909
0906322882
0906332855
0906342828
0906352801
0906362774
0906372747
0906382720
0906392693
0906402666
0906412639
0906422612
0906432585
0906442558
0906452531
0906462504
0906472477
0906482450
0906492423
0906502396
0906512369
0906522342
0906532315
0906542288
0906552261
0906562234
0906572207
0906582180
0906592153
0906602126
0906612099
0906622072
0906632045
0906642018
0906651991
0906661964
0906671937
0906681910
0906691883
0906701856
0906711829
0906721802
0906731775
0906741748
0906751721
0906761694
0906771667
0906781640
0906791613
0906801586
0906811559
0906821532
0906831505
0906841478
0906851451
0906861424
0906871397
0906881370
0906891343
0906901316
0906911289
0906921262
0906931235
0906941208
0906951181
0906961154
0906971127
0906981100
0906991073
0907001046
0907011019
0907020992
0907030965
0907040938
0907050911
0907060884
0907070857
0907080830
0907090803
0907100776
0907110749
0907120722
0907130695
0907140668
0907150641
0907160614
0907170587
0907180560
0907190533
0907200506
0907210479
0907220452
0907230425
0907240398
0907250371
0907260344
0907270317
0907280290
0907290263
0907300236
0907310209
0907320182
0907330155
0907340128
0907350101
0907360074
0907370047
0907380020
0907389993
0907399966
0907409939
0907419912
0907429885
0907439858
0907449831
0907459804
0907469777
0907479750
0907489723
0907499696
0907509669
0907519642
0907529615
0907539588
0907549561
0907559534
0907569507
0907579480
0907589453
0907599426
0907609399
0907619372
0907629345
0907639318
0907649291
0907659264
0907669237
0907679210
0907689183
0907699156
0907709129
0907719102
0907729075
0907739048
0907749021
0907758994
0907768967
0907778940
0907788913
0907798886
0907808859
0907818832
0907828805
0907838778
0907848751
0907858724
0907868697
0907878670
0907888643
0907898616
0907908589
0907918562
0907928535
0907938508
0907948481
0907958454
0907968427
0907978400
0907988373
0907998346
0908008319
0908018292
0908028265
0908038238
0908048211
0908058184
0908068157
0908078130
0908088103
0908098076
0908108049
0908118022
0908127995
0908137968
0908147941
0908157914
0908167887
0908177860
0908187833
0908197806
0908207779
0908217752
0908227725
0908237698
0908247671
0908257644
0908267617
0908277590
0908287563
0908297536
0908307509
0908317482
0908327455
0908337428
0908347401
0908357374
0908367347
0908377320
0908387293
0908397266
0908407239
0908417212
0908427185
0908437158
0908447131
0908457104
0908467077
0908477050
0908487023
0908496996
0908506969
0908516942
0908526915
0908536888
0908546861
0908556834
0908566807
0908576780
0908586753
0908596726
0908606699
0908616672
0908626645
0908636618
0908646591
0908656564
0908666537
0908676510
0908686483
0908696456
0908706429
0908716402
0908726375
0908736348
0908746321
0908756294
0908766267
0908776240
0908786213
0908796186
0908806159
0908816132
0908826105
0908836078
0908846051
0908856024
0908865997
0908875970
0908885943
0908895916
0908905889
0908915862
0908925835
0908935808
0908945781
0908955754
0908965727
0908975700
0908985673
0908995646
0909005619
0909015592
0909025565
0909035538
0909045511
0909055484
0909065457
0909075430
0909085403
0909095376
0909105349
0909115322
0909125295
0909135268
0909145241
0909155214
0909165187
0909175160
0909185133
0909195106
0909205079
0909215052
0909225025
0909234998
0909244971
0909254944
0909264917
0909274890
0909284863
0909294836
0909304809
0909314782
0909324755
0909334728
0909344701
0909354674
0909364647
0909374620
0909384593
0909394566
0909404539
0909414512
0909424485
0909434458
0909444431
0909454404
0909464377
0909474350
0909484323
0909494296
0909504269
0909514242
0909524215
0909534188
0909544161
0909554134
0909564107
0909574080
0909584053
0909594026
0909603999
0909613972
0909623945
0909633918
0909643891
0909653864
0909663837
0909673810
0909683783
0909693756
0909703729
0909713702
0909723675
0909733648
0909743621
0909753594
0909763567
0909773540
0909783513
0909793486
0909803459
0909813432
0909823405
0909833378
0909843351
0909853324
0909863297
0909873270
0909883243
0909893216
0909903189
0909913162
0909923135
0909933108
0909943081
0909953054
0909963027
0909973000
0909982973
0909992946
09101960
09101961
09101962
09101963
09101964
09101965
09101966
09101967
09101968
09101969
09101970
09101971
09101972
09101973
09101974
09101975
09101976
09101977
09101978
09101979
09101980
09101981
09101982
09101983
09101984
09101985
09101986
09101987
09101988
09101989
09101990
09101991
09101992
09101993
09101994
09101995
09101996
09101997
09101998
09101999
09102000
09102001
09102002
09102003
09102004
09102005
09102006
09102007
09102008
09102009
09102010
09102011
09102012
09102013
09102014
09102015
09102016
09102017
09102018
09102019
09102020
09102021
09102022
09102023
09102024
09102025
09102026
09151960
09151961
09151962
09151963
09151964
09151965
09151966
09151967
09151968
09151969
09151970
09151971
09151972
09151973
09151974
09151975
09151976
09151977
09151978
09151979
09151980
09151981
09151982
09151983
09151984
09151985
09151986
09151987
09151988
09151989
09151990
09151991
09151992
09151993
09151994
09151995
09151996
09151997
09151998
09151999
09152000
09152001
09152002
09152003
09152004
09152005
09152006
09152007
09152008
09152009
09152010
09152011
09152012
09152013
09152014
09152015
09152016
09152017
09152018
09152019
09152020
09152021
09152022
09152023
09152024
09152025
09152026
09201960
09201961
09201962
09201963
09201964
09201965
09201966
09201967
09201968
09201969
09201970
09201971
09201972
09201973
09201974
09201975
09201976
09201977
09201978
09201979
09201980
09201981
09201982
09201983
09201984
09201985
09201986
09201987
09201988
09201989
09201990
09201991
09201992
09201993
09201994
09201995
09201996
09201997
09201998
09201999
09202000
09202001
09202002
09202003
09202004
09202005
09202006
09202007
09202008
09202009
09202010
09202011
09202012
09202013
09202014
09202015
09202016
09202017
09202018
09202019
09202020
09202021
09202022
09202023
09202024
09202025
09202026
09251960
09251961
09251962
09251963
09251964
09251965
09251966
09251967
09251968
09251969
09251970
09251971
09251972
09251973
09251974
09251975
09251976
09251977
09251978
09251979
09251980
09251981
09251982
09251983
09251984
09251985
09251986
09251987
09251988
09251989
09251990
09251991
09251992
09251993
09251994
09251995
09251996
09251997
09251998
09251999
09252000
09252001
09252002
09252003
09252004
09252005
09252006
09252007
09252008
09252009
09252010
09252011
09252012
09252013
09252014
09252015
09252016
09252017
09252018
09252019
09252020
09252021
09252022
09252023
09252024
09252025
09252026
10011960
10011961
10011962
10011963
10011964
10011965
10011966
10011967
10011968
10011969
10011970
10011971
10011972
10011973
10011974
10011975
10011976
10011977
10011978
10011979
10011980
10011981
10011982
10011983
10011984
10011985
10011986
10011987
10011988
10011989
10011990
10011991
10011992
10011993
10011994
10011995
10011996
10011997
10011998
10011999
10012000
10012001
10012002
10012003
10012004
10012005
10012006
10012007
10012008
10012009
10012010
10012011
10012012
10012013
10012014
10012015
10012016
10012017
10012018
10012019
10012020
10012021
10012022
10012023
10012024
10012025
10012026
10021960
10021961
10021962
10021963
10021964
10021965
10021966
10021967
10021968
10021969
10021970
10021971
10021972
10021973
10021974
10021975
10021976
10021977
10021978
10021979
10021980
10021981
10021982
10021983
10021984
10021985
10021986
10021987
10021988
10021989
10021990
10021991
10021992
10021993
10021994
10021995
10021996
10021997
10021998
10021999
10022000
10022001
10022002
10022003
10022004
10022005
10022006
10022007
10022008
10022009
10022010
10022011
10022012
10022013
10022014
10022015
10022016
10022017
10022018
10022019
10022020
10022021
10022022
10022023
10022024
10022025
10022026
10031960
10031961
10031962
10031963
10031964
10031965
10031966
10031967
10031968
10031969
10031970
10031971
10031972
10031973
10031974
10031975
10031976
10031977
10031978
10031979
10031980
10031981
10031982
10031983
10031984
10031985
10031986
10031987
10031988
10031989
10031990
10031991
10031992
10031993
10031994
10031995
10031996
10031997
10031998
10031999
10032000
10032001
10032002
10032003
10032004
10032005
10032006
10032007
10032008
10032009
10032010
10032011
10032012
10032013
10032014
10032015
10032016
10032017
10032018
10032019
10032020
10032021
10032022
10032023
10032024
10032025
10032026
10041960
10041961
10041962
10041963
10041964
10041965
10041966
10041967
10041968
10041969
10041970
10041971
10041972
10041973
10041974
10041975
10041976
10041977
10041978
10041979
10041980
10041981
10041982
10041983
10041984
10041985
10041986
10041987
10041988
10041989
10041990
10041991
10041992
10041993
10041994
10041995
10041996
10041997
10041998
10041999
10042000
10042001
10042002
10042003
10042004
10042005
10042006
10042007
10042008
10042009
10042010
10042011
10042012
10042013
10042014
10042015
10042016
10042017
10042018
10042019
10042020
10042021
10042022
10042023
10042024
10042025
10042026
10051960
10051961
10051962
10051963
10051964
10051965
10051966
10051967
10051968
10051969
10051970
10051971
10051972
10051973
10051974
10051975
10051976
10051977
10051978
10051979
10051980
10051981
10051982
10051983
10051984
10051985
10051986
10051987
10051988
10051989
10051990
10051991
10051992
10051993
10051994
10051995
10051996
10051997
10051998
10051999
10052000
10052001
10052002
10052003
10052004
10052005
10052006
10052007
10052008
10052009
10052010
10052011
10052012
10052013
10052014
10052015
10052016
10052017
10052018
10052019
10052020
10052021
10052022
10052023
10052024
10052025
10052026
10061960
10061961
10061962
10061963
10061964
10061965
10061966
10061967
10061968
10061969
10061970
10061971
10061972
10061973
10061974
10061975
10061976
10061977
10061978
10061979
10061980
10061981
10061982
10061983
10061984
10061985
10061986
10061987
10061988
10061989
10061990
10061991
10061992
10061993
10061994
10061995
10061996
10061997
10061998
10061999
10062000
10062001
10062002
10062003
10062004
10062005
10062006
10062007
10062008
10062009
10062010
10062011
10062012
10062013
10062014
10062015
10062016
10062017
10062018
10062019
10062020
10062021
10062022
10062023
10062024
10062025
10062026
10071960
10071961
10071962
10071963
10071964
10071965
10071966
10071967
10071968
10071969
10071970
10071971
10071972
10071973
10071974
10071975
10071976
10071977
10071978
10071979
10071980
10071981
10071982
10071983
10071984
10071985
10071986
10071987
10071988
10071989
10071990
10071991
10071992
10071993
10071994
10071995
10071996
10071997
10071998
10071999
10072000
10072001
10072002
10072003
10072004
10072005
10072006
10072007
10072008
10072009
10072010
10072011
10072012
10072013
10072014
10072015
10072016
10072017
10072018
10072019
10072020
10072021
10072022
10072023
10072024
10072025
10072026
10081960
10081961
10081962
10081963
10081964
10081965
10081966
10081967
10081968
10081969
10081970
10081971
10081972
10081973
10081974
10081975
10081976
10081977
10081978
10081979
10081980
10081981
10081982
10081983
10081984
10081985
10081986
10081987
10081988
10081989
10081990
10081991
10081992
10081993
10081994
10081995
10081996
10081997
10081998
10081999
10082000
10082001
10082002
10082003
10082004
10082005
10082006
10082007
10082008
10082009
10082010
10082011
10082012
10082013
10082014
10082015
10082016
10082017
10082018
10082019
10082020
10082021
10082022
10082023
10082024
10082025
10082026
10091960
10091961
10091962
10091963
10091964
10091965
10091966
10091967
10091968
10091969
10091970
10091971
10091972
10091973
10091974
10091975
10091976
10091977
10091978
10091979
10091980
10091981
10091982
10091983
10091984
10091985
10091986
10091987
10091988
10091989
10091990
10091991
10091992
10091993
10091994
10091995
10091996
10091997
10091998
10091999
10092000
10092001
10092002
10092003
10092004
10092005
10092006
10092007
10092008
10092009
10092010
10092011
10092012
10092013
10092014
10092015
10092016
10092017
10092018
10092019
10092020
10092021
10092022
10092023
10092024
10092025
10092026
10101010
1010101010
10101960
10101961
10101962
10101963
10101964
10101965
10101966
10101967
10101968
10101969
10101970
10101971
10101972
10101973
10101974
10101975
10101976
10101977
10101978
10101979
10101980
10101981
10101982
10101983
10101984
10101985
10101986
10101987
10101988
10101989
10101990
10101991
10101992
10101993
10101994
10101995
10101996
10101997
10101998
10101999
10102000
10102001
10102002
10102003
10102004
10102005
10102006
10102007
10102008
10102009
10102010
10102011
10102012
10102013
10102014
10102015
10102016
10102017
10102018
10102019
10102020
10102021
10102022
10102023
10102024
10102025
10102026
10111960
10111961
10111962
10111963
10111964
10111965
10111966
10111967
10111968
10111969
10111970
10111971
10111972
10111973
10111974
10111975
10111976
10111977
10111978
10111979
10111980
10111981
10111982
10111983
10111984
10111985
10111986
10111987
10111988
10111989
10111990
10111991
10111992
10111993
10111994
10111995
10111996
10111997
10111998
10111999
10112000
10112001
10112002
10112003
10112004
10112005
10112006
10112007
10112008
10112009
10112010
10112011
10112012
10112013
10112014
10112015
10112016
10112017
10112018
10112019
10112020
10112021
10112022
10112023
10112024
10112025
10112026
10121960
10121961
10121962
10121963
10121964
10121965
10121966
10121967
10121968
10121969
10121970
10121971
10121972
10121973
10121974
10121975
10121976
10121977
10121978
10121979
10121980
10121981
10121982
10121983
10121984
10121985
10121986
10121987
10121988
10121989
10121990
10121991
10121992
10121993
10121994
10121995
10121996
10121997
10121998
10121999
10122000
10122001
10122002
10122003
10122004
10122005
10122006
10122007
10122008
10122009
10122010
10122011
10122012
10122013
10122014
10122015
10122016
10122017
10122018
10122019
10122020
10122021
10122022
10122023
10122024
10122025
10122026
10151960
10151961
10151962
10151963
10151964
10151965
10151966
10151967
10151968
10151969
10151970
10151971
10151972
10151973
10151974
10151975
10151976
10151977
10151978
10151979
10151980
10151981
10151982
10151983
10151984
10151985
10151986
10151987
10151988
10151989
10151990
10151991
10151992
10151993
10151994
10151995
10151996
10151997
10151998
10151999
10152000
10152001
10152002
10152003
10152004
10152005
10152006
10152007
10152008
10152009
10152010
10152011
10152012
10152013
10152014
10152015
10152016
10152017
10152018
10152019
10152020
10152021
10152022
10152023
10152024
10152025
10152026
10201960
10201961
10201962
10201963
10201964
10201965
10201966
10201967
10201968
10201969
10201970
10201971
10201972
10201973
10201974
10201975
10201976
10201977
10201978
10201979
10201980
10201981
10201982
10201983
10201984
10201985
10201986
10201987
10201988
10201989
10201990
10201991
10201992
10201993
10201994
10201995
10201996
10201997
10201998
10201999
10202000
10202001
10202002
10202003
10202004
10202005
10202006
10202007
10202008
10202009
10202010
10202011
10202012
10202013
10202014
10202015
10202016
10202017
10202018
10202019
10202020
10202021
10202022
10202023
10202024
10202025
10202026
10251960
10251961
10251962
10251963
10251964
10251965
10251966
10251967
10251968
10251969
10251970
10251971
10251972
10251973
10251974
10251975
10251976
10251977
10251978
10251979
10251980
10251981
10251982
10251983
10251984
10251985
10251986
10251987
10251988
10251989
10251990
10251991
10251992
10251993
10251994
10251995
10251996
10251997
10251998
10251999
10252000
10252001
10252002
10252003
10252004
10252005
10252006
10252007
10252008
10252009
10252010
10252011
10252012
10252013
10252014
10252015
10252016
10252017
10252018
10252019
10252020
10252021
10252022
10252023
10252024
10252025
10252026
11011960
11011961
11011962
11011963
11011964
11011965
11011966
11011967
11011968
11011969
11011970
11011971
11011972
11011973
11011974
11011975
11011976
11011977
11011978
11011979
11011980
11011981
11011982
11011983
11011984
11011985
11011986
11011987
11011988
11011989
11011990
11011991
11011992
11011993
11011994
11011995
11011996
11011997
11011998
11011999
11012000
11012001
11012002
11012003
11012004
11012005
11012006
11012007
11012008
11012009
11012010
11012011
11012012
11012013
11012014
11012015
11012016
11012017
11012018
11012019
11012020
11012021
11012022
11012023
11012024
11012025
11012026
11101960
11101961
11101962
11101963
11101964
11101965
11101966
11101967
11101968
11101969
11101970
11101971
11101972
11101973
11101974
11101975
11101976
11101977
11101978
11101979
11101980
11101981
11101982
11101983
11101984
11101985
11101986
11101987
11101988
11101989
11101990
11101991
11101992
11101993
11101994
11101995
11101996
11101997
11101998
11101999
11102000
11102001
11102002
11102003
11102004
11102005
11102006
11102007
11102008
11102009
11102010
11102011
11102012
11102013
11102014
11102015
11102016
11102017
11102018
11102019
11102020
11102021
11102022
11102023
11102024
11102025
11102026
11111111
111111111
1111111111
11151960
11151961
11151962
11151963
11151964
11151965
11151966
11151967
11151968
11151969
11151970
11151971
11151972
11151973
11151974
11151975
11151976
11151977
11151978
11151979
11151980
11151981
11151982
11151983
11151984
11151985
11151986
11151987
11151988
11151989
11151990
11151991
11151992
11151993
11151994
11151995
11151996
11151997
11151998
11151999
11152000
11152001
11152002
11152003
11152004
11152005
11152006
11152007
11152008
11152009
11152010
11152011
11152012
11152013
11152014
11152015
11152016
11152017
11152018
11152019
11152020
11152021
11152022
11152023
11152024
11152025
11152026
11201960
11201961
11201962
11201963
11201964
11201965
11201966
11201967
11201968
11201969
11201970
11201971
11201972
11201973
11201974
11201975
11201976
11201977
11201978
11201979
11201980
11201981
11201982
11201983
11201984
11201985
11201986
11201987
11201988
11201989
11201990
11201991
11201992
11201993
11201994
11201995
11201996
11201997
11201998
11201999
11202000
11202001
11202002
11202003
11202004
11202005
11202006
11202007
11202008
11202009
11202010
11202011
11202012
11202013
11202014
11202015
11202016
11202017
11202018
11202019
11202020
11202021
11202022
11202023
11202024
11202025
11202026
11251960
11251961
11251962
11251963
11251964
11251965
11251966
11251967
11251968
11251969
11251970
11251971
11251972
11251973
11251974
11251975
11251976
11251977
11251978
11251979
11251980
11251981
11251982
11251983
11251984
11251985
11251986
11251987
11251988
11251989
11251990
11251991
11251992
11251993
11251994
11251995
11251996
11251997
11251998
11251999
11252000
11252001
11252002
11252003
11252004
11252005
11252006
11252007
11252008
11252009
11252010
11252011
11252012
11252013
11252014
11252015
11252016
11252017
11252018
11252019
11252020
11252021
11252022
11252023
11252024
11252025
11252026
12011960
12011961
12011962
12011963
12011964
12011965
12011966
12011967
12011968
12011969
12011970
12011971
12011972
12011973
12011974
12011975
12011976
12011977
12011978
12011979
12011980
12011981
12011982
12011983
12011984
12011985
12011986
12011987
12011988
12011989
12011990
12011991
12011992
12011993
12011994
12011995
12011996
12011997
12011998
12011999
12012000
12012001
12012002
12012003
12012004
12012005
12012006
12012007
12012008
12012009
12012010
12012011
12012012
12012013
12012014
12012015
12012016
12012017
12012018
12012019
12012020
12012021
12012022
12012023
12012024
12012025
12012026
12101960
12101961
12101962
12101963
12101964
12101965
12101966
12101967
12101968
12101969
12101970
12101971
12101972
12101973
12101974
12101975
12101976
12101977
12101978
12101979
12101980
12101981
12101982
12101983
12101984
12101985
12101986
12101987
12101988
12101989
12101990
12101991
12101992
12101993
12101994
12101995
12101996
12101997
12101998
12101999
12102000
12102001
12102002
12102003
12102004
12102005
12102006
12102007
12102008
12102009
12102010
12102011
12102012
12102013
12102014
12102015
12102016
12102017
12102018
12102019
12102020
12102021
12102022
12102023
12102024
12102025
12102026
12121212
1212121212
12151960
12151961
12151962
12151963
12151964
12151965
12151966
12151967
12151968
12151969
12151970
12151971
12151972
12151973
12151974
12151975
12151976
12151977
12151978
12151979
12151980
12151981
12151982
12151983
12151984
12151985
12151986
12151987
12151988
12151989
12151990
12151991
12151992
12151993
12151994
12151995
12151996
12151997
12151998
12151999
12152000
12152001
12152002
12152003
12152004
12152005
12152006
12152007
12152008
12152009
12152010
12152011
12152012
12152013
12152014
12152015
12152016
12152017
12152018
12152019
12152020
12152021
12152022
12152023
12152024
12152025
12152026
12201960
12201961
12201962
12201963
12201964
12201965
12201966
12201967
12201968
12201969
12201970
12201971
12201972
12201973
12201974
12201975
12201976
12201977
12201978
12201979
12201980
12201981
12201982
12201983
12201984
12201985
12201986
12201987
12201988
12201989
12201990
12201991
12201992
12201993
12201994
12201995
12201996
12201997
12201998
12201999
12202000
12202001
12202002
12202003
12202004
12202005
12202006
12202007
12202008
12202009
12202010
12202011
12202012
12202013
12202014
12202015
12202016
12202017
12202018
12202019
12202020
12202021
12202022
12202023
12202024
12202025
12202026
12251960
12251961
12251962
12251963
12251964
12251965
12251966
12251967
12251968
12251969
12251970
12251971
12251972
12251973
12251974
12251975
12251976
12251977
12251978
12251979
12251980
12251981
12251982
12251983
12251984
12251985
12251986
12251987
12251988
12251989
12251990
12251991
12251992
12251993
12251994
12251995
12251996
12251997
12251998
12251999
12252000
12252001
12252002
12252003
12252004
12252005
12252006
12252007
12252008
12252009
12252010
12252011
12252012
12252013
12252014
12252015
12252016
12252017
12252018
12252019
12252020
12252021
12252022
12252023
12252024
12252025
12252026
12341950
12341951
12341952
12341953
12341954
12341955
12341956
12341957
12341958
12341959
12341960
12341961
12341962
12341963
12341964
12341965
12341966
12341967
12341968
12341969
12341970
12341971
12341972
12341973
12341974
12341975
12341976
12341977
12341978
12341979
12341980
12341981
12341982
12341983
12341984
12341985
12341986
12341987
12341988
12341989
12341990
12341991
12341992
12341993
12341994
12341995
12341996
12341997
12341998
12341999
12342000
12342001
12342002
12342003
12342004
12342005
12342006
12342007
12342008
12342009
12342010
12342011
12342012
12342013
12342014
12342015
12342016
12342017
12342018
12342019
12342020
12342021
12342022
12342023
12342024
12342025
12342026
12345678
123456789
1234567890
1234asdf
1234qwer
1234zxcv
13131313
1313131313
14141414
1414141414
15011960
15011961
15011962
15011963
15011964
15011965
15011966
15011967
15011968
15011969
15011970
15011971
15011972
15011973
15011974
15011975
15011976
15011977
15011978
15011979
15011980
15011981
15011982
15011983
15011984
15011985
15011986
15011987
15011988
15011989
15011990
15011991
15011992
15011993
15011994
15011995
15011996
15011997
15011998
15011999
15012000
15012001
15012002
15012003
15012004
15012005
15012006
15012007
15012008
15012009
15012010
15012011
15012012
15012013
15012014
15012015
15012016
15012017
15012018
15012019
15012020
15012021
15012022
15012023
15012024
15012025
15012026
15021960
15021961
15021962
15021963
15021964
15021965
15021966
15021967
15021968
15021969
15021970
15021971
15021972
15021973
15021974
15021975
15021976
15021977
15021978
15021979
15021980
15021981
15021982
15021983
15021984
15021985
15021986
15021987
15021988
15021989
15021990
15021991
15021992
15021993
15021994
15021995
15021996
15021997
15021998
15021999
15022000
15022001
15022002
15022003
15022004
15022005
15022006
15022007
15022008
15022009
15022010
15022011
15022012
15022013
15022014
15022015
15022016
15022017
15022018
15022019
15022020
15022021
15022022
15022023
15022024
15022025
15022026
15031960
15031961
15031962
15031963
15031964
15031965
15031966
15031967
15031968
15031969
15031970
15031971
15031972
15031973
15031974
15031975
15031976
15031977
15031978
15031979
15031980
15031981
15031982
15031983
15031984
15031985
15031986
15031987
15031988
15031989
15031990
15031991
15031992
15031993
15031994
15031995
15031996
15031997
15031998
15031999
15032000
15032001
15032002
15032003
15032004
15032005
15032006
15032007
15032008
15032009
15032010
15032011
15032012
15032013
15032014
15032015
15032016
15032017
15032018
15032019
15032020
15032021
15032022
15032023
15032024
15032025
15032026
15041960
15041961
15041962
15041963
15041964
15041965
15041966
15041967
15041968
15041969
15041970
15041971
15041972
15041973
15041974
15041975
15041976
15041977
15041978
15041979
15041980
15041981
15041982
15041983
15041984
15041985
15041986
15041987
15041988
15041989
15041990
15041991
15041992
15041993
15041994
15041995
15041996
15041997
15041998
15041999
15042000
15042001
15042002
15042003
15042004
15042005
15042006
15042007
15042008
15042009
15042010
15042011
15042012
15042013
15042014
15042015
15042016
15042017
15042018
15042019
15042020
15042021
15042022
15042023
15042024
15042025
15042026
15051960
15051961
15051962
15051963
15051964
15051965
15051966
15051967
15051968
15051969
15051970
15051971
15051972
15051973
15051974
15051975
15051976
15051977
15051978
15051979
15051980
15051981
15051982
15051983
15051984
15051985
15051986
15051987
15051988
15051989
15051990
15051991
15051992
15051993
15051994
15051995
15051996
15051997
15051998
15051999
15052000
15052001
15052002
15052003
15052004
15052005
15052006
15052007
15052008
15052009
15052010
15052011
15052012
15052013
15052014
15052015
15052016
15052017
15052018
15052019
15052020
15052021
15052022
15052023
15052024
15052025
15052026
15061960
15061961
15061962
15061963
15061964
15061965
15061966
15061967
15061968
15061969
15061970
15061971
15061972
15061973
15061974
15061975
15061976
15061977
15061978
15061979
15061980
15061981
15061982
15061983
15061984
15061985
15061986
15061987
15061988
15061989
15061990
15061991
15061992
15061993
15061994
15061995
15061996
15061997
15061998
15061999
15062000
15062001
15062002
15062003
15062004
15062005
15062006
15062007
15062008
15062009
15062010
15062011
15062012
15062013
15062014
15062015
15062016
15062017
15062018
15062019
15062020
15062021
15062022
15062023
15062024
15062025
15062026
15071960
15071961
15071962
15071963
15071964
15071965
15071966
15071967
15071968
15071969
15071970
15071971
15071972
15071973
15071974
15071975
15071976
15071977
15071978
15071979
15071980
15071981
15071982
15071983
15071984
15071985
15071986
15071987
15071988
15071989
15071990
15071991
15071992
15071993
15071994
15071995
15071996
15071997
15071998
15071999
15072000
15072001
15072002
15072003
15072004
15072005
15072006
15072007
15072008
15072009
15072010
15072011
15072012
15072013
15072014
15072015
15072016
15072017
15072018
15072019
15072020
15072021
15072022
15072023
15072024
15072025
15072026
15081960
15081961
15081962
15081963
15081964
15081965
15081966
15081967
15081968
15081969
15081970
15081971
15081972
15081973
15081974
15081975
15081976
15081977
15081978
15081979
15081980
15081981
15081982
15081983
15081984
15081985
15081986
15081987
15081988
15081989
15081990
15081991
15081992
15081993
15081994
15081995
15081996
15081997
15081998
15081999
15082000
15082001
15082002
15082003
15082004
15082005
15082006
15082007
15082008
15082009
15082010
15082011
15082012
15082013
15082014
15082015
15082016
15082017
15082018
15082019
15082020
15082021
15082022
15082023
15082024
15082025
15082026
15091960
15091961
15091962
15091963
15091964
15091965
15091966
15091967
15091968
15091969
15091970
15091971
15091972
15091973
15091974
15091975
15091976
15091977
15091978
15091979
15091980
15091981
15091982
15091983
15091984
15091985
15091986
15091987
15091988
15091989
15091990
15091991
15091992
15091993
15091994
15091995
15091996
15091997
15091998
15091999
15092000
15092001
15092002
15092003
15092004
15092005
15092006
15092007
15092008
15092009
15092010
15092011
15092012
15092013
15092014
15092015
15092016
15092017
15092018
15092019
15092020
15092021
15092022
15092023
15092024
15092025
15092026
15101960
15101961
15101962
15101963
15101964
15101965
15101966
15101967
15101968
15101969
15101970
15101971
15101972
15101973
15101974
15101975
15101976
15101977
15101978
15101979
15101980
15101981
15101982
15101983
15101984
15101985
15101986
15101987
15101988
15101989
15101990
15101991
15101992
15101993
15101994
15101995
15101996
15101997
15101998
15101999
15102000
15102001
15102002
15102003
15102004
15102005
15102006
15102007
15102008
15102009
15102010
15102011
15102012
15102013
15102014
15102015
15102016
15102017
15102018
15102019
15102020
15102021
15102022
15102023
15102024
15102025
15102026
15111960
15111961
15111962
15111963
15111964
15111965
15111966
15111967
15111968
15111969
15111970
15111971
15111972
15111973
15111974
15111975
15111976
15111977
15111978
15111979
15111980
15111981
15111982
15111983
15111984
15111985
15111986
15111987
15111988
15111989
15111990
15111991
15111992
15111993
15111994
15111995
15111996
15111997
15111998
15111999
15112000
15112001
15112002
15112003
15112004
15112005
15112006
15112007
15112008
15112009
15112010
15112011
15112012
15112013
15112014
15112015
15112016
15112017
15112018
15112019
15112020
15112021
15112022
15112023
15112024
15112025
15112026
15121960
15121961
15121962
15121963
15121964
15121965
15121966
15121967
15121968
15121969
15121970
15121971
15121972
15121973
15121974
15121975
15121976
15121977
15121978
15121979
15121980
15121981
15121982
15121983
15121984
15121985
15121986
15121987
15121988
15121989
15121990
15121991
15121992
15121993
15121994
15121995
15121996
15121997
15121998
15121999
15122000
15122001
15122002
15122003
15122004
15122005
15122006
15122007
15122008
15122009
15122010
15122011
15122012
15122013
15122014
15122015
15122016
15122017
15122018
15122019
15122020
15122021
15122022
15122023
15122024
15122025
15122026
19500000
19501234
19501950
19510000
19511234
19511951
19520000
19521234
19521952
19530000
19531234
19531953
19540000
19541234
19541954
19550000
19551234
19551955
19560000
19561234
19561956
19570000
19571234
19571957
19580000
19581234
19581958
19590000
19591234
19591959
19600000
19600101
19600110
19600115
19600120
19600125
19600201
19600210
19600215
19600220
19600225
19600301
19600310
19600315
19600320
19600325
19600401
19600410
19600415
19600420
19600425
19600501
19600510
19600515
19600520
19600525
19600601
19600610
19600615
19600620
19600625
19600701
19600710
19600715
19600720
19600725
19600801
19600810
19600815
19600820
19600825
19600901
19600910
19600915
19600920
19600925
19601001
19601010
19601015
19601020
19601025
19601101
19601110
19601115
19601120
19601125
19601201
19601210
19601215
19601220
19601225
19601234
19601960
19610000
19610101
19610110
19610115
19610120
19610125
19610201
19610210
19610215
19610220
19610225
19610301
19610310
19610315
19610320
19610325
19610401
19610410
19610415
19610420
19610425
19610501
19610510
19610515
19610520
19610525
19610601
19610610
19610615
19610620
19610625
19610701
19610710
19610715
19610720
19610725
19610801
19610810
19610815
19610820
19610825
19610901
19610910
19610915
19610920
19610925
19611001
19611010
19611015
19611020
19611025
19611101
19611110
19611115
19611120
19611125
19611201
19611210
19611215
19611220
19611225
19611234
19611961
19620000
19620101
19620110
19620115
19620120
19620125
19620201
19620210
19620215
19620220
19620225
19620301
19620310
19620315
19620320
19620325
19620401
19620410
19620415
19620420
19620425
19620501
19620510
19620515
19620520
19620525
19620601
19620610
19620615
19620620
19620625
19620701
19620710
19620715
19620720
19620725
19620801
19620810
19620815
19620820
19620825
19620901
19620910
19620915
19620920
19620925
19621001
19621010
19621015
19621020
19621025
19621101
19621110
19621115
19621120
19621125
19621201
19621210
19621215
19621220
19621225
19621234
19621962
19630000
19630101
19630110
19630115
19630120
19630125
19630201
19630210
19630215
19630220
19630225
19630301
19630310
19630315
19630320
19630325
19630401
19630410
19630415
19630420
19630425
19630501
19630510
19630515
19630520
19630525
19630601
19630610
19630615
19630620
19630625
19630701
19630710
19630715
19630720
19630725
19630801
19630810
19630815
19630820
19630825
19630901
19630910
19630915
19630920
19630925
19631001
19631010
19631015
19631020
19631025
19631101
19631110
19631115
19631120
19631125
19631201
19631210
19631215
19631220
19631225
19631234
19631963
19640000
19640101
19640110
19640115
19640120
19640125
19640201
19640210
19640215
19640220
19640225
19640301
19640310
19640315
19640320
19640325
19640401
19640410
19640415
19640420
19640425
19640501
19640510
19640515
19640520
19640525
19640601
19640610
19640615
19640620
19640625
19640701
19640710
19640715
19640720
19640725
19640801
19640810
19640815
19640820
19640825
19640901
19640910
19640915
19640920
19640925
19641001
19641010
19641015
19641020
19641025
19641101
19641110
19641115
19641120
19641125
19641201
19641210
19641215
19641220
19641225
19641234
19641964
19650000
19650101
19650110
19650115
19650120
19650125
19650201
19650210
19650215
19650220
19650225
19650301
19650310
19650315
19650320
19650325
19650401
19650410
19650415
19650420
19650425
19650501
19650510
19650515
19650520
19650525
19650601
19650610
19650615
19650620
19650625
19650701
19650710
19650715
19650720
19650725
19650801
19650810
19650815
19650820
19650825
19650901
19650910
19650915
19650920
19650925
19651001
19651010
19651015
19651020
19651025
19651101
19651110
19651115
19651120
19651125
19651201
19651210
19651215
19651220
19651225
19651234
19651965
19660000
19660101
19660110
19660115
19660120
19660125
19660201
19660210
19660215
19660220
19660225
19660301
19660310
19660315
19660320
19660325
19660401
19660410
19660415
19660420
19660425
19660501
19660510
19660515
19660520
19660525
19660601
19660610
19660615
19660620
19660625
19660701
19660710
19660715
19660720
19660725
19660801
19660810
19660815
19660820
19660825
19660901
19660910
19660915
19660920
19660925
19661001
19661010
19661015
19661020
19661025
19661101
19661110
19661115
19661120
19661125
19661201
19661210
19661215
19661220
19661225
19661234
19661966
19670000
19670101
19670110
19670115
19670120
19670125
19670201
19670210
19670215
19670220
19670225
19670301
19670310
19670315
19670320
19670325
19670401
19670410
19670415
19670420
19670425
19670501
19670510
19670515
19670520
19670525
19670601
19670610
19670615
19670620
19670625
19670701
19670710
19670715
19670720
19670725
19670801
19670810
19670815
19670820
19670825
19670901
19670910
19670915
19670920
19670925
19671001
19671010
19671015
19671020
19671025
19671101
19671110
19671115
19671120
19671125
19671201
19671210
19671215
19671220
19671225
19671234
19671967
19680000
19680101
19680110
19680115
19680120
19680125
19680201
19680210
19680215
19680220
19680225
19680301
19680310
19680315
19680320
19680325
19680401
19680410
19680415
19680420
19680425
19680501
19680510
19680515
19680520
19680525
19680601
19680610
19680615
19680620
19680625
19680701
19680710
19680715
19680720
19680725
19680801
19680810
19680815
19680820
19680825
19680901
19680910
19680915
19680920
19680925
19681001
19681010
19681015
19681020
19681025
19681101
19681110
19681115
19681120
19681125
19681201
19681210
19681215
19681220
19681225
19681234
19681968
19690000
19690101
19690110
19690115
19690120
19690125
19690201
19690210
19690215
19690220
19690225
19690301
19690310
19690315
19690320
19690325
19690401
19690410
19690415
19690420
19690425
19690501
19690510
19690515
19690520
19690525
19690601
19690610
19690615
19690620
19690625
19690701
19690710
19690715
19690720
19690725
19690801
19690810
19690815
19690820
19690825
19690901
19690910
19690915
19690920
19690925
19691001
19691010
19691015
19691020
19691025
19691101
19691110
19691115
19691120
19691125
19691201
19691210
19691215
19691220
19691225
19691234
19691969
19700000
19700101
19700110
19700115
19700120
19700125
19700201
19700210
19700215
19700220
19700225
19700301
19700310
19700315
19700320
19700325
19700401
19700410
19700415
19700420
19700425
19700501
19700510
19700515
19700520
19700525
19700601
19700610
19700615
19700620
19700625
19700701
19700710
19700715
19700720
19700725
19700801
19700810
19700815
19700820
19700825
19700901
19700910
19700915
19700920
19700925
19701001
19701010
19701015
19701020
19701025
19701101
19701110
19701115
19701120
19701125
19701201
19701210
19701215
19701220
19701225
19701234
19701970
19710000
19710101
19710110
19710115
19710120
19710125
19710201
19710210
19710215
19710220
19710225
19710301
19710310
19710315
19710320
19710325
19710401
19710410
19710415
19710420
19710425
19710501
19710510
19710515
19710520
19710525
19710601
19710610
19710615
19710620
19710625
19710701
19710710
19710715
19710720
19710725
19710801
19710810
19710815
19710820
19710825
19710901
19710910
19710915
19710920
19710925
19711001
19711010
19711015
19711020
19711025
19711101
19711110
19711115
19711120
19711125
19711201
19711210
19711215
19711220
19711225
19711234
19711971
19720000
19720101
19720110
19720115
19720120
19720125
19720201
19720210
19720215
19720220
19720225
19720301
19720310
19720315
19720320
19720325
19720401
19720410
19720415
19720420
19720425
19720501
19720510
19720515
19720520
19720525
19720601
19720610
19720615
19720620
19720625
19720701
19720710
19720715
19720720
19720725
19720801
19720810
19720815
19720820
19720825
19720901
19720910
19720915
19720920
19720925
19721001
19721010
19721015
19721020
19721025
19721101
19721110
19721115
19721120
19721125
19721201
19721210
19721215
19721220
19721225
19721234
19721972
19730000
19730101
19730110
19730115
19730120
19730125
19730201
19730210
19730215
19730220
19730225
19730301
19730310
19730315
19730320
19730325
19730401
19730410
19730415
19730420
19730425
19730501
19730510
19730515
19730520
19730525
19730601
19730610
19730615
19730620
19730625
19730701
19730710
19730715
19730720
19730725
19730801
19730810
19730815
19730820
19730825
19730901
19730910
19730915
19730920
19730925
19731001
19731010
19731015
19731020
19731025
19731101
19731110
19731115
19731120
19731125
19731201
19731210
19731215
19731220
19731225
19731234
19731973
19740000
19740101
19740110
19740115
19740120
19740125
19740201
19740210
19740215
19740220
19740225
19740301
19740310
19740315
19740320
19740325
19740401
19740410
19740415
19740420
19740425
19740501
19740510
19740515
19740520
19740525
19740601
19740610
19740615
19740620
19740625
19740701
19740710
19740715
19740720
19740725
19740801
19740810
19740815
19740820
19740825
19740901
19740910
19740915
19740920
19740925
19741001
19741010
19741015
19741020
19741025
19741101
19741110
19741115
19741120
19741125
19741201
19741210
19741215
19741220
19741225
19741234
19741974
19750000
19750101
19750110
19750115
19750120
19750125
19750201
19750210
19750215
19750220
19750225
19750301
19750310
19750315
19750320
19750325
19750401
19750410
19750415
19750420
19750425
19750501
19750510
19750515
19750520
19750525
19750601
19750610
19750615
19750620
19750625
19750701
19750710
19750715
19750720
19750725
19750801
19750810
19750815
19750820
19750825
19750901
19750910
19750915
19750920
19750925
19751001
19751010
19751015
19751020
19751025
19751101
19751110
19751115
19751120
19751125
19751201
19751210
19751215
19751220
19751225
19751234
19751975
19760000
19760101
19760110
19760115
19760120
19760125
19760201
19760210
19760215
19760220
19760225
19760301
19760310
19760315
19760320
19760325
19760401
19760410
19760415
19760420
19760425
19760501
19760510
19760515
19760520
19760525
19760601
19760610
19760615
19760620
19760625
19760701
19760710
19760715
19760720
19760725
19760801
19760810
19760815
19760820
19760825
19760901
19760910
19760915
19760920
19760925
19761001
19761010
19761015
19761020
19761025
19761101
19761110
19761115
19761120
19761125
19761201
19761210
19761215
19761220
19761225
19761234
19761976
19770000
19770101
19770110
19770115
19770120
19770125
19770201
19770210
19770215
19770220
19770225
19770301
19770310
19770315
19770320
19770325
19770401
19770410
19770415
19770420
19770425
19770501
19770510
19770515
19770520
19770525
19770601
19770610
19770615
19770620
19770625
19770701
19770710
19770715
19770720
19770725
19770801
19770810
19770815
19770820
19770825
19770901
19770910
19770915
19770920
19770925
19771001
19771010
19771015
19771020
19771025
19771101
19771110
19771115
19771120
19771125
19771201
19771210
19771215
19771220
19771225
19771234
19771977
19780000
19780101
19780110
19780115
19780120
19780125
19780201
19780210
19780215
19780220
19780225
19780301
19780310
19780315
19780320
19780325
19780401
19780410
19780415
19780420
19780425
19780501
19780510
19780515
19780520
19780525
19780601
19780610
19780615
19780620
19780625
19780701
19780710
19780715
19780720
19780725
19780801
19780810
19780815
19780820
19780825
19780901
19780910
19780915
19780920
19780925
19781001
19781010
19781015
19781020
19781025
19781101
19781110
19781115
19781120
19781125
19781201
19781210
19781215
19781220
19781225
19781234
19781978
19790000
19790101
19790110
19790115
19790120
19790125
19790201
19790210
19790215
19790220
19790225
19790301
19790310
19790315
19790320
19790325
19790401
19790410
19790415
19790420
19790425
19790501
19790510
19790515
19790520
19790525
19790601
19790610
19790615
19790620
19790625
19790701
19790710
19790715
19790720
19790725
19790801
19790810
19790815
19790820
19790825
19790901
19790910
19790915
19790920
19790925
19791001
19791010
19791015
19791020
19791025
19791101
19791110
19791115
19791120
19791125
19791201
19791210
19791215
19791220
19791225
19791234
19791979
19800000
19800101
19800110
19800115
19800120
19800125
19800201
19800210
19800215
19800220
19800225
19800301
19800310
19800315
19800320
19800325
19800401
19800410
19800415
19800420
19800425
19800501
19800510
19800515
19800520
19800525
19800601
19800610
19800615
19800620
19800625
19800701
19800710
19800715
19800720
19800725
19800801
19800810
19800815
19800820
19800825
19800901
19800910
19800915
19800920
19800925
19801001
19801010
19801015
19801020
19801025
19801101
19801110
19801115
19801120
19801125
19801201
19801210
19801215
19801220
19801225
19801234
19801980
19810000
19810101
19810110
19810115
19810120
19810125
19810201
19810210
19810215
19810220
19810225
19810301
19810310
19810315
19810320
19810325
19810401
19810410
19810415
19810420
19810425
19810501
19810510
19810515
19810520
19810525
19810601
19810610
19810615
19810620
19810625
19810701
19810710
19810715
19810720
19810725
19810801
19810810
19810815
19810820
19810825
19810901
19810910
19810915
19810920
19810925
19811001
19811010
19811015
19811020
19811025
19811101
19811110
19811115
19811120
19811125
19811201
19811210
19811215
19811220
19811225
19811234
19811981
19820000
19820101
19820110
19820115
19820120
19820125
19820201
19820210
19820215
19820220
19820225
19820301
19820310
19820315
19820320
19820325
19820401
19820410
19820415
19820420
19820425
19820501
19820510
19820515
19820520
19820525
19820601
19820610
19820615
19820620
19820625
19820701
19820710
19820715
19820720
19820725
19820801
19820810
19820815
19820820
19820825
19820901
19820910
19820915
19820920
19820925
19821001
19821010
19821015
19821020
19821025
19821101
19821110
19821115
19821120
19821125
19821201
19821210
19821215
19821220
19821225
19821234
19821982
19830000
19830101
19830110
19830115
19830120
19830125
19830201
19830210
19830215
19830220
19830225
19830301
19830310
19830315
19830320
19830325
19830401
19830410
19830415
19830420
19830425
19830501
19830510
19830515
19830520
19830525
19830601
19830610
19830615
19830620
19830625
19830701
19830710
19830715
19830720
19830725
19830801
19830810
19830815
19830820
19830825
19830901
19830910
19830915
19830920
19830925
19831001
19831010
19831015
19831020
19831025
19831101
19831110
19831115
19831120
19831125
19831201
19831210
19831215
19831220
19831225
19831234
19831983
19840000
19840101
19840110
19840115
19840120
19840125
19840201
19840210
19840215
19840220
19840225
19840301
19840310
19840315
19840320
19840325
19840401
19840410
19840415
19840420
19840425
19840501
19840510
19840515
19840520
19840525
19840601
19840610
19840615
19840620
19840625
19840701
19840710
19840715
19840720
19840725
19840801
19840810
19840815
19840820
19840825
19840901
19840910
19840915
19840920
19840925
19841001
19841010
19841015
19841020
19841025
19841101
19841110
19841115
19841120
19841125
19841201
19841210
19841215
19841220
19841225
19841234
19841984
19850000
19850101
19850110
19850115
19850120
19850125
19850201
19850210
19850215
19850220
19850225
19850301
19850310
19850315
19850320
19850325
19850401
19850410
19850415
19850420
19850425
19850501
19850510
19850515
19850520
19850525
19850601
19850610
19850615
19850620
19850625
19850701
19850710
19850715
19850720
19850725
19850801
19850810
19850815
19850820
19850825
19850901
19850910
19850915
19850920
19850925
19851001
19851010
19851015
19851020
19851025
19851101
19851110
19851115
19851120
19851125
19851201
19851210
19851215
19851220
19851225
19851234
19851985
19860000
19860101
19860110
19860115
19860120
19860125
19860201
19860210
19860215
19860220
19860225
19860301
19860310
19860315
19860320
19860325
19860401
19860410
19860415
19860420
19860425
19860501
19860510
19860515
19860520
19860525
19860601
19860610
19860615
19860620
19860625
19860701
19860710
19860715
19860720
19860725
19860801
19860810
19860815
19860820
19860825
19860901
19860910
19860915
19860920
19860925
19861001
19861010
19861015
19861020
19861025
19861101
19861110
19861115
19861120
19861125
19861201
19861210
19861215
19861220
19861225
19861234
19861986
19870000
19870101
19870110
19870115
19870120
19870125
19870201
19870210
19870215
19870220
19870225
19870301
19870310
19870315
19870320
19870325
19870401
19870410
19870415
19870420
19870425
19870501
19870510
19870515
19870520
19870525
19870601
19870610
19870615
19870620
19870625
19870701
19870710
19870715
19870720
19870725
19870801
19870810
19870815
19870820
19870825
19870901
19870910
19870915
19870920
19870925
19871001
19871010
19871015
19871020
19871025
19871101
19871110
19871115
19871120
19871125
19871201
19871210
19871215
19871220
19871225
19871234
19871987
19880000
19880101
19880110
19880115
19880120
19880125
19880201
19880210
19880215
19880220
19880225
19880301
19880310
19880315
19880320
19880325
19880401
19880410
19880415
19880420
19880425
19880501
19880510
19880515
19880520
19880525
19880601
19880610
19880615
19880620
19880625
19880701
19880710
19880715
19880720
19880725
19880801
19880810
19880815
19880820
19880825
19880901
19880910
19880915
19880920
19880925
19881001
19881010
19881015
19881020
19881025
19881101
19881110
19881115
19881120
19881125
19881201
19881210
19881215
19881220
19881225
19881234
19881988
19890000
19890101
19890110
19890115
19890120
19890125
19890201
19890210
19890215
19890220
19890225
19890301
19890310
19890315
19890320
19890325
19890401
19890410
19890415
19890420
19890425
19890501
19890510
19890515
19890520
19890525
19890601
19890610
19890615
19890620
19890625
19890701
19890710
19890715
19890720
19890725
19890801
19890810
19890815
19890820
19890825
19890901
19890910
19890915
19890920
19890925
19891001
19891010
19891015
19891020
19891025
19891101
19891110
19891115
19891120
19891125
19891201
19891210
19891215
19891220
19891225
19891234
19891989
19900000
19900101
19900110
19900115
19900120
19900125
19900201
19900210
19900215
19900220
19900225
19900301
19900310
19900315
19900320
19900325
19900401
19900410
19900415
19900420
19900425
19900501
19900510
19900515
19900520
19900525
19900601
19900610
19900615
19900620
19900625
19900701
19900710
19900715
19900720
19900725
19900801
19900810
19900815
19900820
19900825
19900901
19900910
19900915
19900920
19900925
19901001
19901010
19901015
19901020
19901025
19901101
19901110
19901115
19901120
19901125
19901201
19901210
19901215
19901220
19901225
19901234
19901990
19910000
19910101
19910110
19910115
19910120
19910125
19910201
19910210
19910215
19910220
19910225
19910301
19910310
19910315
19910320
19910325
19910401
19910410
19910415
19910420
19910425
19910501
19910510
19910515
19910520
19910525
19910601
19910610
19910615
19910620
19910625
19910701
19910710
19910715
19910720
19910725
19910801
19910810
19910815
19910820
19910825
19910901
19910910
19910915
19910920
19910925
19911001
19911010
19911015
19911020
19911025
19911101
19911110
19911115
19911120
19911125
19911201
19911210
19911215
19911220
19911225
19911234
19911991
19920000
19920101
19920110
19920115
19920120
19920125
19920201
19920210
19920215
19920220
19920225
19920301
19920310
19920315
19920320
19920325
19920401
19920410
19920415
19920420
19920425
19920501
19920510
19920515
19920520
19920525
19920601
19920610
19920615
19920620
19920625
19920701
19920710
19920715
19920720
19920725
19920801
19920810
19920815
19920820
19920825
19920901
19920910
19920915
19920920
19920925
19921001
19921010
19921015
19921020
19921025
19921101
19921110
19921115
19921120
19921125
19921201
19921210
19921215
19921220
19921225
19921234
19921992
19930000
19930101
19930110
19930115
19930120
19930125
19930201
19930210
19930215
19930220
19930225
19930301
19930310
19930315
19930320
19930325
19930401
19930410
19930415
19930420
19930425
19930501
19930510
19930515
19930520
19930525
19930601
19930610
19930615
19930620
19930625
19930701
19930710
19930715
19930720
19930725
19930801
19930810
19930815
19930820
19930825
19930901
19930910
19930915
19930920
19930925
19931001
19931010
19931015
19931020
19931025
19931101
19931110
19931115
19931120
19931125
19931201
19931210
19931215
19931220
19931225
19931234
19931993
19940000
19940101
19940110
19940115
19940120
19940125
19940201
19940210
19940215
19940220
19940225
19940301
19940310
19940315
19940320
19940325
19940401
19940410
19940415
19940420
19940425
19940501
19940510
19940515
19940520
19940525
19940601
19940610
19940615
19940620
19940625
19940701
19940710
19940715
19940720
19940725
19940801
19940810
19940815
19940820
19940825
19940901
19940910
19940915
19940920
19940925
19941001
19941010
19941015
19941020
19941025
19941101
19941110
19941115
19941120
19941125
19941201
19941210
19941215
19941220
19941225
19941234
19941994
19950000
19950101
19950110
19950115
19950120
19950125
19950201
19950210
19950215
19950220
19950225
19950301
19950310
19950315
19950320
19950325
19950401
19950410
19950415
19950420
19950425
19950501
19950510
19950515
19950520
19950525
19950601
19950610
19950615
19950620
19950625
19950701
19950710
19950715
19950720
19950725
19950801
19950810
19950815
19950820
19950825
19950901
19950910
19950915
19950920
19950925
19951001
19951010
19951015
19951020
19951025
19951101
19951110
19951115
19951120
19951125
19951201
19951210
19951215
19951220
19951225
19951234
19951995
19960000
19960101
19960110
19960115
19960120
19960125
19960201
19960210
19960215
19960220
19960225
19960301
19960310
19960315
19960320
19960325
19960401
19960410
19960415
19960420
19960425
19960501
19960510
19960515
19960520
19960525
19960601
19960610
19960615
19960620
19960625
19960701
19960710
19960715
19960720
19960725
19960801
19960810
19960815
19960820
19960825
19960901
19960910
19960915
19960920
19960925
19961001
19961010
19961015
19961020
19961025
19961101
19961110
19961115
19961120
19961125
19961201
19961210
19961215
19961220
19961225
19961234
19961996
19970000
19970101
19970110
19970115
19970120
19970125
19970201
19970210
19970215
19970220
19970225
19970301
19970310
19970315
19970320
19970325
19970401
19970410
19970415
19970420
19970425
19970501
19970510
19970515
19970520
19970525
19970601
19970610
19970615
19970620
19970625
19970701
19970710
19970715
19970720
19970725
19970801
19970810
19970815
19970820
19970825
19970901
19970910
19970915
19970920
19970925
19971001
19971010
19971015
19971020
19971025
19971101
19971110
19971115
19971120
19971125
19971201
19971210
19971215
19971220
19971225
19971234
19971997
19980000
19980101
19980110
19980115
19980120
19980125
19980201
19980210
19980215
19980220
19980225
19980301
19980310
19980315
19980320
19980325
19980401
19980410
19980415
19980420
19980425
19980501
19980510
19980515
19980520
19980525
19980601
19980610
19980615
19980620
19980625
19980701
19980710
19980715
19980720
19980725
19980801
19980810
19980815
19980820
19980825
19980901
19980910
19980915
19980920
19980925
19981001
19981010
19981015
19981020
19981025
19981101
19981110
19981115
19981120
19981125
19981201
19981210
19981215
19981220
19981225
19981234
19981998
19990000
19990101
19990110
19990115
19990120
19990125
19990201
19990210
19990215
19990220
19990225
19990301
19990310
19990315
19990320
19990325
19990401
19990410
19990415
19990420
19990425
19990501
19990510
19990515
19990520
19990525
19990601
19990610
19990615
19990620
19990625
19990701
19990710
19990715
19990720
19990725
19990801
19990810
19990815
19990820
19990825
19990901
19990910
19990915
19990920
19990925
19991001
19991010
19991015
19991020
19991025
19991101
19991110
19991115
19991120
19991125
19991201
19991210
19991215
19991220
19991225
19991234
19991999
1l0v3y0u
1q2w3e4r
1q2w3e4r5t
1qaz2wsx
1qazxsw2
20000000
20000101
20000110
20000115
20000120
20000125
20000201
20000210
20000215
20000220
20000225
20000301
20000310
20000315
20000320
20000325
20000401
20000410
20000415
20000420
20000425
20000501
20000510
20000515
20000520
20000525
20000601
20000610
20000615
20000620
20000625
20000701
20000710
20000715
20000720
20000725
20000801
20000810
20000815
20000820
20000825
20000901
20000910
20000915
20000920
20000925
20001001
20001010
20001015
20001020
20001025
20001101
20001110
20001115
20001120
20001125
20001201
20001210
20001215
20001220
20001225
20001234
20002000
20010000
20010101
20010110
20010115
20010120
20010125
20010201
20010210
20010215
20010220
20010225
20010301
20010310
20010315
20010320
20010325
20010401
20010410
20010415
20010420
20010425
20010501
20010510
20010515
20010520
20010525
20010601
20010610
20010615
20010620
20010625
20010701
20010710
20010715
20010720
20010725
20010801
20010810
20010815
20010820
20010825
20010901
20010910
20010915
20010920
20010925
20011001
20011010
20011015
20011020
20011025
20011101
20011110
20011115
20011120
20011125
20011201
20011210
20011215
20011220
20011225
20011234
20011960
20011961
20011962
20011963
20011964
20011965
20011966
20011967
20011968
20011969
20011970
20011971
20011972
20011973
20011974
20011975
20011976
20011977
20011978
20011979
20011980
20011981
20011982
20011983
20011984
20011985
20011986
20011987
20011988
20011989
20011990
20011991
20011992
20011993
20011994
20011995
20011996
20011997
20011998
20011999
20012000
20012001
20012002
20012003
20012004
20012005
20012006
20012007
20012008
20012009
20012010
20012011
20012012
20012013
20012014
20012015
20012016
20012017
20012018
20012019
20012020
20012021
20012022
20012023
20012024
20012025
20012026
20020000
20020101
20020110
20020115
20020120
20020125
20020201
20020210
20020215
20020220
20020225
20020301
20020310
20020315
20020320
20020325
20020401
20020410
20020415
20020420
20020425
20020501
20020510
20020515
20020520
20020525
20020601
20020610
20020615
20020620
20020625
20020701
20020710
20020715
20020720
20020725
20020801
20020810
20020815
20020820
20020825
20020901
20020910
20020915
20020920
20020925
20021001
20021010
20021015
20021020
20021025
20021101
20021110
20021115
20021120
20021125
20021201
20021210
20021215
20021220
20021225
20021234
20021960
20021961
20021962
20021963
20021964
20021965
20021966
20021967
20021968
20021969
20021970
20021971
20021972
20021973
20021974
20021975
20021976
20021977
20021978
20021979
20021980
20021981
20021982
20021983
20021984
20021985
20021986
20021987
20021988
20021989
20021990
20021991
20021992
20021993
20021994
20021995
20021996
20021997
20021998
20021999
20022000
20022001
20022002
20022003
20022004
20022005
20022006
20022007
20022008
20022009
20022010
20022011
20022012
20022013
20022014
20022015
20022016
20022017
20022018
20022019
20022020
20022021
20022022
20022023
20022024
20022025
20022026
20030000
20030101
20030110
20030115
20030120
20030125
20030201
20030210
20030215
20030220
20030225
20030301
20030310
20030315
20030320
20030325
20030401
20030410
20030415
20030420
20030425
20030501
20030510
20030515
20030520
20030525
20030601
20030610
20030615
20030620
20030625
20030701
20030710
20030715
20030720
20030725
20030801
20030810
20030815
20030820
20030825
20030901
20030910
20030915
20030920
20030925
20031001
20031010
20031015
20031020
20031025
20031101
20031110
20031115
20031120
20031125
20031201
20031210
20031215
20031220
20031225
20031234
20031960
20031961
20031962
20031963
20031964
20031965
20031966
20031967
20031968
20031969
20031970
20031971
20031972
20031973
20031974
20031975
20031976
20031977
20031978
20031979
20031980
20031981
20031982
20031983
20031984
20031985
20031986
20031987
20031988
20031989
20031990
20031991
20031992
20031993
20031994
20031995
20031996
20031997
20031998
20031999
20032000
20032001
20032002
20032003
20032004
20032005
20032006
20032007
20032008
20032009
20032010
20032011
20032012
20032013
20032014
20032015
20032016
20032017
20032018
20032019
20032020
20032021
20032022
20032023
20032024
20032025
20032026
20040000
20040101
20040110
20040115
20040120
20040125
20040201
20040210
20040215
20040220
20040225
20040301
20040310
20040315
20040320
20040325
20040401
20040410
20040415
20040420
20040425
20040501
20040510
20040515
20040520
20040525
20040601
20040610
20040615
20040620
20040625
20040701
20040710
20040715
20040720
20040725
20040801
20040810
20040815
20040820
20040825
20040901
20040910
20040915
20040920
20040925
20041001
20041010
20041015
20041020
20041025
20041101
20041110
20041115
20041120
20041125
20041201
20041210
20041215
20041220
20041225
20041234
20041960
20041961
20041962
20041963
20041964
20041965
20041966
20041967
20041968
20041969
20041970
20041971
20041972
20041973
20041974
20041975
20041976
20041977
20041978
20041979
20041980
20041981
20041982
20041983
20041984
20041985
20041986
20041987
20041988
20041989
20041990
20041991
20041992
20041993
20041994
20041995
20041996
20041997
20041998
20041999
20042000
20042001
20042002
20042003
20042004
20042005
20042006
20042007
20042008
20042009
20042010
20042011
20042012
20042013
20042014
20042015
20042016
20042017
20042018
20042019
20042020
20042021
20042022
20042023
20042024
20042025
20042026
20050000
20050101
20050110
20050115
20050120
20050125
20050201
20050210
20050215
20050220
20050225
20050301
20050310
20050315
20050320
20050325
20050401
20050410
20050415
20050420
20050425
20050501
20050510
20050515
20050520
20050525
20050601
20050610
20050615
20050620
20050625
20050701
20050710
20050715
20050720
20050725
20050801
20050810
20050815
20050820
20050825
20050901
20050910
20050915
20050920
20050925
20051001
20051010
20051015
20051020
20051025
20051101
20051110
20051115
20051120
20051125
20051201
20051210
20051215
20051220
20051225
20051234
20051960
20051961
20051962
20051963
20051964
20051965
20051966
20051967
20051968
20051969
20051970
20051971
20051972
20051973
20051974
20051975
20051976
20051977
20051978
20051979
20051980
20051981
20051982
20051983
20051984
20051985
20051986
20051987
20051988
20051989
20051990
20051991
20051992
20051993
20051994
20051995
20051996
20051997
20051998
20051999
20052000
20052001
20052002
20052003
20052004
20052005
20052006
20052007
20052008
20052009
20052010
20052011
20052012
20052013
20052014
20052015
20052016
20052017
20052018
20052019
20052020
20052021
20052022
20052023
20052024
20052025
20052026
20060000
20060101
20060110
20060115
20060120
20060125
20060201
20060210
20060215
20060220
20060225
20060301
20060310
20060315
20060320
20060325
20060401
20060410
20060415
20060420
20060425
20060501
20060510
20060515
20060520
20060525
20060601
20060610
20060615
20060620
20060625
20060701
20060710
20060715
20060720
20060725
20060801
20060810
20060815
20060820
20060825
20060901
20060910
20060915
20060920
20060925
20061001
20061010
20061015
20061020
20061025
20061101
20061110
20061115
20061120
20061125
20061201
20061210
20061215
20061220
20061225
20061234
20061960
20061961
20061962
20061963
20061964
20061965
20061966
20061967
20061968
20061969
20061970
20061971
20061972
20061973
20061974
20061975
20061976
20061977
20061978
20061979
20061980
20061981
20061982
20061983
20061984
20061985
20061986
20061987
20061988
20061989
20061990
20061991
20061992
20061993
20061994
20061995
20061996
20061997
20061998
20061999
20062000
20062001
20062002
20062003
20062004
20062005
20062006
20062007
20062008
20062009
20062010
20062011
20062012
20062013
20062014
20062015
20062016
20062017
20062018
20062019
20062020
20062021
20062022
20062023
20062024
20062025
20062026
20070000
20070101
20070110
20070115
20070120
20070125
20070201
20070210
20070215
20070220
20070225
20070301
20070310
20070315
20070320
20070325
20070401
20070410
20070415
20070420
20070425
20070501
20070510
20070515
20070520
20070525
20070601
20070610
20070615
20070620
20070625
20070701
20070710
20070715
20070720
20070725
20070801
20070810
20070815
20070820
20070825
20070901
20070910
20070915
20070920
20070925
20071001
20071010
20071015
20071020
20071025
20071101
20071110
20071115
20071120
20071125
20071201
20071210
20071215
20071220
20071225
20071234
20071960
20071961
20071962
20071963
20071964
20071965
20071966
20071967
20071968
20071969
20071970
20071971
20071972
20071973
20071974
20071975
20071976
20071977
20071978
20071979
20071980
20071981
20071982
20071983
20071984
20071985
20071986
20071987
20071988
20071989
20071990
20071991
20071992
20071993
20071994
20071995
20071996
20071997
20071998
20071999
20072000
20072001
20072002
20072003
20072004
20072005
20072006
20072007
20072008
20072009
20072010
20072011
20072012
20072013
20072014
20072015
20072016
20072017
20072018
20072019
20072020
20072021
20072022
20072023
20072024
20072025
20072026
20080000
20080101
20080110
20080115
20080120
20080125
20080201
20080210
20080215
20080220
20080225
20080301
20080310
20080315
20080320
20080325
20080401
20080410
20080415
20080420
20080425
20080501
20080510
20080515
20080520
20080525
20080601
20080610
20080615
20080620
20080625
20080701
20080710
20080715
20080720
20080725
20080801
20080810
20080815
20080820
20080825
20080901
20080910
20080915
20080920
20080925
20081001
20081010
20081015
20081020
20081025
20081101
20081110
20081115
20081120
20081125
20081201
20081210
20081215
20081220
20081225
20081234
20081960
20081961
20081962
20081963
20081964
20081965
20081966
20081967
20081968
20081969
20081970
20081971
20081972
20081973
20081974
20081975
20081976
20081977
20081978
20081979
20081980
20081981
20081982
20081983
20081984
20081985
20081986
20081987
20081988
20081989
20081990
20081991
20081992
20081993
20081994
20081995
20081996
20081997
20081998
20081999
20082000
20082001
20082002
20082003
20082004
20082005
20082006
20082007
20082008
20082009
20082010
20082011
20082012
20082013
20082014
20082015
20082016
20082017
20082018
20082019
20082020
20082021
20082022
20082023
20082024
20082025
20082026
20090000
20090101
20090110
20090115
20090120
20090125
20090201
20090210
20090215
20090220
20090225
20090301
20090310
20090315
20090320
20090325
20090401
20090410
20090415
20090420
20090425
20090501
20090510
20090515
20090520
20090525
20090601
20090610
20090615
20090620
20090625
20090701
20090710
20090715
20090720
20090725
20090801
20090810
20090815
20090820
20090825
20090901
20090910
20090915
20090920
20090925
20091001
20091010
20091015
20091020
20091025
20091101
20091110
20091115
20091120
20091125
20091201
20091210
20091215
20091220
20091225
20091234
20091960
20091961
20091962
20091963
20091964
20091965
20091966
20091967
20091968
20091969
20091970
20091971
20091972
20091973
20091974
20091975
20091976
20091977
20091978
20091979
20091980
20091981
20091982
20091983
20091984
20091985
20091986
20091987
20091988
20091989
20091990
20091991
20091992
20091993
20091994
20091995
20091996
20091997
20091998
20091999
20092000
20092001
20092002
20092003
20092004
20092005
20092006
20092007
20092008
20092009
20092010
20092011
20092012
20092013
20092014
20092015
20092016
20092017
20092018
20092019
20092020
20092021
20092022
20092023
20092024
20092025
20092026
20100000
20100101
20100110
20100115
20100120
20100125
20100201
20100210
20100215
20100220
20100225
20100301
20100310
20100315
20100320
20100325
20100401
20100410
20100415
20100420
20100425
20100501
20100510
20100515
20100520
20100525
20100601
20100610
20100615
20100620
20100625
20100701
20100710
20100715
20100720
20100725
20100801
20100810
20100815
20100820
20100825
20100901
20100910
20100915
20100920
20100925
20101001
20101010
20101015
20101020
20101025
20101101
20101110
20101115
20101120
20101125
20101201
20101210
20101215
20101220
20101225
20101234
20101960
20101961
20101962
20101963
20101964
20101965
20101966
20101967
20101968
20101969
20101970
20101971
20101972
20101973
20101974
20101975
20101976
20101977
20101978
20101979
20101980
20101981
20101982
20101983
20101984
20101985
20101986
20101987
20101988
20101989
20101990
20101991
20101992
20101993
20101994
20101995
20101996
20101997
20101998
20101999
20102000
20102001
20102002
20102003
20102004
20102005
20102006
20102007
20102008
20102009
20102010
20102011
20102012
20102013
20102014
20102015
20102016
20102017
20102018
20102019
20102020
20102021
20102022
20102023
20102024
20102025
20102026
20110000
20110101
20110110
20110115
20110120
20110125
20110201
20110210
20110215
20110220
20110225
20110301
20110310
20110315
20110320
20110325
20110401
20110410
20110415
20110420
20110425
20110501
20110510
20110515
20110520
20110525
20110601
20110610
20110615
20110620
20110625
20110701
20110710
20110715
20110720
20110725
20110801
20110810
20110815
20110820
20110825
20110901
20110910
20110915
20110920
20110925
20111001
20111010
20111015
20111020
20111025
20111101
20111110
20111115
20111120
20111125
20111201
20111210
20111215
20111220
20111225
20111234
20111960
20111961
20111962
20111963
20111964
20111965
20111966
20111967
20111968
20111969
20111970
20111971
20111972
20111973
20111974
20111975
20111976
20111977
20111978
20111979
20111980
20111981
20111982
20111983
20111984
20111985
20111986
20111987
20111988
20111989
20111990
20111991
20111992
20111993
20111994
20111995
20111996
20111997
20111998
20111999
20112000
20112001
20112002
20112003
20112004
20112005
20112006
20112007
20112008
20112009
20112010
20112011
20112012
20112013
20112014
20112015
20112016
20112017
20112018
20112019
20112020
20112021
20112022
20112023
20112024
20112025
20112026
20120000
20120101
20120110
20120115
20120120
20120125
20120201
20120210
20120215
20120220
20120225
20120301
20120310
20120315
20120320
20120325
20120401
20120410
20120415
20120420
20120425
20120501
20120510
20120515
20120520
20120525
20120601
20120610
20120615
20120620
20120625
20120701
20120710
20120715
20120720
20120725
20120801
20120810
20120815
20120820
20120825
20120901
20120910
20120915
20120920
20120925
20121001
20121010
20121015
20121020
20121025
20121101
20121110
20121115
20121120
20121125
20121201
20121210
20121215
20121220
20121225
20121234
20121960
20121961
20121962
20121963
20121964
20121965
20121966
20121967
20121968
20121969
20121970
20121971
20121972
20121973
20121974
20121975
20121976
20121977
20121978
20121979
20121980
20121981
20121982
20121983
20121984
20121985
20121986
20121987
20121988
20121989
20121990
20121991
20121992
20121993
20121994
20121995
20121996
20121997
20121998
20121999
20122000
20122001
20122002
20122003
20122004
20122005
20122006
20122007
20122008
20122009
20122010
20122011
20122012
20122013
20122014
20122015
20122016
20122017
20122018
20122019
20122020
20122021
20122022
20122023
20122024
20122025
20122026
20130000
20130101
20130110
20130115
20130120
20130125
20130201
20130210
20130215
20130220
20130225
20130301
20130310
20130315
20130320
20130325
20130401
20130410
20130415
20130420
20130425
20130501
20130510
20130515
20130520
20130525
20130601
20130610
20130615
20130620
20130625
20130701
20130710
20130715
20130720
20130725
20130801
20130810
20130815
20130820
20130825
20130901
20130910
20130915
20130920
20130925
20131001
20131010
20131015
20131020
20131025
20131101
20131110
20131115
20131120
20131125
20131201
20131210
20131215
20131220
20131225
20131234
20132013
20140000
20140101
20140110
20140115
20140120
20140125
20140201
20140210
20140215
20140220
20140225
20140301
20140310
20140315
20140320
20140325
20140401
20140410
20140415
20140420
20140425
20140501
20140510
20140515
20140520
20140525
20140601
20140610
20140615
20140620
20140625
20140701
20140710
20140715
20140720
20140725
20140801
20140810
20140815
20140820
20140825
20140901
20140910
20140915
20140920
20140925
20141001
20141010
20141015
20141020
20141025
20141101
20141110
20141115
20141120
20141125
20141201
20141210
20141215
20141220
20141225
20141234
20142014
20150000
20150101
20150110
20150115
20150120
20150125
20150201
20150210
20150215
20150220
20150225
20150301
20150310
20150315
20150320
20150325
20150401
20150410
20150415
20150420
20150425
20150501
20150510
20150515
20150520
20150525
20150601
20150610
20150615
20150620
20150625
20150701
20150710
20150715
20150720
20150725
20150801
20150810
20150815
20150820
20150825
20150901
20150910
20150915
20150920
20150925
20151001
20151010
20151015
20151020
20151025
20151101
20151110
20151115
20151120
20151125
20151201
20151210
20151215
20151220
20151225
20151234
20152015
20160000
20160101
20160110
20160115
20160120
20160125
20160201
20160210
20160215
20160220
20160225
20160301
20160310
20160315
20160320
20160325
20160401
20160410
20160415
20160420
20160425
20160501
20160510
20160515
20160520
20160525
20160601
20160610
20160615
20160620
20160625
20160701
20160710
20160715
20160720
20160725
20160801
20160810
20160815
20160820
20160825
20160901
20160910
20160915
20160920
20160925
20161001
20161010
20161015
20161020
20161025
20161101
20161110
20161115
20161120
20161125
20161201
20161210
20161215
20161220
20161225
20161234
20162016
20170000
20170101
20170110
20170115
20170120
20170125
20170201
20170210
20170215
20170220
20170225
20170301
20170310
20170315
20170320
20170325
20170401
20170410
20170415
20170420
20170425
20170501
20170510
20170515
20170520
20170525
20170601
20170610
20170615
20170620
20170625
20170701
20170710
20170715
20170720
20170725
20170801
20170810
20170815
20170820
20170825
20170901
20170910
20170915
20170920
20170925
20171001
20171010
20171015
20171020
20171025
20171101
20171110
20171115
20171120
20171125
20171201
20171210
20171215
20171220
20171225
20171234
20172017
20180000
20180101
20180110
20180115
20180120
20180125
20180201
20180210
20180215
20180220
20180225
20180301
20180310
20180315
20180320
20180325
20180401
20180410
20180415
20180420
20180425
20180501
20180510
20180515
20180520
20180525
20180601
20180610
20180615
20180620
20180625
20180701
20180710
20180715
20180720
20180725
20180801
20180810
20180815
20180820
20180825
20180901
20180910
20180915
20180920
20180925
20181001
20181010
20181015
20181020
20181025
20181101
20181110
20181115
20181120
20181125
20181201
20181210
20181215
20181220
20181225
20181234
20182018
20190000
20190101
20190110
20190115
20190120
20190125
20190201
20190210
20190215
20190220
20190225
20190301
20190310
20190315
20190320
20190325
20190401
20190410
20190415
20190420
20190425
20190501
20190510
20190515
20190520
20190525
20190601
20190610
20190615
20190620
20190625
20190701
20190710
20190715
20190720
20190725
20190801
20190810
20190815
20190820
20190825
20190901
20190910
20190915
20190920
20190925
20191001
20191010
20191015
20191020
20191025
20191101
20191110
20191115
20191120
20191125
20191201
20191210
20191215
20191220
20191225
20191234
20192019
20200000
20200101
20200110
20200115
20200120
20200125
20200201
20200210
20200215
20200220
20200225
20200301
20200310
20200315
20200320
20200325
20200401
20200410
20200415
20200420
20200425
20200501
20200510
20200515
20200520
20200525
20200601
20200610
20200615
20200620
20200625
20200701
20200710
20200715
20200720
20200725
20200801
20200810
20200815
20200820
20200825
20200901
20200910
20200915
20200920
20200925
20201001
20201010
20201015
20201020
20201025
20201101
20201110
20201115
20201120
20201125
20201201
20201210
20201215
20201220
20201225
20201234
20202020
20210000
20210101
20210110
20210115
20210120
20210125
20210201
20210210
20210215
20210220
20210225
20210301
20210310
20210315
20210320
20210325
20210401
20210410
20210415
20210420
20210425
20210501
20210510
20210515
20210520
20210525
20210601
20210610
20210615
20210620
20210625
20210701
20210710
20210715
20210720
20210725
20210801
20210810
20210815
20210820
20210825
20210901
20210910
20210915
20210920
20210925
20211001
20211010
20211015
20211020
20211025
20211101
20211110
20211115
20211120
20211125
20211201
20211210
20211215
20211220
20211225
20211234
20212021
20220000
20220101
20220110
20220115
20220120
20220125
20220201
20220210
20220215
20220220
20220225
20220301
20220310
20220315
20220320
20220325
20220401
20220410
20220415
20220420
20220425
20220501
20220510
20220515
20220520
20220525
20220601
20220610
20220615
20220620
20220625
20220701
20220710
20220715
20220720
20220725
20220801
20220810
20220815
20220820
20220825
20220901
20220910
20220915
20220920
20220925
20221001
20221010
20221015
20221020
20221025
20221101
20221110
20221115
20221120
20221125
20221201
20221210
20221215
20221220
20221225
20221234
20222022
20230000
20230101
20230110
20230115
20230120
20230125
20230201
20230210
20230215
20230220
20230225
20230301
20230310
20230315
20230320
20230325
20230401
20230410
20230415
20230420
20230425
20230501
20230510
20230515
20230520
20230525
20230601
20230610
20230615
20230620
20230625
20230701
20230710
20230715
20230720
20230725
20230801
20230810
20230815
20230820
20230825
20230901
20230910
20230915
20230920
20230925
20231001
20231010
20231015
20231020
20231025
20231101
20231110
20231115
20231120
20231125
20231201
20231210
20231215
20231220
20231225
20231234
20232023
20240000
20240101
20240110
20240115
20240120
20240125
20240201
20240210
20240215
20240220
20240225
20240301
20240310
20240315
20240320
20240325
20240401
20240410
20240415
20240420
20240425
20240501
20240510
20240515
20240520
20240525
20240601
20240610
20240615
20240620
20240625
20240701
20240710
20240715
20240720
20240725
20240801
20240810
20240815
20240820
20240825
20240901
20240910
20240915
20240920
20240925
20241001
20241010
20241015
20241020
20241025
20241101
20241110
20241115
20241120
20241125
20241201
20241210
20241215
20241220
20241225
20241234
20242024
20250000
20250101
20250110
20250115
20250120
20250125
20250201
20250210
20250215
20250220
20250225
20250301
20250310
20250315
20250320
20250325
20250401
20250410
20250415
20250420
20250425
20250501
20250510
20250515
20250520
20250525
20250601
20250610
20250615
20250620
20250625
20250701
20250710
20250715
20250720
20250725
20250801
20250810
20250815
20250820
20250825
20250901
20250910
20250915
20250920
20250925
20251001
20251010
20251015
20251020
20251025
20251101
20251110
20251115
20251120
20251125
20251201
20251210
20251215
20251220
20251225
20251234
20252025
20260000
20260101
20260110
20260115
20260120
20260125
20260201
20260210
20260215
20260220
20260225
20260301
20260310
20260315
20260320
20260325
20260401
20260410
20260415
20260420
20260425
20260501
20260510
20260515
20260520
20260525
20260601
20260610
20260615
20260620
20260625
20260701
20260710
20260715
20260720
20260725
20260801
20260810
20260815
20260820
20260825
20260901
20260910
20260915
20260920
20260925
20261001
20261010
20261015
20261020
20261025
20261101
20261110
20261115
20261120
20261125
20261201
20261210
20261215
20261220
20261225
20261234
20262026
21212121
2121212121
22222222
222222222
2222222222
23456789
25011960
25011961
25011962
25011963
25011964
25011965
25011966
25011967
25011968
25011969
25011970
25011971
25011972
25011973
25011974
25011975
25011976
25011977
25011978
25011979
25011980
25011981
25011982
25011983
25011984
25011985
25011986
25011987
25011988
25011989
25011990
25011991
25011992
25011993
25011994
25011995
25011996
25011997
25011998
25011999
25012000
25012001
25012002
25012003
25012004
25012005
25012006
25012007
25012008
25012009
25012010
25012011
25012012
25012013
25012014
25012015
25012016
25012017
25012018
25012019
25012020
25012021
25012022
25012023
25012024
25012025
25012026
25021960
25021961
25021962
25021963
25021964
25021965
25021966
25021967
25021968
25021969
25021970
25021971
25021972
25021973
25021974
25021975
25021976
25021977
25021978
25021979
25021980
25021981
25021982
25021983
25021984
25021985
25021986
25021987
25021988
25021989
25021990
25021991
25021992
25021993
25021994
25021995
25021996
25021997
25021998
25021999
25022000
25022001
25022002
25022003
25022004
25022005
25022006
25022007
25022008
25022009
25022010
25022011
25022012
25022013
25022014
25022015
25022016
25022017
25022018
25022019
25022020
25022021
25022022
25022023
25022024
25022025
25022026
25031960
25031961
25031962
25031963
25031964
25031965
25031966
25031967
25031968
25031969
25031970
25031971
25031972
25031973
25031974
25031975
25031976
25031977
25031978
25031979
25031980
25031981
25031982
25031983
25031984
25031985
25031986
25031987
25031988
25031989
25031990
25031991
25031992
25031993
25031994
25031995
25031996
25031997
25031998
25031999
25032000
25032001
25032002
25032003
25032004
25032005
25032006
25032007
25032008
25032009
25032010
25032011
25032012
25032013
25032014
25032015
25032016
25032017
25032018
25032019
25032020
25032021
25032022
25032023
25032024
25032025
25032026
25041960
25041961
25041962
25041963
25041964
25041965
25041966
25041967
25041968
25041969
25041970
25041971
25041972
25041973
25041974
25041975
25041976
25041977
25041978
25041979
25041980
25041981
25041982
25041983
25041984
25041985
25041986
25041987
25041988
25041989
25041990
25041991
25041992
25041993
25041994
25041995
25041996
25041997
25041998
25041999
25042000
25042001
25042002
25042003
25042004
25042005
25042006
25042007
25042008
25042009
25042010
25042011
25042012
25042013
25042014
25042015
25042016
25042017
25042018
25042019
25042020
25042021
25042022
25042023
25042024
25042025
25042026
25051960
25051961
25051962
25051963
25051964
25051965
25051966
25051967
25051968
25051969
25051970
25051971
25051972
25051973
25051974
25051975
25051976
25051977
25051978
25051979
25051980
25051981
25051982
25051983
25051984
25051985
25051986
25051987
25051988
25051989
25051990
25051991
25051992
25051993
25051994
25051995
25051996
25051997
25051998
25051999
25052000
25052001
25052002
25052003
25052004
25052005
25052006
25052007
25052008
25052009
25052010
25052011
25052012
25052013
25052014
25052015
25052016
25052017
25052018
25052019
25052020
25052021
25052022
25052023
25052024
25052025
25052026
25061960
25061961
25061962
25061963
25061964
25061965
25061966
25061967
25061968
25061969
25061970
25061971
25061972
25061973
25061974
25061975
25061976
25061977
25061978
25061979
25061980
25061981
25061982
25061983
25061984
25061985
25061986
25061987
25061988
25061989
25061990
25061991
25061992
25061993
25061994
25061995
25061996
25061997
25061998
25061999
25062000
25062001
25062002
25062003
25062004
25062005
25062006
25062007
25062008
25062009
25062010
25062011
25062012
25062013
25062014
25062015
25062016
25062017
25062018
25062019
25062020
25062021
25062022
25062023
25062024
25062025
25062026
25071960
25071961
25071962
25071963
25071964
25071965
25071966
25071967
25071968
25071969
25071970
25071971
25071972
25071973
25071974
25071975
25071976
25071977
25071978
25071979
25071980
25071981
25071982
25071983
25071984
25071985
25071986
25071987
25071988
25071989
25071990
25071991
25071992
25071993
25071994
25071995
25071996
25071997
25071998
25071999
25072000
25072001
25072002
25072003
25072004
25072005
25072006
25072007
25072008
25072009
25072010
25072011
25072012
25072013
25072014
25072015
25072016
25072017
25072018
25072019
25072020
25072021
25072022
25072023
25072024
25072025
25072026
25081960
25081961
25081962
25081963
25081964
25081965
25081966
25081967
25081968
25081969
25081970
25081971
25081972
25081973
25081974
25081975
25081976
25081977
25081978
25081979
25081980
25081981
25081982
25081983
25081984
25081985
25081986
25081987
25081988
25081989
25081990
25081991
25081992
25081993
25081994
25081995
25081996
25081997
25081998
25081999
25082000
25082001
25082002
25082003
25082004
25082005
25082006
25082007
25082008
25082009
25082010
25082011
25082012
25082013
25082014
25082015
25082016
25082017
25082018
25082019
25082020
25082021
25082022
25082023
25082024
25082025
25082026
25091960
25091961
25091962
25091963
25091964
25091965
25091966
25091967
25091968
25091969
25091970
25091971
25091972
25091973
25091974
25091975
25091976
25091977
25091978
25091979
25091980
25091981
25091982
25091983
25091984
25091985
25091986
25091987
25091988
25091989
25091990
25091991
25091992
25091993
25091994
25091995
25091996
25091997
25091998
25091999
25092000
25092001
25092002
25092003
25092004
25092005
25092006
25092007
25092008
25092009
25092010
25092011
25092012
25092013
25092014
25092015
25092016
25092017
25092018
25092019
25092020
25092021
25092022
25092023
25092024
25092025
25092026
25101960
25101961
25101962
25101963
25101964
25101965
25101966
25101967
25101968
25101969
25101970
25101971
25101972
25101973
25101974
25101975
25101976
25101977
25101978
25101979
25101980
25101981
25101982
25101983
25101984
25101985
25101986
25101987
25101988
25101989
25101990
25101991
25101992
25101993
25101994
25101995
25101996
25101997
25101998
25101999
25102000
25102001
25102002
25102003
25102004
25102005
25102006
25102007
25102008
25102009
25102010
25102011
25102012
25102013
25102014
25102015
25102016
25102017
25102018
25102019
25102020
25102021
25102022
25102023
25102024
25102025
25102026
25111960
25111961
25111962
25111963
25111964
25111965
25111966
25111967
25111968
25111969
25111970
25111971
25111972
25111973
25111974
25111975
25111976
25111977
25111978
25111979
25111980
25111981
25111982
25111983
25111984
25111985
25111986
25111987
25111988
25111989
25111990
25111991
25111992
25111993
25111994
25111995
25111996
25111997
25111998
25111999
25112000
25112001
25112002
25112003
25112004
25112005
25112006
25112007
25112008
25112009
25112010
25112011
25112012
25112013
25112014
25112015
25112016
25112017
25112018
25112019
25112020
25112021
25112022
25112023
25112024
25112025
25112026
25121960
25121961
25121962
25121963
25121964
25121965
25121966
25121967
25121968
25121969
25121970
25121971
25121972
25121973
25121974
25121975
25121976
25121977
25121978
25121979
25121980
25121981
25121982
25121983
25121984
25121985
25121986
25121987
25121988
25121989
25121990
25121991
25121992
25121993
25121994
25121995
25121996
25121997
25121998
25121999
25122000
25122001
25122002
25122003
25122004
25122005
25122006
25122007
25122008
25122009
25122010
25122011
25122012
25122013
25122014
25122015
25122016
25122017
25122018
25122019
25122020
25122021
25122022
25122023
25122024
25122025
25122026
2wsx3edc
2wsxzaq1
3100000000
3100009973
3100019946
3100029919
3100039892
3100049865
3100059838
3100069811
3100079784
3100089757
3100099730
3100109703
3100119676
3100129649
3100139622
3100149595
3100159568
3100169541
3100179514
3100189487
3100199460
3100209433
3100219406
3100229379
3100239352
3100249325
3100259298
3100269271
3100279244
3100289217
3100299190
3100309163
3100319136
3100329109
3100339082
3100349055
3100359028
3100369001
3100378974
3100388947
3100398920
3100408893
3100418866
3100428839
3100438812
3100448785
3100458758
3100468731
3100478704
3100488677
3100498650
3100508623
3100518596
3100528569
3100538542
3100548515
3100558488
3100568461
3100578434
3100588407
3100598380
3100608353
3100618326
3100628299
3100638272
3100648245
3100658218
3100668191
3100678164
3100688137
3100698110
3100708083
3100718056
3100728029
3100738002
3100747975
3100757948
3100767921
3100777894
3100787867
3100797840
3100807813
3100817786
3100827759
3100837732
3100847705
3100857678
3100867651
3100877624
3100887597
3100897570
3100907543
3100917516
3100927489
3100937462
3100947435
3100957408
3100967381
3100977354
3100987327
3100997300
3101007273
3101017246
3101027219
3101037192
3101047165
3101057138
3101067111
3101077084
3101087057
3101097030
3101107003
3101116976
3101126949
3101136922
3101146895
3101156868
3101166841
3101176814
3101186787
3101196760
3101206733
3101216706
3101226679
3101236652
3101246625
3101256598
3101266571
3101276544
3101286517
3101296490
3101306463
3101316436
3101326409
3101336382
3101346355
3101356328
3101366301
3101376274
3101386247
3101396220
3101406193
3101416166
3101426139
3101436112
3101446085
3101456058
3101466031
3101476004
3101485977
3101495950
3101505923
3101515896
3101525869
3101535842
3101545815
3101555788
3101565761
3101575734
3101585707
3101595680
3101605653
3101615626
3101625599
3101635572
3101645545
3101655518
3101665491
3101675464
3101685437
3101695410
3101705383
3101715356
3101725329
3101735302
3101745275
3101755248
3101765221
3101775194
3101785167
3101795140
3101805113
3101815086
3101825059
3101835032
3101845005
3101854978
3101864951
3101874924
3101884897
3101894870
3101904843
3101914816
3101924789
3101934762
3101944735
3101954708
3101964681
3101974654
3101984627
3101994600
3102004573
3102014546
3102024519
3102034492
3102044465
3102054438
3102064411
3102074384
3102084357
3102094330
3102104303
3102114276
3102124249
3102134222
3102144195
3102154168
3102164141
3102174114
3102184087
3102194060
3102204033
3102214006
3102223979
3102233952
3102243925
3102253898
3102263871
3102273844
3102283817
3102293790
3102303763
3102313736
3102323709
3102333682
3102343655
3102353628
3102363601
3102373574
3102383547
3102393520
3102403493
3102413466
3102423439
3102433412
3102443385
3102453358
3102463331
3102473304
3102483277
3102493250
3102503223
3102513196
3102523169
3102533142
3102543115
3102553088
3102563061
3102573034
3102583007
3102592980
3102602953
3102612926
3102622899
3102632872
3102642845
3102652818
3102662791
3102672764
3102682737
3102692710
3102702683
3102712656
3102722629
3102732602
3102742575
3102752548
3102762521
3102772494
3102782467
3102792440
3102802413
3102812386
3102822359
3102832332
3102842305
3102852278
3102862251
3102872224
3102882197
3102892170
3102902143
3102912116
3102922089
3102932062
3102942035
3102952008
3102961981
3102971954
3102981927
3102991900
3103001873
3103011846
3103021819
3103031792
3103041765
3103051738
3103061711
3103071684
3103081657
3103091630
3103101603
3103111576
3103121549
3103131522
3103141495
3103151468
3103161441
3103171414
3103181387
3103191360
3103201333
3103211306
3103221279
3103231252
3103241225
3103251198
3103261171
3103271144
3103281117
3103291090
3103301063
3103311036
3103321009
3103330982
3103340955
3103350928
3103360901
3103370874
3103380847
3103390820
3103400793
3103410766
3103420739
3103430712
3103440685
3103450658
3103460631
3103470604
3103480577
3103490550
3103500523
3103510496
3103520469
3103530442
3103540415
3103550388
3103560361
3103570334
3103580307
3103590280
3103600253
3103610226
3103620199
3103630172
3103640145
3103650118
3103660091
3103670064
3103680037
3103690010
3103699983
3103709956
3103719929
3103729902
3103739875
3103749848
3103759821
3103769794
3103779767
3103789740
3103799713
3103809686
3103819659
3103829632
3103839605
3103849578
3103859551
3103869524
3103879497
3103889470
3103899443
3103909416
3103919389
3103929362
3103939335
3103949308
3103959281
3103969254
3103979227
3103989200
3103999173
3104009146
3104019119
3104029092
3104039065
3104049038
3104059011
3104068984
3104078957
3104088930
3104098903
3104108876
3104118849
3104128822
3104138795
3104148768
3104158741
3104168714
3104178687
3104188660
3104198633
3104208606
3104218579
3104228552
3104238525
3104248498
3104258471
3104268444
3104278417
3104288390
3104298363
3104308336
3104318309
3104328282
3104338255
3104348228
3104358201
3104368174
3104378147
3104388120
3104398093
3104408066
3104418039
3104428012
3104437985
3104447958
3104457931
3104467904
3104477877
3104487850
3104497823
3104507796
3104517769
3104527742
3104537715
3104547688
3104557661
3104567634
3104577607
3104587580
3104597553
3104607526
3104617499
3104627472
3104637445
3104647418
3104657391
3104667364
3104677337
3104687310
3104697283
3104707256
3104717229
3104727202
3104737175
3104747148
3104757121
3104767094
3104777067
3104787040
3104797013
3104806986
3104816959
3104826932
3104836905
3104846878
3104856851
3104866824
3104876797
3104886770
3104896743
3104906716
3104916689
3104926662
3104936635
3104946608
3104956581
3104966554
3104976527
3104986500
3104996473
3105006446
3105016419
3105026392
3105036365
3105046338
3105056311
3105066284
3105076257
3105086230
3105096203
3105106176
3105116149
3105126122
3105136095
3105146068
3105156041
3105166014
3105175987
3105185960
3105195933
3105205906
3105215879
3105225852
3105235825
3105245798
3105255771
3105265744
3105275717
3105285690
3105295663
3105305636
3105315609
3105325582
3105335555
3105345528
3105355501
3105365474
3105375447
3105385420
3105395393
3105405366
3105415339
3105425312
3105435285
3105445258
3105455231
3105465204
3105475177
3105485150
3105495123
3105505096
3105515069
3105525042
3105535015
3105544988
3105554961
3105564934
3105574907
3105584880
3105594853
3105604826
3105614799
3105624772
3105634745
3105644718
3105654691
3105664664
3105674637
3105684610
3105694583
3105704556
3105714529
3105724502
3105734475
3105744448
3105754421
3105764394
3105774367
3105784340
3105794313
3105804286
3105814259
3105824232
3105834205
3105844178
3105854151
3105864124
3105874097
3105884070
3105894043
3105904016
3105913989
3105923962
3105933935
3105943908
3105953881
3105963854
3105973827
3105983800
3105993773
3106003746
3106013719
3106023692
3106033665
3106043638
3106053611
3106063584
3106073557
3106083530
3106093503
3106103476
3106113449
3106123422
3106133395
3106143368
3106153341
3106163314
3106173287
3106183260
3106193233
3106203206
3106213179
3106223152
3106233125
3106243098
3106253071
3106263044
3106273017
3106282990
3106292963
3106302936
3106312909
3106322882
3106332855
3106342828
3106352801
3106362774
3106372747
3106382720
3106392693
3106402666
3106412639
3106422612
3106432585
3106442558
3106452531
3106462504
3106472477
3106482450
3106492423
3106502396
3106512369
3106522342
3106532315
3106542288
3106552261
3106562234
3106572207
3106582180
3106592153
3106602126
3106612099
3106622072
3106632045
3106642018
3106651991
3106661964
3106671937
3106681910
3106691883
3106701856
3106711829
3106721802
3106731775
3106741748
3106751721
3106761694
3106771667
3106781640
3106791613
3106801586
3106811559
3106821532
3106831505
3106841478
3106851451
3106861424
3106871397
3106881370
3106891343
3106901316
3106911289
3106921262
3106931235
3106941208
3106951181
3106961154
3106971127
3106981100
3106991073
3107001046
3107011019
3107020992
3107030965
3107040938
3107050911
3107060884
3107070857
3107080830
3107090803
3107100776
3107110749
3107120722
3107130695
3107140668
3107150641
3107160614
3107170587
3107180560
3107190533
3107200506
3107210479
3107220452
3107230425
3107240398
3107250371
3107260344
3107270317
3107280290
3107290263
3107300236
3107310209
3107320182
3107330155
3107340128
3107350101
3107360074
3107370047
3107380020
3107389993
3107399966
3107409939
3107419912
3107429885
3107439858
3107449831
3107459804
3107469777
3107479750
3107489723
3107499696
3107509669
3107519642
3107529615
3107539588
3107549561
3107559534
3107569507
3107579480
3107589453
3107599426
3107609399
3107619372
3107629345
3107639318
3107649291
3107659264
3107669237
3107679210
3107689183
3107699156
3107709129
3107719102
3107729075
3107739048
3107749021
3107758994
3107768967
3107778940
3107788913
3107798886
3107808859
3107818832
3107828805
3107838778
3107848751
3107858724
3107868697
3107878670
3107888643
3107898616
3107908589
3107918562
3107928535
3107938508
3107948481
3107958454
3107968427
3107978400
3107988373
3107998346
3108008319
3108018292
3108028265
3108038238
3108048211
3108058184
3108068157
3108078130
3108088103
3108098076
3108108049
3108118022
3108127995
3108137968
3108147941
3108157914
3108167887
3108177860
3108187833
3108197806
3108207779
3108217752
3108227725
3108237698
3108247671
3108257644
3108267617
3108277590
3108287563
3108297536
3108307509
3108317482
3108327455
3108337428
3108347401
3108357374
3108367347
3108377320
3108387293
3108397266
3108407239
3108417212
3108427185
3108437158
3108447131
3108457104
3108467077
3108477050
3108487023
3108496996
3108506969
3108516942
3108526915
3108536888
3108546861
3108556834
3108566807
3108576780
3108586753
3108596726
3108606699
3108616672
3108626645
3108636618
3108646591
3108656564
3108666537
3108676510
3108686483
3108696456
3108706429
3108716402
3108726375
3108736348
3108746321
3108756294
3108766267
3108776240
3108786213
3108796186
3108806159
3108816132
3108826105
3108836078
3108846051
3108856024
3108865997
3108875970
3108885943
3108895916
3108905889
3108915862
3108925835
3108935808
3108945781
3108955754
3108965727
3108975700
3108985673
3108995646
3109005619
3109015592
3109025565
3109035538
3109045511
3109055484
3109065457
3109075430
3109085403
3109095376
3109105349
3109115322
3109125295
3109135268
3109145241
3109155214
3109165187
3109175160
3109185133
3109195106
3109205079
3109215052
3109225025
3109234998
3109244971
3109254944
3109264917
3109274890
3109284863
3109294836
3109304809
3109314782
3109324755
3109334728
3109344701
3109354674
3109364647
3109374620
3109384593
3109394566
3109404539
3109414512
3109424485
3109434458
3109444431
3109454404
3109464377
3109474350
3109484323
3109494296
3109504269
3109514242
3109524215
3109534188
3109544161
3109554134
3109564107
3109574080
3109584053
3109594026
3109603999
3109613972
3109623945
3109633918
3109643891
3109653864
3109663837
3109673810
3109683783
3109693756
3109703729
3109713702
3109723675
3109733648
3109743621
3109753594
3109763567
3109773540
3109783513
3109793486
3109803459
3109813432
3109823405
3109833378
3109843351
3109853324
3109863297
3109873270
3109883243
3109893216
3109903189
3109913162
3109923135
3109933108
3109943081
3109953054
3109963027
3109973000
3109982973
3109992946
3200000000
3200009973
3200019946
3200029919
3200039892
3200049865
3200059838
3200069811
3200079784
3200089757
3200099730
3200109703
3200119676
3200129649
3200139622
3200149595
3200159568
3200169541
3200179514
3200189487
3200199460
3200209433
3200219406
3200229379
3200239352
3200249325
3200259298
3200269271
3200279244
3200289217
3200299190
3200309163
3200319136
3200329109
3200339082
3200349055
3200359028
3200369001
3200378974
3200388947
3200398920
3200408893
3200418866
3200428839
3200438812
3200448785
3200458758
3200468731
3200478704
3200488677
3200498650
3200508623
3200518596
3200528569
3200538542
3200548515
3200558488
3200568461
3200578434
3200588407
3200598380
3200608353
3200618326
3200628299
3200638272
3200648245
3200658218
3200668191
3200678164
3200688137
3200698110
3200708083
3200718056
3200728029
3200738002
3200747975
3200757948
3200767921
3200777894
3200787867
3200797840
3200807813
3200817786
3200827759
3200837732
3200847705
3200857678
3200867651
3200877624
3200887597
3200897570
3200907543
3200917516
3200927489
3200937462
3200947435
3200957408
3200967381
3200977354
3200987327
3200997300
3201007273
3201017246
3201027219
3201037192
3201047165
3201057138
3201067111
3201077084
3201087057
3201097030
3201107003
3201116976
3201126949
3201136922
3201146895
3201156868
3201166841
3201176814
3201186787
3201196760
3201206733
3201216706
3201226679
3201236652
3201246625
3201256598
3201266571
3201276544
3201286517
3201296490
3201306463
3201316436
3201326409
3201336382
3201346355
3201356328
3201366301
3201376274
3201386247
3201396220
3201406193
3201416166
3201426139
3201436112
3201446085
3201456058
3201466031
3201476004
3201485977
3201495950
3201505923
3201515896
3201525869
3201535842
3201545815
3201555788
3201565761
3201575734
3201585707
3201595680
3201605653
3201615626
3201625599
3201635572
3201645545
3201655518
3201665491
3201675464
3201685437
3201695410
3201705383
3201715356
3201725329
3201735302
3201745275
3201755248
3201765221
3201775194
3201785167
3201795140
3201805113
3201815086
3201825059
3201835032
3201845005
3201854978
3201864951
3201874924
3201884897
3201894870
3201904843
3201914816
3201924789
3201934762
3201944735
3201954708
3201964681
3201974654
3201984627
3201994600
3202004573
3202014546
3202024519
3202034492
3202044465
3202054438
3202064411
3202074384
3202084357
3202094330
3202104303
3202114276
3202124249
3202134222
3202144195
3202154168
3202164141
3202174114
3202184087
3202194060
3202204033
3202214006
3202223979
3202233952
3202243925
3202253898
3202263871
3202273844
3202283817
3202293790
3202303763
3202313736
3202323709
3202333682
3202343655
3202353628
3202363601
3202373574
3202383547
3202393520
3202403493
3202413466
3202423439
3202433412
3202443385
3202453358
3202463331
3202473304
3202483277
3202493250
3202503223
3202513196
3202523169
3202533142
3202543115
3202553088
3202563061
3202573034
3202583007
3202592980
3202602953
3202612926
3202622899
3202632872
3202642845
3202652818
3202662791
3202672764
3202682737
3202692710
3202702683
3202712656
3202722629
3202732602
3202742575
3202752548
3202762521
3202772494
3202782467
3202792440
3202802413
3202812386
3202822359
3202832332
3202842305
3202852278
3202862251
3202872224
3202882197
3202892170
3202902143
3202912116
3202922089
3202932062
3202942035
3202952008
3202961981
3202971954
3202981927
3202991900
3203001873
3203011846
3203021819
3203031792
3203041765
3203051738
3203061711
3203071684
3203081657
3203091630
3203101603
3203111576
3203121549
3203131522
3203141495
3203151468
3203161441
3203171414
3203181387
3203191360
3203201333
3203211306
3203221279
3203231252
3203241225
3203251198
3203261171
3203271144
3203281117
3203291090
3203301063
3203311036
3203321009
3203330982
3203340955
3203350928
3203360901
3203370874
3203380847
3203390820
3203400793
3203410766
3203420739
3203430712
3203440685
3203450658
3203460631
3203470604
3203480577
3203490550
3203500523
3203510496
3203520469
3203530442
3203540415
3203550388
3203560361
3203570334
3203580307
3203590280
3203600253
3203610226
3203620199
3203630172
3203640145
3203650118
3203660091
3203670064
3203680037
3203690010
3203699983
3203709956
3203719929
3203729902
3203739875
3203749848
3203759821
3203769794
3203779767
3203789740
3203799713
3203809686
3203819659
3203829632
3203839605
3203849578
3203859551
3203869524
3203879497
3203889470
3203899443
3203909416
3203919389
3203929362
3203939335
3203949308
3203959281
3203969254
3203979227
3203989200
3203999173
3204009146
3204019119
3204029092
3204039065
3204049038
3204059011
3204068984
3204078957
3204088930
3204098903
3204108876
3204118849
3204128822
3204138795
3204148768
3204158741
3204168714
3204178687
3204188660
3204198633
3204208606
3204218579
3204228552
3204238525
3204248498
3204258471
3204268444
3204278417
3204288390
3204298363
3204308336
3204318309
3204328282
3204338255
3204348228
3204358201
3204368174
3204378147
3204388120
3204398093
3204408066
3204418039
3204428012
3204437985
3204447958
3204457931
3204467904
3204477877
3204487850
3204497823
3204507796
3204517769
3204527742
3204537715
3204547688
3204557661
3204567634
3204577607
3204587580
3204597553
3204607526
3204617499
3204627472
3204637445
3204647418
3204657391
3204667364
3204677337
3204687310
3204697283
3204707256
3204717229
3204727202
3204737175
3204747148
3204757121
3204767094
3204777067
3204787040
3204797013
3204806986
3204816959
3204826932
3204836905
3204846878
3204856851
3204866824
3204876797
3204886770
3204896743
3204906716
3204916689
3204926662
3204936635
3204946608
3204956581
3204966554
3204976527
3204986500
3204996473
3205006446
3205016419
3205026392
3205036365
3205046338
3205056311
3205066284
3205076257
3205086230
3205096203
3205106176
3205116149
3205126122
3205136095
3205146068
3205156041
3205166014
3205175987
3205185960
3205195933
3205205906
3205215879
3205225852
3205235825
3205245798
3205255771
3205265744
3205275717
3205285690
3205295663
3205305636
3205315609
3205325582
3205335555
3205345528
3205355501
3205365474
3205375447
3205385420
3205395393
3205405366
3205415339
3205425312
3205435285
3205445258
3205455231
3205465204
3205475177
3205485150
3205495123
3205505096
3205515069
3205525042
3205535015
3205544988
3205554961
3205564934
3205574907
3205584880
3205594853
3205604826
3205614799
3205624772
3205634745
3205644718
3205654691
3205664664
3205674637
3205684610
3205694583
3205704556
3205714529
3205724502
3205734475
3205744448
3205754421
3205764394
3205774367
3205784340
3205794313
3205804286
3205814259
3205824232
3205834205
3205844178
3205854151
3205864124
3205874097
3205884070
3205894043
3205904016
3205913989
3205923962
3205933935
3205943908
3205953881
3205963854
3205973827
3205983800
3205993773
3206003746
3206013719
3206023692
3206033665
3206043638
3206053611
3206063584
3206073557
3206083530
3206093503
3206103476
3206113449
3206123422
3206133395
3206143368
3206153341
3206163314
3206173287
3206183260
3206193233
3206203206
3206213179
3206223152
3206233125
3206243098
3206253071
3206263044
3206273017
3206282990
3206292963
3206302936
3206312909
3206322882
3206332855
3206342828
3206352801
3206362774
3206372747
3206382720
3206392693
3206402666
3206412639
3206422612
3206432585
3206442558
3206452531
3206462504
3206472477
3206482450
3206492423
3206502396
3206512369
3206522342
3206532315
3206542288
3206552261
3206562234
3206572207
3206582180
3206592153
3206602126
3206612099
3206622072
3206632045
3206642018
3206651991
3206661964
3206671937
3206681910
3206691883
3206701856
3206711829
3206721802
3206731775
3206741748
3206751721
3206761694
3206771667
3206781640
3206791613
3206801586
3206811559
3206821532
3206831505
3206841478
3206851451
3206861424
3206871397
3206881370
3206891343
3206901316
3206911289
3206921262
3206931235
3206941208
3206951181
3206961154
3206971127
3206981100
3206991073
3207001046
3207011019
3207020992
3207030965
3207040938
3207050911
3207060884
3207070857
3207080830
3207090803
3207100776
3207110749
3207120722
3207130695
3207140668
3207150641
3207160614
3207170587
3207180560
3207190533
3207200506
3207210479
3207220452
3207230425
3207240398
3207250371
3207260344
3207270317
3207280290
3207290263
3207300236
3207310209
3207320182
3207330155
3207340128
3207350101
3207360074
3207370047
3207380020
3207389993
3207399966
3207409939
3207419912
3207429885
3207439858
3207449831
3207459804
3207469777
3207479750
3207489723
3207499696
3207509669
3207519642
3207529615
3207539588
3207549561
3207559534
3207569507
3207579480
3207589453
3207599426
3207609399
3207619372
3207629345
3207639318
3207649291
3207659264
3207669237
3207679210
3207689183
3207699156
3207709129
3207719102
3207729075
3207739048
3207749021
3207758994
3207768967
3207778940
3207788913
3207798886
3207808859
3207818832
3207828805
3207838778
3207848751
3207858724
3207868697
3207878670
3207888643
3207898616
3207908589
3207918562
3207928535
3207938508
3207948481
3207958454
3207968427
3207978400
3207988373
3207998346
3208008319
3208018292
3208028265
3208038238
3208048211
3208058184
3208068157
3208078130
3208088103
3208098076
3208108049
3208118022
3208127995
3208137968
3208147941
3208157914
3208167887
3208177860
3208187833
3208197806
3208207779
3208217752
3208227725
3208237698
3208247671
3208257644
3208267617
3208277590
3208287563
3208297536
3208307509
3208317482
3208327455
3208337428
3208347401
3208357374
3208367347
3208377320
3208387293
3208397266
3208407239
3208417212
3208427185
3208437158
3208447131
3208457104
3208467077
3208477050
3208487023
3208496996
3208506969
3208516942
3208526915
3208536888
3208546861
3208556834
3208566807
3208576780
3208586753
3208596726
3208606699
3208616672
3208626645
3208636618
3208646591
3208656564
3208666537
3208676510
3208686483
3208696456
3208706429
3208716402
3208726375
3208736348
3208746321
3208756294
3208766267
3208776240
3208786213
3208796186
3208806159
3208816132
3208826105
3208836078
3208846051
3208856024
3208865997
3208875970
3208885943
3208895916
3208905889
3208915862
3208925835
3208935808
3208945781
3208955754
3208965727
3208975700
3208985673
3208995646
3209005619
3209015592
3209025565
3209035538
3209045511
3209055484
3209065457
3209075430
3209085403
3209095376
3209105349
3209115322
3209125295
3209135268
3209145241
3209155214
3209165187
3209175160
3209185133
3209195106
3209205079
3209215052
3209225025
3209234998
3209244971
3209254944
3209264917
3209274890
3209284863
3209294836
3209304809
3209314782
3209324755
3209334728
3209344701
3209354674
3209364647
3209374620
3209384593
3209394566
3209404539
3209414512
3209424485
3209434458
3209444431
3209454404
3209464377
3209474350
3209484323
3209494296
3209504269
3209514242
3209524215
3209534188
3209544161
3209554134
3209564107
3209574080
3209584053
3209594026
3209603999
3209613972
3209623945
3209633918
3209643891
3209653864
3209663837
3209673810
3209683783
3209693756
3209703729
3209713702
3209723675
3209733648
3209743621
3209753594
3209763567
3209773540
3209783513
3209793486
3209803459
3209813432
3209823405
3209833378
3209843351
3209853324
3209863297
3209873270
3209883243
3209893216
3209903189
3209913162
3209923135
3209933108
3209943081
3209953054
3209963027
3209973000
3209982973
3209992946
3300000000
3300009973
3300019946
3300029919
3300039892
3300049865
3300059838
3300069811
3300079784
3300089757
3300099730
3300109703
3300119676
3300129649
3300139622
3300149595
3300159568
3300169541
3300179514
3300189487
3300199460
3300209433
3300219406
3300229379
3300239352
3300249325
3300259298
3300269271
3300279244
3300289217
3300299190
3300309163
3300319136
3300329109
3300339082
3300349055
3300359028
3300369001
3300378974
3300388947
3300398920
3300408893
3300418866
3300428839
3300438812
3300448785
3300458758
3300468731
3300478704
3300488677
3300498650
3300508623
3300518596
3300528569
3300538542
3300548515
3300558488
3300568461
3300578434
3300588407
3300598380
3300608353
3300618326
3300628299
3300638272
3300648245
3300658218
3300668191
3300678164
3300688137
3300698110
3300708083
3300718056
3300728029
3300738002
3300747975
3300757948
3300767921
3300777894
3300787867
3300797840
3300807813
3300817786
3300827759
3300837732
3300847705
3300857678
3300867651
3300877624
3300887597
3300897570
3300907543
3300917516
3300927489
3300937462
3300947435
3300957408
3300967381
3300977354
3300987327
3300997300
3301007273
3301017246
3301027219
3301037192
3301047165
3301057138
3301067111
3301077084
3301087057
3301097030
3301107003
3301116976
3301126949
3301136922
3301146895
3301156868
3301166841
3301176814
3301186787
3301196760
3301206733
3301216706
3301226679
3301236652
3301246625
3301256598
3301266571
3301276544
3301286517
3301296490
3301306463
3301316436
3301326409
3301336382
3301346355
3301356328
3301366301
3301376274
3301386247
3301396220
3301406193
3301416166
3301426139
3301436112
3301446085
3301456058
3301466031
3301476004
3301485977
3301495950
3301505923
3301515896
3301525869
3301535842
3301545815
3301555788
3301565761
3301575734
3301585707
3301595680
3301605653
3301615626
3301625599
3301635572
3301645545
3301655518
3301665491
3301675464
3301685437
3301695410
3301705383
3301715356
3301725329
3301735302
3301745275
3301755248
3301765221
3301775194
3301785167
3301795140
3301805113
3301815086
3301825059
3301835032
3301845005
3301854978
3301864951
3301874924
3301884897
3301894870
3301904843
3301914816
3301924789
3301934762
3301944735
3301954708
3301964681
3301974654
3301984627
3301994600
3302004573
3302014546
3302024519
3302034492
3302044465
3302054438
3302064411
3302074384
3302084357
3302094330
3302104303
3302114276
3302124249
3302134222
3302144195
3302154168
3302164141
3302174114
3302184087
3302194060
3302204033
3302214006
3302223979
3302233952
3302243925
3302253898
3302263871
3302273844
3302283817
3302293790
3302303763
3302313736
3302323709
3302333682
3302343655
3302353628
3302363601
3302373574
3302383547
3302393520
3302403493
3302413466
3302423439
3302433412
3302443385
3302453358
3302463331
3302473304
3302483277
3302493250
3302503223
3302513196
3302523169
3302533142
3302543115
3302553088
3302563061
3302573034
3302583007
3302592980
3302602953
3302612926
3302622899
3302632872
3302642845
3302652818
3302662791
3302672764
3302682737
3302692710
3302702683
3302712656
3302722629
3302732602
3302742575
3302752548
3302762521
3302772494
3302782467
3302792440
3302802413
3302812386
3302822359
3302832332
3302842305
3302852278
3302862251
3302872224
3302882197
3302892170
3302902143
3302912116
3302922089
3302932062
3302942035
3302952008
3302961981
3302971954
3302981927
3302991900
3303001873
3303011846
3303021819
3303031792
3303041765
3303051738
3303061711
3303071684
3303081657
3303091630
3303101603
3303111576
3303121549
3303131522
3303141495
3303151468
3303161441
3303171414
3303181387
3303191360
3303201333
3303211306
3303221279
3303231252
3303241225
3303251198
3303261171
3303271144
3303281117
3303291090
3303301063
3303311036
3303321009
3303330982
3303340955
3303350928
3303360901
3303370874
3303380847
3303390820
3303400793
3303410766
3303420739
3303430712
3303440685
3303450658
3303460631
3303470604
3303480577
3303490550
3303500523
3303510496
3303520469
3303530442
3303540415
3303550388
3303560361
3303570334
3303580307
3303590280
3303600253
3303610226
3303620199
3303630172
3303640145
3303650118
3303660091
3303670064
3303680037
3303690010
3303699983
3303709956
3303719929
3303729902
3303739875
3303749848
3303759821
3303769794
3303779767
3303789740
3303799713
3303809686
3303819659
3303829632
3303839605
3303849578
3303859551
3303869524
3303879497
3303889470
3303899443
3303909416
3303919389
3303929362
3303939335
3303949308
3303959281
3303969254
3303979227
3303989200
3303999173
3304009146
3304019119
3304029092
3304039065
3304049038
3304059011
3304068984
3304078957
3304088930
3304098903
3304108876
3304118849
3304128822
3304138795
3304148768
3304158741
3304168714
3304178687
3304188660
3304198633
3304208606
3304218579
3304228552
3304238525
3304248498
3304258471
3304268444
3304278417
3304288390
3304298363
3304308336
3304318309
3304328282
3304338255
3304348228
3304358201
3304368174
3304378147
3304388120
3304398093
3304408066
3304418039
3304428012
3304437985
3304447958
3304457931
3304467904
3304477877
3304487850
3304497823
3304507796
3304517769
3304527742
3304537715
3304547688
3304557661
3304567634
3304577607
3304587580
3304597553
3304607526
3304617499
3304627472
3304637445
3304647418
3304657391
3304667364
3304677337
3304687310
3304697283
3304707256
3304717229
3304727202
3304737175
3304747148
3304757121
3304767094
3304777067
3304787040
3304797013
3304806986
3304816959
3304826932
3304836905
3304846878
3304856851
3304866824
3304876797
3304886770
3304896743
3304906716
3304916689
3304926662
3304936635
3304946608
3304956581
3304966554
3304976527
3304986500
3304996473
3305006446
3305016419
3305026392
3305036365
3305046338
3305056311
3305066284
3305076257
3305086230
3305096203
3305106176
3305116149
3305126122
3305136095
3305146068
3305156041
3305166014
3305175987
3305185960
3305195933
3305205906
3305215879
3305225852
3305235825
3305245798
3305255771
3305265744
3305275717
3305285690
3305295663
3305305636
3305315609
3305325582
3305335555
3305345528
3305355501
3305365474
3305375447
3305385420
3305395393
3305405366
3305415339
3305425312
3305435285
3305445258
3305455231
3305465204
3305475177
3305485150
3305495123
3305505096
3305515069
3305525042
3305535015
3305544988
3305554961
3305564934
3305574907
3305584880
3305594853
3305604826
3305614799
3305624772
3305634745
3305644718
3305654691
3305664664
3305674637
3305684610
3305694583
3305704556
3305714529
3305724502
3305734475
3305744448
3305754421
3305764394
3305774367
3305784340
3305794313
3305804286
3305814259
3305824232
3305834205
3305844178
3305854151
3305864124
3305874097
3305884070
3305894043
3305904016
3305913989
3305923962
3305933935
3305943908
3305953881
3305963854
3305973827
3305983800
3305993773
3306003746
3306013719
3306023692
3306033665
3306043638
3306053611
3306063584
3306073557
3306083530
3306093503
3306103476
3306113449
3306123422
3306133395
3306143368
3306153341
3306163314
3306173287
3306183260
3306193233
3306203206
3306213179
3306223152
3306233125
3306243098
3306253071
3306263044
3306273017
3306282990
3306292963
3306302936
3306312909
3306322882
3306332855
3306342828
3306352801
3306362774
3306372747
3306382720
3306392693
3306402666
3306412639
3306422612
3306432585
3306442558
3306452531
3306462504
3306472477
3306482450
3306492423
3306502396
3306512369
3306522342
3306532315
3306542288
3306552261
3306562234
3306572207
3306582180
3306592153
3306602126
3306612099
3306622072
3306632045
3306642018
3306651991
3306661964
3306671937
3306681910
3306691883
3306701856
3306711829
3306721802
3306731775
3306741748
3306751721
3306761694
3306771667
3306781640
3306791613
3306801586
3306811559
3306821532
3306831505
3306841478
3306851451
3306861424
3306871397
3306881370
3306891343
3306901316
3306911289
3306921262
3306931235
3306941208
3306951181
3306961154
3306971127
3306981100
3306991073
3307001046
3307011019
3307020992
3307030965
3307040938
3307050911
3307060884
3307070857
3307080830
3307090803
3307100776
3307110749
3307120722
3307130695
3307140668
3307150641
3307160614
3307170587
3307180560
3307190533
3307200506
3307210479
3307220452
3307230425
3307240398
3307250371
3307260344
3307270317
3307280290
3307290263
3307300236
3307310209
3307320182
3307330155
3307340128
3307350101
3307360074
3307370047
3307380020
3307389993
3307399966
3307409939
3307419912
3307429885
3307439858
3307449831
3307459804
3307469777
3307479750
3307489723
3307499696
3307509669
3307519642
3307529615
3307539588
3307549561
3307559534
3307569507
3307579480
3307589453
3307599426
3307609399
3307619372
3307629345
3307639318
3307649291
3307659264
3307669237
3307679210
3307689183
3307699156
3307709129
3307719102
3307729075
3307739048
3307749021
3307758994
3307768967
3307778940
3307788913
3307798886
3307808859
3307818832
3307828805
3307838778
3307848751
3307858724
3307868697
3307878670
3307888643
3307898616
3307908589
3307918562
3307928535
3307938508
3307948481
3307958454
3307968427
3307978400
3307988373
3307998346
3308008319
3308018292
3308028265
3308038238
3308048211
3308058184
3308068157
3308078130
3308088103
3308098076
3308108049
3308118022
3308127995
3308137968
3308147941
3308157914
3308167887
3308177860
3308187833
3308197806
3308207779
3308217752
3308227725
3308237698
3308247671
3308257644
3308267617
3308277590
3308287563
3308297536
3308307509
3308317482
3308327455
3308337428
3308347401
3308357374
3308367347
3308377320
3308387293
3308397266
3308407239
3308417212
3308427185
3308437158
3308447131
3308457104
3308467077
3308477050
3308487023
3308496996
3308506969
3308516942
3308526915
3308536888
3308546861
3308556834
3308566807
3308576780
3308586753
3308596726
3308606699
3308616672
3308626645
3308636618
3308646591
3308656564
3308666537
3308676510
3308686483
3308696456
3308706429
3308716402
3308726375
3308736348
3308746321
3308756294
3308766267
3308776240
3308786213
3308796186
3308806159
3308816132
3308826105
3308836078
3308846051
3308856024
3308865997
3308875970
3308885943
3308895916
3308905889
3308915862
3308925835
3308935808
3308945781
3308955754
3308965727
3308975700
3308985673
3308995646
3309005619
3309015592
3309025565
3309035538
3309045511
3309055484
3309065457
3309075430
3309085403
3309095376
3309105349
3309115322
3309125295
3309135268
3309145241
3309155214
3309165187
3309175160
3309185133
3309195106
3309205079
3309215052
3309225025
3309234998
3309244971
3309254944
3309264917
3309274890
3309284863
3309294836
3309304809
3309314782
3309324755
3309334728
3309344701
3309354674
3309364647
3309374620
3309384593
3309394566
3309404539
3309414512
3309424485
3309434458
3309444431
3309454404
3309464377
3309474350
3309484323
3309494296
3309504269
3309514242
3309524215
3309534188
3309544161
3309554134
3309564107
3309574080
3309584053
3309594026
3309603999
3309613972
3309623945
3309633918
3309643891
3309653864
3309663837
3309673810
3309683783
3309693756
3309703729
3309713702
3309723675
3309733648
3309743621
3309753594
3309763567
3309773540
3309783513
3309793486
3309803459
3309813432
3309823405
3309833378
3309843351
3309853324
3309863297
3309873270
3309883243
3309893216
3309903189
3309913162
3309923135
3309933108
3309943081
3309953054
3309963027
3309973000
3309982973
3309992946
33333333
333333333
3333333333
34567890
3edcvfr4
4400000000
4400009973
4400019946
4400029919
4400039892
4400049865
4400059838
4400069811
4400079784
4400089757
4400099730
4400109703
4400119676
4400129649
4400139622
4400149595
4400159568
4400169541
4400179514
4400189487
4400199460
4400209433
4400219406
4400229379
4400239352
4400249325
4400259298
4400269271
4400279244
4400289217
4400299190
4400309163
4400319136
4400329109
4400339082
4400349055
4400359028
4400369001
4400378974
4400388947
4400398920
4400408893
4400418866
4400428839
4400438812
4400448785
4400458758
4400468731
4400478704
4400488677
4400498650
4400508623
4400518596
4400528569
4400538542
4400548515
4400558488
4400568461
4400578434
4400588407
4400598380
4400608353
4400618326
4400628299
4400638272
4400648245
4400658218
4400668191
4400678164
4400688137
4400698110
4400708083
4400718056
4400728029
4400738002
4400747975
4400757948
4400767921
4400777894
4400787867
4400797840
4400807813
4400817786
4400827759
4400837732
4400847705
4400857678
4400867651
4400877624
4400887597
4400897570
4400907543
4400917516
4400927489
4400937462
4400947435
4400957408
4400967381
4400977354
4400987327
4400997300
4401007273
4401017246
4401027219
4401037192
4401047165
4401057138
4401067111
4401077084
4401087057
4401097030
4401107003
4401116976
4401126949
4401136922
4401146895
4401156868
4401166841
4401176814
4401186787
4401196760
4401206733
4401216706
4401226679
4401236652
4401246625
4401256598
4401266571
4401276544
4401286517
4401296490
4401306463
4401316436
4401326409
4401336382
4401346355
4401356328
4401366301
4401376274
4401386247
4401396220
4401406193
4401416166
4401426139
4401436112
4401446085
4401456058
4401466031
4401476004
4401485977
4401495950
4401505923
4401515896
4401525869
4401535842
4401545815
4401555788
4401565761
4401575734
4401585707
4401595680
4401605653
4401615626
4401625599
4401635572
4401645545
4401655518
4401665491
4401675464
4401685437
4401695410
4401705383
4401715356
4401725329
4401735302
4401745275
4401755248
4401765221
4401775194
4401785167
4401795140
4401805113
4401815086
4401825059
4401835032
4401845005
4401854978
4401864951
4401874924
4401884897
4401894870
4401904843
4401914816
4401924789
4401934762
4401944735
4401954708
4401964681
4401974654
4401984627
4401994600
4402004573
4402014546
4402024519
4402034492
4402044465
4402054438
4402064411
4402074384
4402084357
4402094330
4402104303
4402114276
4402124249
4402134222
4402144195
4402154168
4402164141
4402174114
4402184087
4402194060
4402204033
4402214006
4402223979
4402233952
4402243925
4402253898
4402263871
4402273844
4402283817
4402293790
4402303763
4402313736
4402323709
4402333682
4402343655
4402353628
4402363601
4402373574
4402383547
4402393520
4402403493
4402413466
4402423439
4402433412
4402443385
4402453358
4402463331
4402473304
4402483277
4402493250
4402503223
4402513196
4402523169
4402533142
4402543115
4402553088
4402563061
4402573034
4402583007
4402592980
4402602953
4402612926
4402622899
4402632872
4402642845
4402652818
4402662791
4402672764
4402682737
4402692710
4402702683
4402712656
4402722629
4402732602
4402742575
4402752548
4402762521
4402772494
4402782467
4402792440
4402802413
4402812386
4402822359
4402832332
4402842305
4402852278
4402862251
4402872224
4402882197
4402892170
4402902143
4402912116
4402922089
4402932062
4402942035
4402952008
4402961981
4402971954
4402981927
4402991900
4403001873
4403011846
4403021819
4403031792
4403041765
4403051738
4403061711
4403071684
4403081657
4403091630
4403101603
4403111576
4403121549
4403131522
4403141495
4403151468
4403161441
4403171414
4403181387
4403191360
4403201333
4403211306
4403221279
4403231252
4403241225
4403251198
4403261171
4403271144
4403281117
4403291090
4403301063
4403311036
4403321009
4403330982
4403340955
4403350928
4403360901
4403370874
4403380847
4403390820
4403400793
4403410766
4403420739
4403430712
4403440685
4403450658
4403460631
4403470604
4403480577
4403490550
4403500523
4403510496
4403520469
4403530442
4403540415
4403550388
4403560361
4403570334
4403580307
4403590280
4403600253
4403610226
4403620199
4403630172
4403640145
4403650118
4403660091
4403670064
4403680037
4403690010
4403699983
4403709956
4403719929
4403729902
4403739875
4403749848
4403759821
4403769794
4403779767
4403789740
4403799713
4403809686
4403819659
4403829632
4403839605
4403849578
4403859551
4403869524
4403879497
4403889470
4403899443
4403909416
4403919389
4403929362
4403939335
4403949308
4403959281
4403969254
4403979227
4403989200
4403999173
4404009146
4404019119
4404029092
4404039065
4404049038
4404059011
4404068984
4404078957
4404088930
4404098903
4404108876
4404118849
4404128822
4404138795
4404148768
4404158741
4404168714
4404178687
4404188660
4404198633
4404208606
4404218579
4404228552
4404238525
4404248498
4404258471
4404268444
4404278417
4404288390
4404298363
4404308336
4404318309
4404328282
4404338255
4404348228
4404358201
4404368174
4404378147
4404388120
4404398093
4404408066
4404418039
4404428012
4404437985
4404447958
4404457931
4404467904
4404477877
4404487850
4404497823
4404507796
4404517769
4404527742
4404537715
4404547688
4404557661
4404567634
4404577607
4404587580
4404597553
4404607526
4404617499
4404627472
4404637445
4404647418
4404657391
4404667364
4404677337
4404687310
4404697283
4404707256
4404717229
4404727202
4404737175
4404747148
4404757121
4404767094
4404777067
4404787040
4404797013
4404806986
4404816959
4404826932
4404836905
4404846878
4404856851
4404866824
4404876797
4404886770
4404896743
4404906716
4404916689
4404926662
4404936635
4404946608
4404956581
4404966554
4404976527
4404986500
4404996473
4405006446
4405016419
4405026392
4405036365
4405046338
4405056311
4405066284
4405076257
4405086230
4405096203
4405106176
4405116149
4405126122
4405136095
4405146068
4405156041
4405166014
4405175987
4405185960
4405195933
4405205906
4405215879
4405225852
4405235825
4405245798
4405255771
4405265744
4405275717
4405285690
4405295663
4405305636
4405315609
4405325582
4405335555
4405345528
4405355501
4405365474
4405375447
4405385420
4405395393
4405405366
4405415339
4405425312
4405435285
4405445258
4405455231
4405465204
4405475177
4405485150
4405495123
4405505096
4405515069
4405525042
4405535015
4405544988
4405554961
4405564934
4405574907
4405584880
4405594853
4405604826
4405614799
4405624772
4405634745
4405644718
4405654691
4405664664
4405674637
4405684610
4405694583
4405704556
4405714529
4405724502
4405734475
4405744448
4405754421
4405764394
4405774367
4405784340
4405794313
4405804286
4405814259
4405824232
4405834205
4405844178
4405854151
4405864124
4405874097
4405884070
4405894043
4405904016
4405913989
4405923962
4405933935
4405943908
4405953881
4405963854
4405973827
4405983800
4405993773
4406003746
4406013719
4406023692
4406033665
4406043638
4406053611
4406063584
4406073557
4406083530
4406093503
4406103476
4406113449
4406123422
4406133395
4406143368
4406153341
4406163314
4406173287
4406183260
4406193233
4406203206
4406213179
4406223152
4406233125
4406243098
4406253071
4406263044
4406273017
4406282990
4406292963
4406302936
4406312909
4406322882
4406332855
4406342828
4406352801
4406362774
4406372747
4406382720
4406392693
4406402666
4406412639
4406422612
4406432585
4406442558
4406452531
4406462504
4406472477
4406482450
4406492423
4406502396
4406512369
4406522342
4406532315
4406542288
4406552261
4406562234
4406572207
4406582180
4406592153
4406602126
4406612099
4406622072
4406632045
4406642018
4406651991
4406661964
4406671937
4406681910
4406691883
4406701856
4406711829
4406721802
4406731775
4406741748
4406751721
4406761694
4406771667
4406781640
4406791613
4406801586
4406811559
4406821532
4406831505
4406841478
4406851451
4406861424
4406871397
4406881370
4406891343
4406901316
4406911289
4406921262
4406931235
4406941208
4406951181
4406961154
4406971127
4406981100
4406991073
4407001046
4407011019
4407020992
4407030965
4407040938
4407050911
4407060884
4407070857
4407080830
4407090803
4407100776
4407110749
4407120722
4407130695
4407140668
4407150641
4407160614
4407170587
4407180560
4407190533
4407200506
4407210479
4407220452
4407230425
4407240398
4407250371
4407260344
4407270317
4407280290
4407290263
4407300236
4407310209
4407320182
4407330155
4407340128
4407350101
4407360074
4407370047
4407380020
4407389993
4407399966
4407409939
4407419912
4407429885
4407439858
4407449831
4407459804
4407469777
4407479750
4407489723
4407499696
4407509669
4407519642
4407529615
4407539588
4407549561
4407559534
4407569507
4407579480
4407589453
4407599426
4407609399
4407619372
4407629345
4407639318
4407649291
4407659264
4407669237
4407679210
4407689183
4407699156
4407709129
4407719102
4407729075
4407739048
4407749021
4407758994
4407768967
4407778940
4407788913
4407798886
4407808859
4407818832
4407828805
4407838778
4407848751
4407858724
4407868697
4407878670
4407888643
4407898616
4407908589
4407918562
4407928535
4407938508
4407948481
4407958454
4407968427
4407978400
4407988373
4407998346
4408008319
4408018292
4408028265
4408038238
4408048211
4408058184
4408068157
4408078130
4408088103
4408098076
4408108049
4408118022
4408127995
4408137968
4408147941
4408157914
4408167887
4408177860
4408187833
4408197806
4408207779
4408217752
4408227725
4408237698
4408247671
4408257644
4408267617
4408277590
4408287563
4408297536
4408307509
4408317482
4408327455
4408337428
4408347401
4408357374
4408367347
4408377320
4408387293
4408397266
4408407239
4408417212
4408427185
4408437158
4408447131
4408457104
4408467077
4408477050
4408487023
4408496996
4408506969
4408516942
4408526915
4408536888
4408546861
4408556834
4408566807
4408576780
4408586753
4408596726
4408606699
4408616672
4408626645
4408636618
4408646591
4408656564
4408666537
4408676510
4408686483
4408696456
4408706429
4408716402
4408726375
4408736348
4408746321
4408756294
4408766267
4408776240
4408786213
4408796186
4408806159
4408816132
4408826105
4408836078
4408846051
4408856024
4408865997
4408875970
4408885943
4408895916
4408905889
4408915862
4408925835
4408935808
4408945781
4408955754
4408965727
4408975700
4408985673
4408995646
4409005619
4409015592
4409025565
4409035538
4409045511
4409055484
4409065457
4409075430
4409085403
4409095376
4409105349
4409115322
4409125295
4409135268
4409145241
4409155214
4409165187
4409175160
4409185133
4409195106
4409205079
4409215052
4409225025
4409234998
4409244971
4409254944
4409264917
4409274890
4409284863
4409294836
4409304809
4409314782
4409324755
4409334728
4409344701
4409354674
4409364647
4409374620
4409384593
4409394566
4409404539
4409414512
4409424485
4409434458
4409444431
4409454404
4409464377
4409474350
4409484323
4409494296
4409504269
4409514242
4409524215
4409534188
4409544161
4409554134
4409564107
4409574080
4409584053
4409594026
4409603999
4409613972
4409623945
4409633918
4409643891
4409653864
4409663837
4409673810
4409683783
4409693756
4409703729
4409713702
4409723675
4409733648
4409743621
4409753594
4409763567
4409773540
4409783513
4409793486
4409803459
4409813432
4409823405
4409833378
4409843351
4409853324
4409863297
4409873270
4409883243
4409893216
4409903189
4409913162
4409923135
4409933108
4409943081
4409953054
4409963027
4409973000
4409982973
4409992946
44444444
444444444
4444444444
45678901
4900000000
4900009973
4900019946
4900029919
4900039892
4900049865
4900059838
4900069811
4900079784
4900089757
4900099730
4900109703
4900119676
4900129649
4900139622
4900149595
4900159568
4900169541
4900179514
4900189487
4900199460
4900209433
4900219406
4900229379
4900239352
4900249325
4900259298
4900269271
4900279244
4900289217
4900299190
4900309163
4900319136
4900329109
4900339082
4900349055
4900359028
4900369001
4900378974
4900388947
4900398920
4900408893
4900418866
4900428839
4900438812
4900448785
4900458758
4900468731
4900478704
4900488677
4900498650
4900508623
4900518596
4900528569
4900538542
4900548515
4900558488
4900568461
4900578434
4900588407
4900598380
4900608353
4900618326
4900628299
4900638272
4900648245
4900658218
4900668191
4900678164
4900688137
4900698110
4900708083
4900718056
4900728029
4900738002
4900747975
4900757948
4900767921
4900777894
4900787867
4900797840
4900807813
4900817786
4900827759
4900837732
4900847705
4900857678
4900867651
4900877624
4900887597
4900897570
4900907543
4900917516
4900927489
4900937462
4900947435
4900957408
4900967381
4900977354
4900987327
4900997300
4901007273
4901017246
4901027219
4901037192
4901047165
4901057138
4901067111
4901077084
4901087057
4901097030
4901107003
4901116976
4901126949
4901136922
4901146895
4901156868
4901166841
4901176814
4901186787
4901196760
4901206733
4901216706
4901226679
4901236652
4901246625
4901256598
4901266571
4901276544
4901286517
4901296490
4901306463
4901316436
4901326409
4901336382
4901346355
4901356328
4901366301
4901376274
4901386247
4901396220
4901406193
4901416166
4901426139
4901436112
4901446085
4901456058
4901466031
4901476004
4901485977
4901495950
4901505923
4901515896
4901525869
4901535842
4901545815
4901555788
4901565761
4901575734
4901585707
4901595680
4901605653
4901615626
4901625599
4901635572
4901645545
4901655518
4901665491
4901675464
4901685437
4901695410
4901705383
4901715356
4901725329
4901735302
4901745275
4901755248
4901765221
4901775194
4901785167
4901795140
4901805113
4901815086
4901825059
4901835032
4901845005
4901854978
4901864951
4901874924
4901884897
4901894870
4901904843
4901914816
4901924789
4901934762
4901944735
4901954708
4901964681
4901974654
4901984627
4901994600
4902004573
4902014546
4902024519
4902034492
4902044465
4902054438
4902064411
4902074384
4902084357
4902094330
4902104303
4902114276
4902124249
4902134222
4902144195
4902154168
4902164141
4902174114
4902184087
4902194060
4902204033
4902214006
4902223979
4902233952
4902243925
4902253898
4902263871
4902273844
4902283817
4902293790
4902303763
4902313736
4902323709
4902333682
4902343655
4902353628
4902363601
4902373574
4902383547
4902393520
4902403493
4902413466
4902423439
4902433412
4902443385
4902453358
4902463331
4902473304
4902483277
4902493250
4902503223
4902513196
4902523169
4902533142
4902543115
4902553088
4902563061
4902573034
4902583007
4902592980
4902602953
4902612926
4902622899
4902632872
4902642845
4902652818
4902662791
4902672764
4902682737
4902692710
4902702683
4902712656
4902722629
4902732602
4902742575
4902752548
4902762521
4902772494
4902782467
4902792440
4902802413
4902812386
4902822359
4902832332
4902842305
4902852278
4902862251
4902872224
4902882197
4902892170
4902902143
4902912116
4902922089
4902932062
4902942035
4902952008
4902961981
4902971954
4902981927
4902991900
4903001873
4903011846
4903021819
4903031792
4903041765
4903051738
4903061711
4903071684
4903081657
4903091630
4903101603
4903111576
4903121549
4903131522
4903141495
4903151468
4903161441
4903171414
4903181387
4903191360
4903201333
4903211306
4903221279
4903231252
4903241225
4903251198
4903261171
4903271144
4903281117
4903291090
4903301063
4903311036
4903321009
4903330982
4903340955
4903350928
4903360901
4903370874
4903380847
4903390820
4903400793
4903410766
4903420739
4903430712
4903440685
4903450658
4903460631
4903470604
4903480577
4903490550
4903500523
4903510496
4903520469
4903530442
4903540415
4903550388
4903560361
4903570334
4903580307
4903590280
4903600253
4903610226
4903620199
4903630172
4903640145
4903650118
4903660091
4903670064
4903680037
4903690010
4903699983
4903709956
4903719929
4903729902
4903739875
4903749848
4903759821
4903769794
4903779767
4903789740
4903799713
4903809686
4903819659
4903829632
4903839605
4903849578
4903859551
4903869524
4903879497
4903889470
4903899443
4903909416
4903919389
4903929362
4903939335
4903949308
4903959281
4903969254
4903979227
4903989200
4903999173
4904009146
4904019119
4904029092
4904039065
4904049038
4904059011
4904068984
4904078957
4904088930
4904098903
4904108876
4904118849
4904128822
4904138795
4904148768
4904158741
4904168714
4904178687
4904188660
4904198633
4904208606
4904218579
4904228552
4904238525
4904248498
4904258471
4904268444
4904278417
4904288390
4904298363
4904308336
4904318309
4904328282
4904338255
4904348228
4904358201
4904368174
4904378147
4904388120
4904398093
4904408066
4904418039
4904428012
4904437985
4904447958
4904457931
4904467904
4904477877
4904487850
4904497823
4904507796
4904517769
4904527742
4904537715
4904547688
4904557661
4904567634
4904577607
4904587580
4904597553
4904607526
4904617499
4904627472
4904637445
4904647418
4904657391
4904667364
4904677337
4904687310
4904697283
4904707256
4904717229
4904727202
4904737175
4904747148
4904757121
4904767094
4904777067
4904787040
4904797013
4904806986
4904816959
4904826932
4904836905
4904846878
4904856851
4904866824
4904876797
4904886770
4904896743
4904906716
4904916689
4904926662
4904936635
4904946608
4904956581
4904966554
4904976527
4904986500
4904996473
4905006446
4905016419
4905026392
4905036365
4905046338
4905056311
4905066284
4905076257
4905086230
4905096203
4905106176
4905116149
4905126122
4905136095
4905146068
4905156041
4905166014
4905175987
4905185960
4905195933
4905205906
4905215879
4905225852
4905235825
4905245798
4905255771
4905265744
4905275717
4905285690
4905295663
4905305636
4905315609
4905325582
4905335555
4905345528
4905355501
4905365474
4905375447
4905385420
4905395393
4905405366
4905415339
4905425312
4905435285
4905445258
4905455231
4905465204
4905475177
4905485150
4905495123
4905505096
4905515069
4905525042
4905535015
4905544988
4905554961
4905564934
4905574907
4905584880
4905594853
4905604826
4905614799
4905624772
4905634745
4905644718
4905654691
4905664664
4905674637
4905684610
4905694583
4905704556
4905714529
4905724502
4905734475
4905744448
4905754421
4905764394
4905774367
4905784340
4905794313
4905804286
4905814259
4905824232
4905834205
4905844178
4905854151
4905864124
4905874097
4905884070
4905894043
4905904016
4905913989
4905923962
4905933935
4905943908
4905953881
4905963854
4905973827
4905983800
4905993773
4906003746
4906013719
4906023692
4906033665
4906043638
4906053611
4906063584
4906073557
4906083530
4906093503
4906103476
4906113449
4906123422
4906133395
4906143368
4906153341
4906163314
4906173287
4906183260
4906193233
4906203206
4906213179
4906223152
4906233125
4906243098
4906253071
4906263044
4906273017
4906282990
4906292963
4906302936
4906312909
4906322882
4906332855
4906342828
4906352801
4906362774
4906372747
4906382720
4906392693
4906402666
4906412639
4906422612
4906432585
4906442558
4906452531
4906462504
4906472477
4906482450
4906492423
4906502396
4906512369
4906522342
4906532315
4906542288
4906552261
4906562234
4906572207
4906582180
4906592153
4906602126
4906612099
4906622072
4906632045
4906642018
4906651991
4906661964
4906671937
4906681910
4906691883
4906701856
4906711829
4906721802
4906731775
4906741748
4906751721
4906761694
4906771667
4906781640
4906791613
4906801586
4906811559
4906821532
4906831505
4906841478
4906851451
4906861424
4906871397
4906881370
4906891343
4906901316
4906911289
4906921262
4906931235
4906941208
4906951181
4906961154
4906971127
4906981100
4906991073
4907001046
4907011019
4907020992
4907030965
4907040938
4907050911
4907060884
4907070857
4907080830
4907090803
4907100776
4907110749
4907120722
4907130695
4907140668
4907150641
4907160614
4907170587
4907180560
4907190533
4907200506
4907210479
4907220452
4907230425
4907240398
4907250371
4907260344
4907270317
4907280290
4907290263
4907300236
4907310209
4907320182
4907330155
4907340128
4907350101
4907360074
4907370047
4907380020
4907389993
4907399966
4907409939
4907419912
4907429885
4907439858
4907449831
4907459804
4907469777
4907479750
4907489723
4907499696
4907509669
4907519642
4907529615
4907539588
4907549561
4907559534
4907569507
4907579480
4907589453
4907599426
4907609399
4907619372
4907629345
4907639318
4907649291
4907659264
4907669237
4907679210
4907689183
4907699156
4907709129
4907719102
4907729075
4907739048
4907749021
4907758994
4907768967
4907778940
4907788913
4907798886
4907808859
4907818832
4907828805
4907838778
4907848751
4907858724
4907868697
4907878670
4907888643
4907898616
4907908589
4907918562
4907928535
4907938508
4907948481
4907958454
4907968427
4907978400
4907988373
4907998346
4908008319
4908018292
4908028265
4908038238
4908048211
4908058184
4908068157
4908078130
4908088103
4908098076
4908108049
4908118022
4908127995
4908137968
4908147941
4908157914
4908167887
4908177860
4908187833
4908197806
4908207779
4908217752
4908227725
4908237698
4908247671
4908257644
4908267617
4908277590
4908287563
4908297536
4908307509
4908317482
4908327455
4908337428
4908347401
4908357374
4908367347
4908377320
4908387293
4908397266
4908407239
4908417212
4908427185
4908437158
4908447131
4908457104
4908467077
4908477050
4908487023
4908496996
4908506969
4908516942
4908526915
4908536888
4908546861
4908556834
4908566807
4908576780
4908586753
4908596726
4908606699
4908616672
4908626645
4908636618
4908646591
4908656564
4908666537
4908676510
4908686483
4908696456
4908706429
4908716402
4908726375
4908736348
4908746321
4908756294
4908766267
4908776240
4908786213
4908796186
4908806159
4908816132
4908826105
4908836078
4908846051
4908856024
4908865997
4908875970
4908885943
4908895916
4908905889
4908915862
4908925835
4908935808
4908945781
4908955754
4908965727
4908975700
4908985673
4908995646
4909005619
4909015592
4909025565
4909035538
4909045511
4909055484
4909065457
4909075430
4909085403
4909095376
4909105349
4909115322
4909125295
4909135268
4909145241
4909155214
4909165187
4909175160
4909185133
4909195106
4909205079
4909215052
4909225025
4909234998
4909244971
4909254944
4909264917
4909274890
4909284863
4909294836
4909304809
4909314782
4909324755
4909334728
4909344701
4909354674
4909364647
4909374620
4909384593
4909394566
4909404539
4909414512
4909424485
4909434458
4909444431
4909454404
4909464377
4909474350
4909484323
4909494296
4909504269
4909514242
4909524215
4909534188
4909544161
4909554134
4909564107
4909574080
4909584053
4909594026
4909603999
4909613972
4909623945
4909633918
4909643891
4909653864
4909663837
4909673810
4909683783
4909693756
4909703729
4909713702
4909723675
4909733648
4909743621
4909753594
4909763567
4909773540
4909783513
4909793486
4909803459
4909813432
4909823405
4909833378
4909843351
4909853324
4909863297
4909873270
4909883243
4909893216
4909903189
4909913162
4909923135
4909933108
4909943081
4909953054
4909963027
4909973000
4909982973
4909992946
55555555
555555555
5555555555
56789012
66666666
666666666
6666666666
67890123
69696969
6969696969
77777777
777777777
7777777777
78901234
7ru$7n01
88888888
888888888
8888888888
89012345
90123456
99999999
999999999
9999999999
ACCESS01
ACCESS123
ACCESS1234
ACCESS12345
ACCESS2024
ACCESS2025
ACCESS2026
ACCESS321
ACCESS99
ACCESSHOME
ACCESSNET
ACCESSPASS
ACCESSPASSWORD
ACCESSWIFI
ADMIN123
ADMIN1234
ADMIN12345
ADMIN2024
ADMIN2025
ADMIN2026
ADMIN321
ADMINHOME
ADMINNET
ADMINPASS
ADMINPASSWORD
ADMINWIFI
Access!!
Access!@#
Access0000
Access007
Access01
Access07
Access10
Access100
Access11
Access111
Access1111
Access12
Access123
Access1234
Access12345
Access123456
Access13
Access2024
Access2025
Access2026
Access21
Access22
Access23
Access321
Access33
Access420
Access4321
Access44
Access55
Access66
Access666
Access69
Access77
Access777
Access88
Access911
Access99
Access999
Access@123
Accesshome
Accessnet
Accesspass
Accesspassword
Accesswifi
Admin123
Admin1234
Admin12345
Admin2024
Admin2025
Admin2026
Admin321
Adminhome
Adminnet
Adminpass
Adminpassword
Adminwifi
Amanda!!
Amanda01
Amanda123
Amanda1234
Amanda1960
Amanda1961
Amanda1962
Amanda1963
Amanda1964
Amanda1965
Amanda1966
Amanda1967
Amanda1968
Amanda1969
Amanda1970
Amanda1971
Amanda1972
Amanda1973
Amanda1974
Amanda1975
Amanda1976
Amanda1977
Amanda1978
Amanda1979
Amanda1980
Amanda1981
Amanda1982
Amanda1983
Amanda1984
Amanda1985
Amanda1986
Amanda1987
Amanda1988
Amanda1989
Amanda1990
Amanda1991
Amanda1992
Amanda1993
Amanda1994
Amanda1995
Amanda1996
Amanda1997
Amanda1998
Amanda1999
Amanda2000
Amanda2001
Amanda2002
Amanda2003
Amanda2004
Amanda2005
Amanda2006
Amanda2007
Amanda2008
Amanda2009
Amanda2010
Amanda2011
Amanda2012
Amanda2013
Amanda2014
Amanda2015
Amanda2016
Amanda2017
Amanda2018
Amanda2019
Amanda2020
Amanda2021
Amanda2022
Amanda2023
Amanda2024
Amanda2025
Amanda2026
Amanda69
Amanda99
America!
America!!
America!@#
America0000
America007
America01
America07
America1
America10
America100
America11
America111
America1111
America12
America123
America1234
America12345
America123456
America13
America2
America2024
America2025
America2026
America21
America22
America23
America3
America321
America33
America420
America4321
America44
America55
America66
America666
America69
America77
America777
America88
America911
America99
America999
America@123
Andrew!!
Andrew!@#
Andrew0000
Andrew007
Andrew01
Andrew07
Andrew10
Andrew100
Andrew11
Andrew111
Andrew1111
Andrew12
Andrew123
Andrew1234
Andrew12345
Andrew123456
Andrew13
Andrew1960
Andrew1961
Andrew1962
Andrew1963
Andrew1964
Andrew1965
Andrew1966
Andrew1967
Andrew1968
Andrew1969
Andrew1970
Andrew1971
Andrew1972
Andrew1973
Andrew1974
Andrew1975
Andrew1976
Andrew1977
Andrew1978
Andrew1979
Andrew1980
Andrew1981
Andrew1982
Andrew1983
Andrew1984
Andrew1985
Andrew1986
Andrew1987
Andrew1988
Andrew1989
Andrew1990
Andrew1991
Andrew1992
Andrew1993
Andrew1994
Andrew1995
Andrew1996
Andrew1997
Andrew1998
Andrew1999
Andrew2000
Andrew2001
Andrew2002
Andrew2003
Andrew2004
Andrew2005
Andrew2006
Andrew2007
Andrew2008
Andrew2009
Andrew2010
Andrew2011
Andrew2012
Andrew2013
Andrew2014
Andrew2015
Andrew2016
Andrew2017
Andrew2018
Andrew2019
Andrew2020
Andrew2021
Andrew2022
Andrew2023
Andrew2024
Andrew2025
Andrew2026
Andrew21
Andrew22
Andrew23
Andrew321
Andrew33
Andrew420
Andrew4321
Andrew44
Andrew55
Andrew66
Andrew666
Andrew69
Andrew77
Andrew777
Andrew88
Andrew911
Andrew99
Andrew999
Andrew@123
Angel!@#
Angel0000
Angel007
Angel100
Angel111
Angel1111
Angel123
Angel1234
Angel12345
Angel123456
Angel2024
Angel2025
Angel2026
Angel321
Angel420
Angel4321
Angel666
Angel777
Angel911
Angel999
Angel@123
Anna1234
Anna1960
Anna1961
Anna1962
Anna1963
Anna1964
Anna1965
Anna1966
Anna1967
Anna1968
Anna1969
Anna1970
Anna1971
Anna1972
Anna1973
Anna1974
Anna1975
Anna1976
Anna1977
Anna1978
Anna1979
Anna1980
Anna1981
Anna1982
Anna1983
Anna1984
Anna1985
Anna1986
Anna1987
Anna1988
Anna1989
Anna1990
Anna1991
Anna1992
Anna1993
Anna1994
Anna1995
Anna1996
Anna1997
Anna1998
Anna1999
Anna2000
Anna2001
Anna2002
Anna2003
Anna2004
Anna2005
Anna2006
Anna2007
Anna2008
Anna2009
Anna2010
Anna2011
Anna2012
Anna2013
Anna2014
Anna2015
Anna2016
Anna2017
Anna2018
Anna2019
Anna2020
Anna2021
Anna2022
Anna2023
Anna2024
Anna2025
Anna2026
Anthony!
Anthony!!
Anthony01
Anthony123
Anthony1234
Anthony1960
Anthony1961
Anthony1962
Anthony1963
Anthony1964
Anthony1965
Anthony1966
Anthony1967
Anthony1968
Anthony1969
Anthony1970
Anthony1971
Anthony1972
Anthony1973
Anthony1974
Anthony1975
Anthony1976
Anthony1977
Anthony1978
Anthony1979
Anthony1980
Anthony1981
Anthony1982
Anthony1983
Anthony1984
Anthony1985
Anthony1986
Anthony1987
Anthony1988
Anthony1989
Anthony1990
Anthony1991
Anthony1992
Anthony1993
Anthony1994
Anthony1995
Anthony1996
Anthony1997
Anthony1998
Anthony1999
Anthony2000
Anthony2001
Anthony2002
Anthony2003
Anthony2004
Anthony2005
Anthony2006
Anthony2007
Anthony2008
Anthony2009
Anthony2010
Anthony2011
Anthony2012
Anthony2013
Anthony2014
Anthony2015
Anthony2016
Anthony2017
Anthony2018
Anthony2019
Anthony2020
Anthony2021
Anthony2022
Anthony2023
Anthony2024
Anthony2025
Anthony2026
Anthony69
Anthony99
Apple!@#
Apple0000
Apple007
Apple100
Apple111
Apple1111
Apple123
Apple1234
Apple12345
Apple123456
Apple2024
Apple2025
Apple2026
Apple321
Apple420
Apple4321
Apple666
Apple777
Apple911
Apple999
Apple@123
Ashley!!
Ashley01
Ashley123
Ashley1234
Ashley1960
Ashley1961
Ashley1962
Ashley1963
Ashley1964
Ashley1965
Ashley1966
Ashley1967
Ashley1968
Ashley1969
Ashley1970
Ashley1971
Ashley1972
Ashley1973
Ashley1974
Ashley1975
Ashley1976
Ashley1977
Ashley1978
Ashley1979
Ashley1980
Ashley1981
Ashley1982
Ashley1983
Ashley1984
Ashley1985
Ashley1986
Ashley1987
Ashley1988
Ashley1989
Ashley1990
Ashley1991
Ashley1992
Ashley1993
Ashley1994
Ashley1995
Ashley1996
Ashley1997
Ashley1998
Ashley1999
Ashley2000
Ashley2001
Ashley2002
Ashley2003
Ashley2004
Ashley2005
Ashley2006
Ashley2007
Ashley2008
Ashley2009
Ashley2010
Ashley2011
Ashley2012
Ashley2013
Ashley2014
Ashley2015
Ashley2016
Ashley2017
Ashley2018
Ashley2019
Ashley2020
Ashley2021
Ashley2022
Ashley2023
Ashley2024
Ashley2025
Ashley2026
Ashley69
Ashley99
Autumn!!
Autumn!@#
Autumn0000
Autumn007
Autumn01
Autumn07
Autumn10
Autumn100
Autumn11
Autumn111
Autumn1111
Autumn12
Autumn123
Autumn1234
Autumn12345
Autumn123456
Autumn13
Autumn2024
Autumn2025
Autumn2026
Autumn21
Autumn22
Autumn23
Autumn321
Autumn33
Autumn420
Autumn4321
Autumn44
Autumn55
Autumn66
Autumn666
Autumn69
Autumn77
Autumn777
Autumn88
Autumn911
Autumn99
Autumn999
Autumn@123
B@$3b@ll
Barbara!
Barbara!!
Barbara01
Barbara123
Barbara1234
Barbara1960
Barbara1961
Barbara1962
Barbara1963
Barbara1964
Barbara1965
Barbara1966
Barbara1967
Barbara1968
Barbara1969
Barbara1970
Barbara1971
Barbara1972
Barbara1973
Barbara1974
Barbara1975
Barbara1976
Barbara1977
Barbara1978
Barbara1979
Barbara1980
Barbara1981
Barbara1982
Barbara1983
Barbara1984
Barbara1985
Barbara1986
Barbara1987
Barbara1988
Barbara1989
Barbara1990
Barbara1991
Barbara1992
Barbara1993
Barbara1994
Barbara1995
Barbara1996
Barbara1997
Barbara1998
Barbara1999
Barbara2000
Barbara2001
Barbara2002
Barbara2003
Barbara2004
Barbara2005
Barbara2006
Barbara2007
Barbara2008
Barbara2009
Barbara2010
Barbara2011
Barbara2012
Barbara2013
Barbara2014
Barbara2015
Barbara2016
Barbara2017
Barbara2018
Barbara2019
Barbara2020
Barbara2021
Barbara2022
Barbara2023
Barbara2024
Barbara2025
Barbara2026
Barbara69
Barbara99
Batman!!
Batman!@#
Batman0000
Batman007
Batman01
Batman07
Batman10
Batman100
Batman11
Batman111
Batman1111
Batman12
Batman123
Batman1234
Batman12345
Batman123456
Batman13
Batman2024
Batman2025
Batman2026
Batman21
Batman22
Batman23
Batman321
Batman33
Batman420
Batman4321
Batman44
Batman55
Batman66
Batman666
Batman69
Batman77
Batman777
Batman88
Batman911
Batman99
Batman999
Batman@123
Beach!@#
Beach0000
Beach007
Beach100
Beach111
Beach1111
Beach123
Beach1234
Beach12345
Beach123456
Beach2024
Beach2025
Beach2026
Beach321
Beach420
Beach4321
Beach666
Beach777
Beach911
Beach999
Beach@123
Best0000
Best1111
Best1234
Best12345
Best123456
Best2024
Best2025
Best2026
Best4321
Best@123
Betty123
Betty1234
Betty1960
Betty1961
Betty1962
Betty1963
Betty1964
Betty1965
Betty1966
Betty1967
Betty1968
Betty1969
Betty1970
Betty1971
Betty1972
Betty1973
Betty1974
Betty1975
Betty1976
Betty1977
Betty1978
Betty1979
Betty1980
Betty1981
Betty1982
Betty1983
Betty1984
Betty1985
Betty1986
Betty1987
Betty1988
Betty1989
Betty1990
Betty1991
Betty1992
Betty1993
Betty1994
Betty1995
Betty1996
Betty1997
Betty1998
Betty1999
Betty2000
Betty2001
Betty2002
Betty2003
Betty2004
Betty2005
Betty2006
Betty2007
Betty2008
Betty2009
Betty2010
Betty2011
Betty2012
Betty2013
Betty2014
Betty2015
Betty2016
Betty2017
Betty2018
Betty2019
Betty2020
Betty2021
Betty2022
Betty2023
Betty2024
Betty2025
Betty2026
COMCAST!
COMCAST01
COMCAST123
COMCAST1234
COMCAST12345
COMCAST2024
COMCAST2025
COMCAST2026
COMCAST321
COMCAST99
COMCASTHOME
COMCASTNET
COMCASTPASS
COMCASTPASSWORD
COMCASTWIFI
CONNECT!
CONNECT01
CONNECT123
CONNECT1234
CONNECT12345
CONNECT2024
CONNECT2025
CONNECT2026
CONNECT321
CONNECT99
CONNECTHOME
CONNECTNET
CONNECTPASS
CONNECTPASSWORD
CONNECTWIFI
Camaro!!
Camaro!@#
Camaro0000
Camaro007
Camaro01
Camaro07
Camaro10
Camaro100
Camaro11
Camaro111
Camaro1111
Camaro12
Camaro123
Camaro1234
Camaro12345
Camaro123456
Camaro13
Camaro2024
Camaro2025
Camaro2026
Camaro21
Camaro22
Camaro23
Camaro321
Camaro33
Camaro420
Camaro4321
Camaro44
Camaro55
Camaro66
Camaro666
Camaro69
Camaro77
Camaro777
Camaro88
Camaro911
Camaro99
Camaro999
Camaro@123
Captain!
Captain!!
Captain!@#
Captain0000
Captain007
Captain01
Captain07
Captain1
Captain10
Captain100
Captain11
Captain111
Captain1111
Captain12
Captain123
Captain1234
Captain12345
Captain123456
Captain13
Captain2
Captain2024
Captain2025
Captain2026
Captain21
Captain22
Captain23
Captain3
Captain321
Captain33
Captain420
Captain4321
Captain44
Captain55
Captain66
Captain666
Captain69
Captain77
Captain777
Captain88
Captain911
Captain99
Captain999
Captain@123
Carol123
Carol1234
Carol1960
Carol1961
Carol1962
Carol1963
Carol1964
Carol1965
Carol1966
Carol1967
Carol1968
Carol1969
Carol1970
Carol1971
Carol1972
Carol1973
Carol1974
Carol1975
Carol1976
Carol1977
Carol1978
Carol1979
Carol1980
Carol1981
Carol1982
Carol1983
Carol1984
Carol1985
Carol1986
Carol1987
Carol1988
Carol1989
Carol1990
Carol1991
Carol1992
Carol1993
Carol1994
Carol1995
Carol1996
Carol1997
Carol1998
Carol1999
Carol2000
Carol2001
Carol2002
Carol2003
Carol2004
Carol2005
Carol2006
Carol2007
Carol2008
Carol2009
Carol2010
Carol2011
Carol2012
Carol2013
Carol2014
Carol2015
Carol2016
Carol2017
Carol2018
Carol2019
Carol2020
Carol2021
Carol2022
Carol2023
Carol2024
Carol2025
Carol2026
Charles!
Charles!!
Charles01
Charles123
Charles1234
Charles1960
Charles1961
Charles1962
Charles1963
Charles1964
Charles1965
Charles1966
Charles1967
Charles1968
Charles1969
Charles1970
Charles1971
Charles1972
Charles1973
Charles1974
Charles1975
Charles1976
Charles1977
Charles1978
Charles1979
Charles1980
Charles1981
Charles1982
Charles1983
Charles1984
Charles1985
Charles1986
Charles1987
Charles1988
Charles1989
Charles1990
Charles1991
Charles1992
Charles1993
Charles1994
Charles1995
Charles1996
Charles1997
Charles1998
Charles1999
Charles2000
Charles2001
Charles2002
Charles2003
Charles2004
Charles2005
Charles2006
Charles2007
Charles2008
Charles2009
Charles2010
Charles2011
Charles2012
Charles2013
Charles2014
Charles2015
Charles2016
Charles2017
Charles2018
Charles2019
Charles2020
Charles2021
Charles2022
Charles2023
Charles2024
Charles2025
Charles2026
Charles69
Charles99
Charlie!
Charlie!!
Charlie!@#
Charlie0000
Charlie007
Charlie01
Charlie07
Charlie1
Charlie10
Charlie100
Charlie11
Charlie111
Charlie1111
Charlie12
Charlie123
Charlie1234
Charlie12345
Charlie123456
Charlie13
Charlie2
Charlie2024
Charlie2025
Charlie2026
Charlie21
Charlie22
Charlie23
Charlie3
Charlie321
Charlie33
Charlie420
Charlie4321
Charlie44
Charlie55
Charlie66
Charlie666
Charlie69
Charlie77
Charlie777
Charlie88
Charlie911
Charlie99
Charlie999
Charlie@123
Coffee!!
Coffee!@#
Coffee0000
Coffee007
Coffee01
Coffee07
Coffee10
Coffee100
Coffee11
Coffee111
Coffee1111
Coffee12
Coffee123
Coffee1234
Coffee12345
Coffee123456
Coffee13
Coffee2024
Coffee2025
Coffee2026
Coffee21
Coffee22
Coffee23
Coffee321
Coffee33
Coffee420
Coffee4321
Coffee44
Coffee55
Coffee66
Coffee666
Coffee69
Coffee77
Coffee777
Coffee88
Coffee911
Coffee99
Coffee999
Coffee@123
Comcast!
Comcast01
Comcast123
Comcast1234
Comcast12345
Comcast2024
Comcast2025
Comcast2026
Comcast321
Comcast99
Comcasthome
Comcastnet
Comcastpass
Comcastpassword
Comcastwifi
Connect!
Connect01
Connect123
Connect1234
Connect12345
Connect2024
Connect2025
Connect2026
Connect321
Connect99
Connecthome
Connectnet
Connectpass
Connectpassword
Connectwifi
Cool0000
Cool1111
Cool1234
Cool12345
Cool123456
Cool2024
Cool2025
Cool2026
Cool4321
Cool@123
Cornelia!
Cornelia!!
Cornelia01
Cornelia123
Cornelia1234
Cornelia1960
Cornelia1961
Cornelia1962
Cornelia1963
Cornelia1964
Cornelia1965
Cornelia1966
Cornelia1967
Cornelia1968
Cornelia1969
Cornelia1970
Cornelia1971
Cornelia1972
Cornelia1973
Cornelia1974
Cornelia1975
Cornelia1976
Cornelia1977
Cornelia1978
Cornelia1979
Cornelia1980
Cornelia1981
Cornelia1982
Cornelia1983
Cornelia1984
Cornelia1985
Cornelia1986
Cornelia1987
Cornelia1988
Cornelia1989
Cornelia1990
Cornelia1991
Cornelia1992
Cornelia1993
Cornelia1994
Cornelia1995
Cornelia1996
Cornelia1997
Cornelia1998
Cornelia1999
Cornelia2000
Cornelia2001
Cornelia2002
Cornelia2003
Cornelia2004
Cornelia2005
Cornelia2006
Cornelia2007
Cornelia2008
Cornelia2009
Cornelia2010
Cornelia2011
Cornelia2012
Cornelia2013
Cornelia2014
Cornelia2015
Cornelia2016
Cornelia2017
Cornelia2018
Cornelia2019
Cornelia2020
Cornelia2021
Cornelia2022
Cornelia2023
Cornelia2024
Cornelia2025
Cornelia2026
Cornelia69
Cornelia99
Crystal!
Crystal!!
Crystal!@#
Crystal0000
Crystal007
Crystal01
Crystal07
Crystal1
Crystal10
Crystal100
Crystal11
Crystal111
Crystal1111
Crystal12
Crystal123
Crystal1234
Crystal12345
Crystal123456
Crystal13
Crystal2
Crystal2024
Crystal2025
Crystal2026
Crystal21
Crystal22
Crystal23
Crystal3
Crystal321
Crystal33
Crystal420
Crystal4321
Crystal44
Crystal55
Crystal66
Crystal666
Crystal69
Crystal77
Crystal777
Crystal88
Crystal911
Crystal99
Crystal999
Crystal@123
Cynthia!
Cynthia!!
Cynthia01
Cynthia123
Cynthia1234
Cynthia1960
Cynthia1961
Cynthia1962
Cynthia1963
Cynthia1964
Cynthia1965
Cynthia1966
Cynthia1967
Cynthia1968
Cynthia1969
Cynthia1970
Cynthia1971
Cynthia1972
Cynthia1973
Cynthia1974
Cynthia1975
Cynthia1976
Cynthia1977
Cynthia1978
Cynthia1979
Cynthia1980
Cynthia1981
Cynthia1982
Cynthia1983
Cynthia1984
Cynthia1985
Cynthia1986
Cynthia1987
Cynthia1988
Cynthia1989
Cynthia1990
Cynthia1991
Cynthia1992
Cynthia1993
Cynthia1994
Cynthia1995
Cynthia1996
Cynthia1997
Cynthia1998
Cynthia1999
Cynthia2000
Cynthia2001
Cynthia2002
Cynthia2003
Cynthia2004
Cynthia2005
Cynthia2006
Cynthia2007
Cynthia2008
Cynthia2009
Cynthia2010
Cynthia2011
Cynthia2012
Cynthia2013
Cynthia2014
Cynthia2015
Cynthia2016
Cynthia2017
Cynthia2018
Cynthia2019
Cynthia2020
Cynthia2021
Cynthia2022
Cynthia2023
Cynthia2024
Cynthia2025
Cynthia2026
Cynthia69
Cynthia99
DLINK123
DLINK1234
DLINK12345
DLINK2024
DLINK2025
DLINK2026
DLINK321
DLINKHOME
DLINKNET
DLINKPASS
DLINKPASSWORD
DLINKWIFI
Daniel!!
Daniel!@#
Daniel0000
Daniel007
Daniel01
Daniel07
Daniel10
Daniel100
Daniel11
Daniel111
Daniel1111
Daniel12
Daniel123
Daniel1234
Daniel12345
Daniel123456
Daniel13
Daniel1960
Daniel1961
Daniel1962
Daniel1963
Daniel1964
Daniel1965
Daniel1966
Daniel1967
Daniel1968
Daniel1969
Daniel1970
Daniel1971
Daniel1972
Daniel1973
Daniel1974
Daniel1975
Daniel1976
Daniel1977
Daniel1978
Daniel1979
Daniel1980
Daniel1981
Daniel1982
Daniel1983
Daniel1984
Daniel1985
Daniel1986
Daniel1987
Daniel1988
Daniel1989
Daniel1990
Daniel1991
Daniel1992
Daniel1993
Daniel1994
Daniel1995
Daniel1996
Daniel1997
Daniel1998
Daniel1999
Daniel2000
Daniel2001
Daniel2002
Daniel2003
Daniel2004
Daniel2005
Daniel2006
Daniel2007
Daniel2008
Daniel2009
Daniel2010
Daniel2011
Daniel2012
Daniel2013
Daniel2014
Daniel2015
Daniel2016
Daniel2017
Daniel2018
Daniel2019
Daniel2020
Daniel2021
Daniel2022
Daniel2023
Daniel2024
Daniel2025
Daniel2026
Daniel21
Daniel22
Daniel23
Daniel321
Daniel33
Daniel420
Daniel4321
Daniel44
Daniel55
Daniel66
Daniel666
Daniel69
Daniel77
Daniel777
Daniel88
Daniel911
Daniel99
Daniel999
Daniel@123
Dark0000
Dark1111
Dark1234
Dark12345
Dark123456
Dark2024
Dark2025
Dark2026
Dark4321
Dark@123
David123
David1234
David1960
David1961
David1962
David1963
David1964
David1965
David1966
David1967
David1968
David1969
David1970
David1971
David1972
David1973
David1974
David1975
David1976
David1977
David1978
David1979
David1980
David1981
David1982
David1983
David1984
David1985
David1986
David1987
David1988
David1989
David1990
David1991
David1992
David1993
David1994
David1995
David1996
David1997
David1998
David1999
David2000
David2001
David2002
David2003
David2004
David2005
David2006
David2007
David2008
David2009
David2010
David2011
David2012
David2013
David2014
David2015
David2016
David2017
David2018
David2019
David2020
David2021
David2022
David2023
David2024
David2025
David2026
Deborah!
Deborah!!
Deborah01
Deborah123
Deborah1234
Deborah1960
Deborah1961
Deborah1962
Deborah1963
Deborah1964
Deborah1965
Deborah1966
Deborah1967
Deborah1968
Deborah1969
Deborah1970
Deborah1971
Deborah1972
Deborah1973
Deborah1974
Deborah1975
Deborah1976
Deborah1977
Deborah1978
Deborah1979
Deborah1980
Deborah1981
Deborah1982
Deborah1983
Deborah1984
Deborah1985
Deborah1986
Deborah1987
Deborah1988
Deborah1989
Deborah1990
Deborah1991
Deborah1992
Deborah1993
Deborah1994
Deborah1995
Deborah1996
Deborah1997
Deborah1998
Deborah1999
Deborah2000
Deborah2001
Deborah2002
Deborah2003
Deborah2004
Deborah2005
Deborah2006
Deborah2007
Deborah2008
Deborah2009
Deborah2010
Deborah2011
Deborah2012
Deborah2013
Deborah2014
Deborah2015
Deborah2016
Deborah2017
Deborah2018
Deborah2019
Deborah2020
Deborah2021
Deborah2022
Deborah2023
Deborah2024
Deborah2025
Deborah2026
Deborah69
Deborah99
Demon!@#
Demon0000
Demon007
Demon100
Demon111
Demon1111
Demon123
Demon1234
Demon12345
Demon123456
Demon2024
Demon2025
Demon2026
Demon321
Demon420
Demon4321
Demon666
Demon777
Demon911
Demon999
Demon@123
Devil!@#
Devil0000
Devil007
Devil100
Devil111
Devil1111
Devil123
Devil1234
Devil12345
Devil123456
Devil2024
Devil2025
Devil2026
Devil321
Devil420
Devil4321
Devil666
Devil777
Devil911
Devil999
Devil@123
Diamond!
Diamond!!
Diamond!@#
Diamond0000
Diamond007
Diamond01
Diamond07
Diamond1
Diamond10
Diamond100
Diamond11
Diamond111
Diamond1111
Diamond12
Diamond123
Diamond1234
Diamond12345
Diamond123456
Diamond13
Diamond2
Diamond2024
Diamond2025
Diamond2026
Diamond21
Diamond22
Diamond23
Diamond3
Diamond321
Diamond33
Diamond420
Diamond4321
Diamond44
Diamond55
Diamond66
Diamond666
Diamond69
Diamond77
Diamond777
Diamond88
Diamond911
Diamond99
Diamond999
Diamond@123
Dlink123
Dlink1234
Dlink12345
Dlink2024
Dlink2025
Dlink2026
Dlink321
Dlinkhome
Dlinknet
Dlinkpass
Dlinkpassword
Dlinkwifi
Donald!!
Donald01
Donald123
Donald1234
Donald1960
Donald1961
Donald1962
Donald1963
Donald1964
Donald1965
Donald1966
Donald1967
Donald1968
Donald1969
Donald1970
Donald1971
Donald1972
Donald1973
Donald1974
Donald1975
Donald1976
Donald1977
Donald1978
Donald1979
Donald1980
Donald1981
Donald1982
Donald1983
Donald1984
Donald1985
Donald1986
Donald1987
Donald1988
Donald1989
Donald1990
Donald1991
Donald1992
Donald1993
Donald1994
Donald1995
Donald1996
Donald1997
Donald1998
Donald1999
Donald2000
Donald2001
Donald2002
Donald2003
Donald2004
Donald2005
Donald2006
Donald2007
Donald2008
Donald2009
Donald2010
Donald2011
Donald2012
Donald2013
Donald2014
Donald2015
Donald2016
Donald2017
Donald2018
Donald2019
Donald2020
Donald2021
Donald2022
Donald2023
Donald2024
Donald2025
Donald2026
Donald69
Donald99
Donna123
Donna1234
Donna1960
Donna1961
Donna1962
Donna1963
Donna1964
Donna1965
Donna1966
Donna1967
Donna1968
Donna1969
Donna1970
Donna1971
Donna1972
Donna1973
Donna1974
Donna1975
Donna1976
Donna1977
Donna1978
Donna1979
Donna1980
Donna1981
Donna1982
Donna1983
Donna1984
Donna1985
Donna1986
Donna1987
Donna1988
Donna1989
Donna1990
Donna1991
Donna1992
Donna1993
Donna1994
Donna1995
Donna1996
Donna1997
Donna1998
Donna1999
Donna2000
Donna2001
Donna2002
Donna2003
Donna2004
Donna2005
Donna2006
Donna2007
Donna2008
Donna2009
Donna2010
Donna2011
Donna2012
Donna2013
Donna2014
Donna2015
Donna2016
Donna2017
Donna2018
Donna2019
Donna2020
Donna2021
Donna2022
Donna2023
Donna2024
Donna2025
Donna2026
Dorothy!
Dorothy!!
Dorothy01
Dorothy123
Dorothy1234
Dorothy1960
Dorothy1961
Dorothy1962
Dorothy1963
Dorothy1964
Dorothy1965
Dorothy1966
Dorothy1967
Dorothy1968
Dorothy1969
Dorothy1970
Dorothy1971
Dorothy1972
Dorothy1973
Dorothy1974
Dorothy1975
Dorothy1976
Dorothy1977
Dorothy1978
Dorothy1979
Dorothy1980
Dorothy1981
Dorothy1982
Dorothy1983
Dorothy1984
Dorothy1985
Dorothy1986
Dorothy1987
Dorothy1988
Dorothy1989
Dorothy1990
Dorothy1991
Dorothy1992
Dorothy1993
Dorothy1994
Dorothy1995
Dorothy1996
Dorothy1997
Dorothy1998
Dorothy1999
Dorothy2000
Dorothy2001
Dorothy2002
Dorothy2003
Dorothy2004
Dorothy2005
Dorothy2006
Dorothy2007
Dorothy2008
Dorothy2009
Dorothy2010
Dorothy2011
Dorothy2012
Dorothy2013
Dorothy2014
Dorothy2015
Dorothy2016
Dorothy2017
Dorothy2018
Dorothy2019
Dorothy2020
Dorothy2021
Dorothy2022
Dorothy2023
Dorothy2024
Dorothy2025
Dorothy2026
Dorothy69
Dorothy99
Dragon!!
Dragon!@#
Dragon0000
Dragon007
Dragon01
Dragon07
Dragon10
Dragon100
Dragon11
Dragon111
Dragon1111
Dragon12
Dragon123
Dragon1234
Dragon12345
Dragon123456
Dragon13
Dragon2024
Dragon2025
Dragon2026
Dragon21
Dragon22
Dragon23
Dragon321
Dragon33
Dragon420
Dragon4321
Dragon44
Dragon55
Dragon66
Dragon666
Dragon69
Dragon77
Dragon777
Dragon88
Dragon911
Dragon99
Dragon999
Dragon@123
Earth!@#
Earth0000
Earth007
Earth100
Earth111
Earth1111
Earth123
Earth1234
Earth12345
Earth123456
Earth2024
Earth2025
Earth2026
Earth321
Earth420
Earth4321
Earth666
Earth777
Earth911
Earth999
Earth@123
Elizabeth!
Elizabeth!!
Elizabeth01
Elizabeth123
Elizabeth1234
Elizabeth1960
Elizabeth1961
Elizabeth1962
Elizabeth1963
Elizabeth1964
Elizabeth1965
Elizabeth1966
Elizabeth1967
Elizabeth1968
Elizabeth1969
Elizabeth1970
Elizabeth1971
Elizabeth1972
Elizabeth1973
Elizabeth1974
Elizabeth1975
Elizabeth1976
Elizabeth1977
Elizabeth1978
Elizabeth1979
Elizabeth1980
Elizabeth1981
Elizabeth1982
Elizabeth1983
Elizabeth1984
Elizabeth1985
Elizabeth1986
Elizabeth1987
Elizabeth1988
Elizabeth1989
Elizabeth1990
Elizabeth1991
Elizabeth1992
Elizabeth1993
Elizabeth1994
Elizabeth1995
Elizabeth1996
Elizabeth1997
Elizabeth1998
Elizabeth1999
Elizabeth2000
Elizabeth2001
Elizabeth2002
Elizabeth2003
Elizabeth2004
Elizabeth2005
Elizabeth2006
Elizabeth2007
Elizabeth2008
Elizabeth2009
Elizabeth2010
Elizabeth2011
Elizabeth2012
Elizabeth2013
Elizabeth2014
Elizabeth2015
Elizabeth2016
Elizabeth2017
Elizabeth2018
Elizabeth2019
Elizabeth2020
Elizabeth2021
Elizabeth2022
Elizabeth2023
Elizabeth2024
Elizabeth2025
Elizabeth2026
Elizabeth69
Elizabeth99
Emily123
Emily1234
Emily1960
Emily1961
Emily1962
Emily1963
Emily1964
Emily1965
Emily1966
Emily1967
Emily1968
Emily1969
Emily1970
Emily1971
Emily1972
Emily1973
Emily1974
Emily1975
Emily1976
Emily1977
Emily1978
Emily1979
Emily1980
Emily1981
Emily1982
Emily1983
Emily1984
Emily1985
Emily1986
Emily1987
Emily1988
Emily1989
Emily1990
Emily1991
Emily1992
Emily1993
Emily1994
Emily1995
Emily1996
Emily1997
Emily1998
Emily1999
Emily2000
Emily2001
Emily2002
Emily2003
Emily2004
Emily2005
Emily2006
Emily2007
Emily2008
Emily2009
Emily2010
Emily2011
Emily2012
Emily2013
Emily2014
Emily2015
Emily2016
Emily2017
Emily2018
Emily2019
Emily2020
Emily2021
Emily2022
Emily2023
Emily2024
Emily2025
Emily2026
F007b@ll
FAMILY01
FAMILY123
FAMILY1234
FAMILY12345
FAMILY2024
FAMILY2025
FAMILY2026
FAMILY321
FAMILY99
FAMILYHOME
FAMILYNET
FAMILYPASS
FAMILYPASSWORD
FAMILYWIFI
FORTNITE
Falcon!!
Falcon!@#
Falcon0000
Falcon007
Falcon01
Falcon07
Falcon10
Falcon100
Falcon11
Falcon111
Falcon1111
Falcon12
Falcon123
Falcon1234
Falcon12345
Falcon123456
Falcon13
Falcon2024
Falcon2025
Falcon2026
Falcon21
Falcon22
Falcon23
Falcon321
Falcon33
Falcon420
Falcon4321
Falcon44
Falcon55
Falcon66
Falcon666
Falcon69
Falcon77
Falcon777
Falcon88
Falcon911
Falcon99
Falcon999
Falcon@123
Family01
Family123
Family1234
Family12345
Family2024
Family2025
Family2026
Family321
Family99
Familyhome
Familynet
Familypass
Familypassword
Familywifi
Ferrari!
Ferrari!!
Ferrari!@#
Ferrari0000
Ferrari007
Ferrari01
Ferrari07
Ferrari1
Ferrari10
Ferrari100
Ferrari11
Ferrari111
Ferrari1111
Ferrari12
Ferrari123
Ferrari1234
Ferrari12345
Ferrari123456
Ferrari13
Ferrari2
Ferrari2024
Ferrari2025
Ferrari2026
Ferrari21
Ferrari22
Ferrari23
Ferrari3
Ferrari321
Ferrari33
Ferrari420
Ferrari4321
Ferrari44
Ferrari55
Ferrari66
Ferrari666
Ferrari69
Ferrari77
Ferrari777
Ferrari88
Ferrari911
Ferrari99
Ferrari999
Ferrari@123
Fire0000
Fire1111
Fire1234
Fire12345
Fire123456
Fire2024
Fire2025
Fire2026
Fire4321
Fire@123
Fortnite
Fortnite!
Fortnite!!
Fortnite!@#
Fortnite0000
Fortnite007
Fortnite01
Fortnite07
Fortnite1
Fortnite10
Fortnite100
Fortnite11
Fortnite111
Fortnite1111
Fortnite12
Fortnite123
Fortnite1234
Fortnite12345
Fortnite123456
Fortnite13
Fortnite2
Fortnite2024
Fortnite2025
Fortnite2026
Fortnite21
Fortnite22
Fortnite23
Fortnite3
Fortnite321
Fortnite33
Fortnite420
Fortnite4321
Fortnite44
Fortnite55
Fortnite66
Fortnite666
Fortnite69
Fortnite77
Fortnite777
Fortnite88
Fortnite911
Fortnite99
Fortnite999
Fortnite@123
Freedom!
Freedom!!
Freedom!@#
Freedom0000
Freedom007
Freedom01
Freedom07
Freedom1
Freedom10
Freedom100
Freedom11
Freedom111
Freedom1111
Freedom12
Freedom123
Freedom1234
Freedom12345
Freedom123456
Freedom13
Freedom2
Freedom2024
Freedom2025
Freedom2026
Freedom21
Freedom22
Freedom23
Freedom3
Freedom321
Freedom33
Freedom420
Freedom4321
Freedom44
Freedom55
Freedom66
Freedom666
Freedom69
Freedom77
Freedom777
Freedom88
Freedom911
Freedom99
Freedom999
Freedom@123
GUEST123
GUEST1234
GUEST12345
GUEST2024
GUEST2025
GUEST2026
GUEST321
GUESTHOME
GUESTNET
GUESTPASS
GUESTPASSWORD
GUESTWIFI
Gamer!@#
Gamer0000
Gamer007
Gamer100
Gamer111
Gamer1111
Gamer123
Gamer1234
Gamer12345
Gamer123456
Gamer2024
Gamer2025
Gamer2026
Gamer321
Gamer420
Gamer4321
Gamer666
Gamer777
Gamer911
Gamer999
Gamer@123
Gaming!!
Gaming!@#
Gaming0000
Gaming007
Gaming01
Gaming07
Gaming10
Gaming100
Gaming11
Gaming111
Gaming1111
Gaming12
Gaming123
Gaming1234
Gaming12345
Gaming123456
Gaming13
Gaming2024
Gaming2025
Gaming2026
Gaming21
Gaming22
Gaming23
Gaming321
Gaming33
Gaming420
Gaming4321
Gaming44
Gaming55
Gaming66
Gaming666
Gaming69
Gaming77
Gaming777
Gaming88
Gaming911
Gaming99
Gaming999
Gaming@123
Golden!!
Golden!@#
Golden0000
Golden007
Golden01
Golden07
Golden10
Golden100
Golden11
Golden111
Golden1111
Golden12
Golden123
Golden1234
Golden12345
Golden123456
Golden13
Golden2024
Golden2025
Golden2026
Golden21
Golden22
Golden23
Golden321
Golden33
Golden420
Golden4321
Golden44
Golden55
Golden66
Golden666
Golden69
Golden77
Golden777
Golden88
Golden911
Golden99
Golden999
Golden@123
Google!!
Google!@#
Google0000
Google007
Google01
Google07
Google10
Google100
Google11
Google111
Google1111
Google12
Google123
Google1234
Google12345
Google123456
Google13
Google2024
Google2025
Google2026
Google21
Google22
Google23
Google321
Google33
Google420
Google4321
Google44
Google55
Google66
Google666
Google69
Google77
Google777
Google88
Google911
Google99
Google999
Google@123
Guest123
Guest1234
Guest12345
Guest2024
Guest2025
Guest2026
Guest321
Guesthome
Guestnet
Guestpass
Guestpassword
Guestwifi
HOME1234
HOME12345
HOME2024
HOME2025
HOME2026
HOMEHOME
HOMEPASS
HOMEPASSWORD
HOMEWIFI
HOMEWIFI!
HOMEWIFI01
HOMEWIFI123
HOMEWIFI1234
HOMEWIFI12345
HOMEWIFI2024
HOMEWIFI2025
HOMEWIFI2026
HOMEWIFI321
HOMEWIFI99
HOMEWIFIHOME
HOMEWIFINET
HOMEWIFIPASS
HOMEWIFIPASSWORD
HOMEWIFIWIFI
HOUSE123
HOUSE1234
HOUSE12345
HOUSE2024
HOUSE2025
HOUSE2026
HOUSE321
HOUSEHOME
HOUSENET
HOUSEPASS
HOUSEPASSWORD
HOUSEWIFI
Hacker!!
Hacker!@#
Hacker0000
Hacker007
Hacker01
Hacker07
Hacker10
Hacker100
Hacker11
Hacker111
Hacker1111
Hacker12
Hacker123
Hacker1234
Hacker12345
Hacker123456
Hacker13
Hacker2024
Hacker2025
Hacker2026
Hacker21
Hacker22
Hacker23
Hacker321
Hacker33
Hacker420
Hacker4321
Hacker44
Hacker55
Hacker66
Hacker666
Hacker69
Hacker77
Hacker777
Hacker88
Hacker911
Hacker99
Hacker999
Hacker@123
Happy!@#
Happy0000
Happy007
Happy100
Happy111
Happy1111
Happy123
Happy1234
Happy12345
Happy123456
Happy2024
Happy2025
Happy2026
Happy321
Happy420
Happy4321
Happy666
Happy777
Happy911
Happy999
Happy@123
Harley!!
Harley!@#
Harley0000
Harley007
Harley01
Harley07
Harley10
Harley100
Harley11
Harley111
Harley1111
Harley12
Harley123
Harley1234
Harley12345
Harley123456
Harley13
Harley2024
Harley2025
Harley2026
Harley21
Harley22
Harley23
Harley321
Harley33
Harley420
Harley4321
Harley44
Harley55
Harley66
Harley666
Harley69
Harley77
Harley777
Harley88
Harley911
Harley99
Harley999
Harley@123
Heaven!!
Heaven!@#
Heaven0000
Heaven007
Heaven01
Heaven07
Heaven10
Heaven100
Heaven11
Heaven111
Heaven1111
Heaven12
Heaven123
Heaven1234
Heaven12345
Heaven123456
Heaven13
Heaven2024
Heaven2025
Heaven2026
Heaven21
Heaven22
Heaven23
Heaven321
Heaven33
Heaven420
Heaven4321
Heaven44
Heaven55
Heaven66
Heaven666
Heaven69
Heaven77
Heaven777
Heaven88
Heaven911
Heaven99
Heaven999
Heaven@123
Hell0000
Hell1111
Hell1234
Hell12345
Hell123456
Hell2024
Hell2025
Hell2026
Hell4321
Hell@123
Henk1234
Henk1960
Henk1961
Henk1962
Henk1963
Henk1964
Henk1965
Henk1966
Henk1967
Henk1968
Henk1969
Henk1970
Henk1971
Henk1972
Henk1973
Henk1974
Henk1975
Henk1976
Henk1977
Henk1978
Henk1979
Henk1980
Henk1981
Henk1982
Henk1983
Henk1984
Henk1985
Henk1986
Henk1987
Henk1988
Henk1989
Henk1990
Henk1991
Henk1992
Henk1993
Henk1994
Henk1995
Henk1996
Henk1997
Henk1998
Henk1999
Henk2000
Henk2001
Henk2002
Henk2003
Henk2004
Henk2005
Henk2006
Henk2007
Henk2008
Henk2009
Henk2010
Henk2011
Henk2012
Henk2013
Henk2014
Henk2015
Henk2016
Henk2017
Henk2018
Henk2019
Henk2020
Henk2021
Henk2022
Henk2023
Henk2024
Henk2025
Henk2026
Hidden!!
Hidden!@#
Hidden0000
Hidden007
Hidden01
Hidden07
Hidden10
Hidden100
Hidden11
Hidden111
Hidden1111
Hidden12
Hidden123
Hidden1234
Hidden12345
Hidden123456
Hidden13
Hidden2024
Hidden2025
Hidden2026
Hidden21
Hidden22
Hidden23
Hidden321
Hidden33
Hidden420
Hidden4321
Hidden44
Hidden55
Hidden66
Hidden666
Hidden69
Hidden77
Hidden777
Hidden88
Hidden911
Hidden99
Hidden999
Hidden@123
Home1234
Home12345
Home2024
Home2025
Home2026
Homehome
Homepass
Homepassword
Homewifi
Homewifi!
Homewifi01
Homewifi123
Homewifi1234
Homewifi12345
Homewifi2024
Homewifi2025
Homewifi2026
Homewifi321
Homewifi99
Homewifihome
Homewifinet
Homewifipass
Homewifipassword
Homewifiwifi
House123
House1234
House12345
House2024
House2025
House2026
House321
Househome
Housenet
Housepass
Housepassword
Housewifi
Hunter!!
Hunter!@#
Hunter0000
Hunter007
Hunter01
Hunter07
Hunter10
Hunter100
Hunter11
Hunter111
Hunter1111
Hunter12
Hunter123
Hunter1234
Hunter12345
Hunter123456
Hunter13
Hunter2024
Hunter2025
Hunter2026
Hunter21
Hunter22
Hunter23
Hunter321
Hunter33
Hunter420
Hunter4321
Hunter44
Hunter55
Hunter66
Hunter666
Hunter69
Hunter77
Hunter777
Hunter88
Hunter911
Hunter99
Hunter999
Hunter@123
INTERNET!
INTERNET01
INTERNET123
INTERNET1234
INTERNET12345
INTERNET2024
INTERNET2025
INTERNET2026
INTERNET321
INTERNET99
INTERNETHOME
INTERNETNET
INTERNETPASS
INTERNETPASSWORD
INTERNETWIFI
Internet!
Internet01
Internet123
Internet1234
Internet12345
Internet2024
Internet2025
Internet2026
Internet321
Internet99
Internethome
Internetnet
Internetpass
Internetpassword
Internetwifi
Ironman!
Ironman!!
Ironman!@#
Ironman0000
Ironman007
Ironman01
Ironman07
Ironman1
Ironman10
Ironman100
Ironman11
Ironman111
Ironman1111
Ironman12
Ironman123
Ironman1234
Ironman12345
Ironman123456
Ironman13
Ironman2
Ironman2024
Ironman2025
Ironman2026
Ironman21
Ironman22
Ironman23
Ironman3
Ironman321
Ironman33
Ironman420
Ironman4321
Ironman44
Ironman55
Ironman66
Ironman666
Ironman69
Ironman77
Ironman777
Ironman88
Ironman911
Ironman99
Ironman999
Ironman@123
JENNIFER
James123
James1234
James1960
James1961
James1962
James1963
James1964
James1965
James1966
James1967
James1968
James1969
James1970
James1971
James1972
James1973
James1974
James1975
James1976
James1977
James1978
James1979
James1980
James1981
James1982
James1983
James1984
James1985
James1986
James1987
James1988
James1989
James1990
James1991
James1992
James1993
James1994
James1995
James1996
James1997
James1998
James1999
James2000
James2001
James2002
James2003
James2004
James2005
James2006
James2007
James2008
James2009
James2010
James2011
James2012
James2013
James2014
James2015
James2016
James2017
James2018
James2019
James2020
James2021
James2022
James2023
James2024
James2025
James2026
Jennifer
Jennifer!
Jennifer!!
Jennifer!@#
Jennifer0000
Jennifer007
Jennifer01
Jennifer07
Jennifer1
Jennifer10
Jennifer100
Jennifer11
Jennifer111
Jennifer1111
Jennifer12
Jennifer123
Jennifer1234
Jennifer12345
Jennifer123456
Jennifer13
Jennifer1960
Jennifer1961
Jennifer1962
Jennifer1963
Jennifer1964
Jennifer1965
Jennifer1966
Jennifer1967
Jennifer1968
Jennifer1969
Jennifer1970
Jennifer1971
Jennifer1972
Jennifer1973
Jennifer1974
Jennifer1975
Jennifer1976
Jennifer1977
Jennifer1978
Jennifer1979
Jennifer1980
Jennifer1981
Jennifer1982
Jennifer1983
Jennifer1984
Jennifer1985
Jennifer1986
Jennifer1987
Jennifer1988
Jennifer1989
Jennifer1990
Jennifer1991
Jennifer1992
Jennifer1993
Jennifer1994
Jennifer1995
Jennifer1996
Jennifer1997
Jennifer1998
Jennifer1999
Jennifer2
Jennifer2000
Jennifer2001
Jennifer2002
Jennifer2003
Jennifer2004
Jennifer2005
Jennifer2006
Jennifer2007
Jennifer2008
Jennifer2009
Jennifer2010
Jennifer2011
Jennifer2012
Jennifer2013
Jennifer2014
Jennifer2015
Jennifer2016
Jennifer2017
Jennifer2018
Jennifer2019
Jennifer2020
Jennifer2021
Jennifer2022
Jennifer2023
Jennifer2024
Jennifer2025
Jennifer2026
Jennifer21
Jennifer22
Jennifer23
Jennifer3
Jennifer321
Jennifer33
Jennifer420
Jennifer4321
Jennifer44
Jennifer55
Jennifer66
Jennifer666
Jennifer69
Jennifer77
Jennifer777
Jennifer88
Jennifer911
Jennifer99
Jennifer999
Jennifer@123
Jessica!
Jessica!!
Jessica01
Jessica123
Jessica1234
Jessica1960
Jessica1961
Jessica1962
Jessica1963
Jessica1964
Jessica1965
Jessica1966
Jessica1967
Jessica1968
Jessica1969
Jessica1970
Jessica1971
Jessica1972
Jessica1973
Jessica1974
Jessica1975
Jessica1976
Jessica1977
Jessica1978
Jessica1979
Jessica1980
Jessica1981
Jessica1982
Jessica1983
Jessica1984
Jessica1985
Jessica1986
Jessica1987
Jessica1988
Jessica1989
Jessica1990
Jessica1991
Jessica1992
Jessica1993
Jessica1994
Jessica1995
Jessica1996
Jessica1997
Jessica1998
Jessica1999
Jessica2000
Jessica2001
Jessica2002
Jessica2003
Jessica2004
Jessica2005
Jessica2006
Jessica2007
Jessica2008
Jessica2009
Jessica2010
Jessica2011
Jessica2012
Jessica2013
Jessica2014
Jessica2015
Jessica2016
Jessica2017
Jessica2018
Jessica2019
Jessica2020
Jessica2021
Jessica2022
Jessica2023
Jessica2024
Jessica2025
Jessica2026
Jessica69
Jessica99
Johan123
Johan1234
Johan1960
Johan1961
Johan1962
Johan1963
Johan1964
Johan1965
Johan1966
Johan1967
Johan1968
Johan1969
Johan1970
Johan1971
Johan1972
Johan1973
Johan1974
Johan1975
Johan1976
Johan1977
Johan1978
Johan1979
Johan1980
Johan1981
Johan1982
Johan1983
Johan1984
Johan1985
Johan1986
Johan1987
Johan1988
Johan1989
Johan1990
Johan1991
Johan1992
Johan1993
Johan1994
Johan1995
Johan1996
Johan1997
Johan1998
Johan1999
Johan2000
Johan2001
Johan2002
Johan2003
Johan2004
Johan2005
Johan2006
Johan2007
Johan2008
Johan2009
Johan2010
Johan2011
Johan2012
Johan2013
Johan2014
Johan2015
Johan2016
Johan2017
Johan2018
Johan2019
Johan2020
Johan2021
Johan2022
Johan2023
Johan2024
Johan2025
Johan2026
Johanna!
Johanna!!
Johanna01
Johanna123
Johanna1234
Johanna1960
Johanna1961
Johanna1962
Johanna1963
Johanna1964
Johanna1965
Johanna1966
Johanna1967
Johanna1968
Johanna1969
Johanna1970
Johanna1971
Johanna1972
Johanna1973
Johanna1974
Johanna1975
Johanna1976
Johanna1977
Johanna1978
Johanna1979
Johanna1980
Johanna1981
Johanna1982
Johanna1983
Johanna1984
Johanna1985
Johanna1986
Johanna1987
Johanna1988
Johanna1989
Johanna1990
Johanna1991
Johanna1992
Johanna1993
Johanna1994
Johanna1995
Johanna1996
Johanna1997
Johanna1998
Johanna1999
Johanna2000
Johanna2001
Johanna2002
Johanna2003
Johanna2004
Johanna2005
Johanna2006
Johanna2007
Johanna2008
Johanna2009
Johanna2010
Johanna2011
Johanna2012
Johanna2013
Johanna2014
Johanna2015
Johanna2016
Johanna2017
Johanna2018
Johanna2019
Johanna2020
Johanna2021
Johanna2022
Johanna2023
Johanna2024
Johanna2025
Johanna2026
Johanna69
Johanna99
John1234
John1960
John1961
John1962
John1963
John1964
John1965
John1966
John1967
John1968
John1969
John1970
John1971
John1972
John1973
John1974
John1975
John1976
John1977
John1978
John1979
John1980
John1981
John1982
John1983
John1984
John1985
John1986
John1987
John1988
John1989
John1990
John1991
John1992
John1993
John1994
John1995
John1996
John1997
John1998
John1999
John2000
John2001
John2002
John2003
John2004
John2005
John2006
John2007
John2008
John2009
John2010
John2011
John2012
John2013
John2014
John2015
John2016
John2017
John2018
John2019
John2020
John2021
John2022
John2023
John2024
John2025
John2026
Jordan!!
Jordan!@#
Jordan0000
Jordan007
Jordan01
Jordan07
Jordan10
Jordan100
Jordan11
Jordan111
Jordan1111
Jordan12
Jordan123
Jordan1234
Jordan12345
Jordan123456
Jordan13
Jordan2024
Jordan2025
Jordan2026
Jordan21
Jordan22
Jordan23
Jordan321
Jordan33
Jordan420
Jordan4321
Jordan44
Jordan55
Jordan66
Jordan666
Jordan69
Jordan77
Jordan777
Jordan88
Jordan911
Jordan99
Jordan999
Jordan@123
Joseph!!
Joseph01
Joseph123
Joseph1234
Joseph1960
Joseph1961
Joseph1962
Joseph1963
Joseph1964
Joseph1965
Joseph1966
Joseph1967
Joseph1968
Joseph1969
Joseph1970
Joseph1971
Joseph1972
Joseph1973
Joseph1974
Joseph1975
Joseph1976
Joseph1977
Joseph1978
Joseph1979
Joseph1980
Joseph1981
Joseph1982
Joseph1983
Joseph1984
Joseph1985
Joseph1986
Joseph1987
Joseph1988
Joseph1989
Joseph1990
Joseph1991
Joseph1992
Joseph1993
Joseph1994
Joseph1995
Joseph1996
Joseph1997
Joseph1998
Joseph1999
Joseph2000
Joseph2001
Joseph2002
Joseph2003
Joseph2004
Joseph2005
Joseph2006
Joseph2007
Joseph2008
Joseph2009
Joseph2010
Joseph2011
Joseph2012
Joseph2013
Joseph2014
Joseph2015
Joseph2016
Joseph2017
Joseph2018
Joseph2019
Joseph2020
Joseph2021
Joseph2022
Joseph2023
Joseph2024
Joseph2025
Joseph2026
Joseph69
Joseph99
Joshua!!
Joshua!@#
Joshua0000
Joshua007
Joshua01
Joshua07
Joshua10
Joshua100
Joshua11
Joshua111
Joshua1111
Joshua12
Joshua123
Joshua1234
Joshua12345
Joshua123456
Joshua13
Joshua1960
Joshua1961
Joshua1962
Joshua1963
Joshua1964
Joshua1965
Joshua1966
Joshua1967
Joshua1968
Joshua1969
Joshua1970
Joshua1971
Joshua1972
Joshua1973
Joshua1974
Joshua1975
Joshua1976
Joshua1977
Joshua1978
Joshua1979
Joshua1980
Joshua1981
Joshua1982
Joshua1983
Joshua1984
Joshua1985
Joshua1986
Joshua1987
Joshua1988
Joshua1989
Joshua1990
Joshua1991
Joshua1992
Joshua1993
Joshua1994
Joshua1995
Joshua1996
Joshua1997
Joshua1998
Joshua1999
Joshua2000
Joshua2001
Joshua2002
Joshua2003
Joshua2004
Joshua2005
Joshua2006
Joshua2007
Joshua2008
Joshua2009
Joshua2010
Joshua2011
Joshua2012
Joshua2013
Joshua2014
Joshua2015
Joshua2016
Joshua2017
Joshua2018
Joshua2019
Joshua2020
Joshua2021
Joshua2022
Joshua2023
Joshua2024
Joshua2025
Joshua2026
Joshua21
Joshua22
Joshua23
Joshua321
Joshua33
Joshua420
Joshua4321
Joshua44
Joshua55
Joshua66
Joshua666
Joshua69
Joshua77
Joshua777
Joshua88
Joshua911
Joshua99
Joshua999
Joshua@123
KPN12345
KPNPASSWORD
Karen123
Karen1234
Karen1960
Karen1961
Karen1962
Karen1963
Karen1964
Karen1965
Karen1966
Karen1967
Karen1968
Karen1969
Karen1970
Karen1971
Karen1972
Karen1973
Karen1974
Karen1975
Karen1976
Karen1977
Karen1978
Karen1979
Karen1980
Karen1981
Karen1982
Karen1983
Karen1984
Karen1985
Karen1986
Karen1987
Karen1988
Karen1989
Karen1990
Karen1991
Karen1992
Karen1993
Karen1994
Karen1995
Karen1996
Karen1997
Karen1998
Karen1999
Karen2000
Karen2001
Karen2002
Karen2003
Karen2004
Karen2005
Karen2006
Karen2007
Karen2008
Karen2009
Karen2010
Karen2011
Karen2012
Karen2013
Karen2014
Karen2015
Karen2016
Karen2017
Karen2018
Karen2019
Karen2020
Karen2021
Karen2022
Karen2023
Karen2024
Karen2025
Karen2026
Kenneth!
Kenneth!!
Kenneth01
Kenneth123
Kenneth1234
Kenneth1960
Kenneth1961
Kenneth1962
Kenneth1963
Kenneth1964
Kenneth1965
Kenneth1966
Kenneth1967
Kenneth1968
Kenneth1969
Kenneth1970
Kenneth1971
Kenneth1972
Kenneth1973
Kenneth1974
Kenneth1975
Kenneth1976
Kenneth1977
Kenneth1978
Kenneth1979
Kenneth1980
Kenneth1981
Kenneth1982
Kenneth1983
Kenneth1984
Kenneth1985
Kenneth1986
Kenneth1987
Kenneth1988
Kenneth1989
Kenneth1990
Kenneth1991
Kenneth1992
Kenneth1993
Kenneth1994
Kenneth1995
Kenneth1996
Kenneth1997
Kenneth1998
Kenneth1999
Kenneth2000
Kenneth2001
Kenneth2002
Kenneth2003
Kenneth2004
Kenneth2005
Kenneth2006
Kenneth2007
Kenneth2008
Kenneth2009
Kenneth2010
Kenneth2011
Kenneth2012
Kenneth2013
Kenneth2014
Kenneth2015
Kenneth2016
Kenneth2017
Kenneth2018
Kenneth2019
Kenneth2020
Kenneth2021
Kenneth2022
Kenneth2023
Kenneth2024
Kenneth2025
Kenneth2026
Kenneth69
Kenneth99
Killer!!
Killer!@#
Killer0000
Killer007
Killer01
Killer07
Killer10
Killer100
Killer11
Killer111
Killer1111
Killer12
Killer123
Killer1234
Killer12345
Killer123456
Killer13
Killer2024
Killer2025
Killer2026
Killer21
Killer22
Killer23
Killer321
Killer33
Killer420
Killer4321
Killer44
Killer55
Killer66
Killer666
Killer69
Killer77
Killer777
Killer88
Killer911
Killer99
Killer999
Killer@123
Kimberly!
Kimberly!!
Kimberly01
Kimberly123
Kimberly1234
Kimberly1960
Kimberly1961
Kimberly1962
Kimberly1963
Kimberly1964
Kimberly1965
Kimberly1966
Kimberly1967
Kimberly1968
Kimberly1969
Kimberly1970
Kimberly1971
Kimberly1972
Kimberly1973
Kimberly1974
Kimberly1975
Kimberly1976
Kimberly1977
Kimberly1978
Kimberly1979
Kimberly1980
Kimberly1981
Kimberly1982
Kimberly1983
Kimberly1984
Kimberly1985
Kimberly1986
Kimberly1987
Kimberly1988
Kimberly1989
Kimberly1990
Kimberly1991
Kimberly1992
Kimberly1993
Kimberly1994
Kimberly1995
Kimberly1996
Kimberly1997
Kimberly1998
Kimberly1999
Kimberly2000
Kimberly2001
Kimberly2002
Kimberly2003
Kimberly2004
Kimberly2005
Kimberly2006
Kimberly2007
Kimberly2008
Kimberly2009
Kimberly2010
Kimberly2011
Kimberly2012
Kimberly2013
Kimberly2014
Kimberly2015
Kimberly2016
Kimberly2017
Kimberly2018
Kimberly2019
Kimberly2020
Kimberly2021
Kimberly2022
Kimberly2023
Kimberly2024
Kimberly2025
Kimberly2026
Kimberly69
Kimberly99
King0000
King1111
King1234
King12345
King123456
King2024
King2025
King2026
King4321
King@123
Klaas123
Klaas1234
Klaas1960
Klaas1961
Klaas1962
Klaas1963
Klaas1964
Klaas1965
Klaas1966
Klaas1967
Klaas1968
Klaas1969
Klaas1970
Klaas1971
Klaas1972
Klaas1973
Klaas1974
Klaas1975
Klaas1976
Klaas1977
Klaas1978
Klaas1979
Klaas1980
Klaas1981
Klaas1982
Klaas1983
Klaas1984
Klaas1985
Klaas1986
Klaas1987
Klaas1988
Klaas1989
Klaas1990
Klaas1991
Klaas1992
Klaas1993
Klaas1994
Klaas1995
Klaas1996
Klaas1997
Klaas1998
Klaas1999
Klaas2000
Klaas2001
Klaas2002
Klaas2003
Klaas2004
Klaas2005
Klaas2006
Klaas2007
Klaas2008
Klaas2009
Klaas2010
Klaas2011
Klaas2012
Klaas2013
Klaas2014
Klaas2015
Klaas2016
Klaas2017
Klaas2018
Klaas2019
Klaas2020
Klaas2021
Klaas2022
Klaas2023
Klaas2024
Klaas2025
Klaas2026
Kpn12345
Kpnpassword
LINKSYS!
LINKSYS01
LINKSYS123
LINKSYS1234
LINKSYS12345
LINKSYS2024
LINKSYS2025
LINKSYS2026
LINKSYS321
LINKSYS99
LINKSYSHOME
LINKSYSNET
LINKSYSPASS
LINKSYSPASSWORD
LINKSYSWIFI
Laura123
Laura1234
Laura1960
Laura1961
Laura1962
Laura1963
Laura1964
Laura1965
Laura1966
Laura1967
Laura1968
Laura1969
Laura1970
Laura1971
Laura1972
Laura1973
Laura1974
Laura1975
Laura1976
Laura1977
Laura1978
Laura1979
Laura1980
Laura1981
Laura1982
Laura1983
Laura1984
Laura1985
Laura1986
Laura1987
Laura1988
Laura1989
Laura1990
Laura1991
Laura1992
Laura1993
Laura1994
Laura1995
Laura1996
Laura1997
Laura1998
Laura1999
Laura2000
Laura2001
Laura2002
Laura2003
Laura2004
Laura2005
Laura2006
Laura2007
Laura2008
Laura2009
Laura2010
Laura2011
Laura2012
Laura2013
Laura2014
Laura2015
Laura2016
Laura2017
Laura2018
Laura2019
Laura2020
Laura2021
Laura2022
Laura2023
Laura2024
Laura2025
Laura2026
Legend!!
Legend!@#
Legend0000
Legend007
Legend01
Legend07
Legend10
Legend100
Legend11
Legend111
Legend1111
Legend12
Legend123
Legend1234
Legend12345
Legend123456
Legend13
Legend2024
Legend2025
Legend2026
Legend21
Legend22
Legend23
Legend321
Legend33
Legend420
Legend4321
Legend44
Legend55
Legend66
Legend666
Legend69
Legend77
Legend777
Legend88
Legend911
Legend99
Legend999
Legend@123
Letmein!
Letmein!!
Letmein!@#
Letmein0000
Letmein007
Letmein01
Letmein07
Letmein1
Letmein10
Letmein100
Letmein11
Letmein111
Letmein1111
Letmein12
Letmein123
Letmein1234
Letmein12345
Letmein123456
Letmein13
Letmein2
Letmein2024
Letmein2025
Letmein2026
Letmein21
Letmein22
Letmein23
Letmein3
Letmein321
Letmein33
Letmein420
Letmein4321
Letmein44
Letmein55
Letmein66
Letmein666
Letmein69
Letmein77
Letmein777
Letmein88
Letmein911
Letmein99
Letmein999
Letmein@123
Light!@#
Light0000
Light007
Light100
Light111
Light1111
Light123
Light1234
Light12345
Light123456
Light2024
Light2025
Light2026
Light321
Light420
Light4321
Light666
Light777
Light911
Light999
Light@123
Linda123
Linda1234
Linda1960
Linda1961
Linda1962
Linda1963
Linda1964
Linda1965
Linda1966
Linda1967
Linda1968
Linda1969
Linda1970
Linda1971
Linda1972
Linda1973
Linda1974
Linda1975
Linda1976
Linda1977
Linda1978
Linda1979
Linda1980
Linda1981
Linda1982
Linda1983
Linda1984
Linda1985
Linda1986
Linda1987
Linda1988
Linda1989
Linda1990
Linda1991
Linda1992
Linda1993
Linda1994
Linda1995
Linda1996
Linda1997
Linda1998
Linda1999
Linda2000
Linda2001
Linda2002
Linda2003
Linda2004
Linda2005
Linda2006
Linda2007
Linda2008
Linda2009
Linda2010
Linda2011
Linda2012
Linda2013
Linda2014
Linda2015
Linda2016
Linda2017
Linda2018
Linda2019
Linda2020
Linda2021
Linda2022
Linda2023
Linda2024
Linda2025
Linda2026
Linksys!
Linksys01
Linksys123
Linksys1234
Linksys12345
Linksys2024
Linksys2025
Linksys2026
Linksys321
Linksys99
Linksyshome
Linksysnet
Linksyspass
Linksyspassword
Linksyswifi
Lisa1234
Lisa1960
Lisa1961
Lisa1962
Lisa1963
Lisa1964
Lisa1965
Lisa1966
Lisa1967
Lisa1968
Lisa1969
Lisa1970
Lisa1971
Lisa1972
Lisa1973
Lisa1974
Lisa1975
Lisa1976
Lisa1977
Lisa1978
Lisa1979
Lisa1980
Lisa1981
Lisa1982
Lisa1983
Lisa1984
Lisa1985
Lisa1986
Lisa1987
Lisa1988
Lisa1989
Lisa1990
Lisa1991
Lisa1992
Lisa1993
Lisa1994
Lisa1995
Lisa1996
Lisa1997
Lisa1998
Lisa1999
Lisa2000
Lisa2001
Lisa2002
Lisa2003
Lisa2004
Lisa2005
Lisa2006
Lisa2007
Lisa2008
Lisa2009
Lisa2010
Lisa2011
Lisa2012
Lisa2013
Lisa2014
Lisa2015
Lisa2016
Lisa2017
Lisa2018
Lisa2019
Lisa2020
Lisa2021
Lisa2022
Lisa2023
Lisa2024
Lisa2025
Lisa2026
Love0000
Love1111
Love1234
Love12345
Love123456
Love2024
Love2025
Love2026
Love4321
Love@123
Lucky!@#
Lucky0000
Lucky007
Lucky100
Lucky111
Lucky1111
Lucky123
Lucky1234
Lucky12345
Lucky123456
Lucky2024
Lucky2025
Lucky2026
Lucky321
Lucky420
Lucky4321
Lucky666
Lucky777
Lucky911
Lucky999
Lucky@123
MERCEDES
MINECRAFT
MYNETWORK!
MYNETWORK01
MYNETWORK123
MYNETWORK1234
MYNETWORK12345
MYNETWORK2024
MYNETWORK2025
MYNETWORK2026
MYNETWORK321
MYNETWORK99
MYNETWORKHOME
MYNETWORKNET
MYNETWORKPASS
MYNETWORKPASSWORD
MYNETWORKWIFI
MYWIFI01
MYWIFI123
MYWIFI1234
MYWIFI12345
MYWIFI2024
MYWIFI2025
MYWIFI2026
MYWIFI321
MYWIFI99
MYWIFIHOME
MYWIFINET
MYWIFIPASS
MYWIFIPASSWORD
MYWIFIWIFI
Margaret!
Margaret!!
Margaret01
Margaret123
Margaret1234
Margaret1960
Margaret1961
Margaret1962
Margaret1963
Margaret1964
Margaret1965
Margaret1966
Margaret1967
Margaret1968
Margaret1969
Margaret1970
Margaret1971
Margaret1972
Margaret1973
Margaret1974
Margaret1975
Margaret1976
Margaret1977
Margaret1978
Margaret1979
Margaret1980
Margaret1981
Margaret1982
Margaret1983
Margaret1984
Margaret1985
Margaret1986
Margaret1987
Margaret1988
Margaret1989
Margaret1990
Margaret1991
Margaret1992
Margaret1993
Margaret1994
Margaret1995
Margaret1996
Margaret1997
Margaret1998
Margaret1999
Margaret2000
Margaret2001
Margaret2002
Margaret2003
Margaret2004
Margaret2005
Margaret2006
Margaret2007
Margaret2008
Margaret2009
Margaret2010
Margaret2011
Margaret2012
Margaret2013
Margaret2014
Margaret2015
Margaret2016
Margaret2017
Margaret2018
Margaret2019
Margaret2020
Margaret2021
Margaret2022
Margaret2023
Margaret2024
Margaret2025
Margaret2026
Margaret69
Margaret99
Maria123
Maria1234
Maria1960
Maria1961
Maria1962
Maria1963
Maria1964
Maria1965
Maria1966
Maria1967
Maria1968
Maria1969
Maria1970
Maria1971
Maria1972
Maria1973
Maria1974
Maria1975
Maria1976
Maria1977
Maria1978
Maria1979
Maria1980
Maria1981
Maria1982
Maria1983
Maria1984
Maria1985
Maria1986
Maria1987
Maria1988
Maria1989
Maria1990
Maria1991
Maria1992
Maria1993
Maria1994
Maria1995
Maria1996
Maria1997
Maria1998
Maria1999
Maria2000
Maria2001
Maria2002
Maria2003
Maria2004
Maria2005
Maria2006
Maria2007
Maria2008
Maria2009
Maria2010
Maria2011
Maria2012
Maria2013
Maria2014
Maria2015
Maria2016
Maria2017
Maria2018
Maria2019
Maria2020
Maria2021
Maria2022
Maria2023
Maria2024
Maria2025
Maria2026
Mark1234
Mark1960
Mark1961
Mark1962
Mark1963
Mark1964
Mark1965
Mark1966
Mark1967
Mark1968
Mark1969
Mark1970
Mark1971
Mark1972
Mark1973
Mark1974
Mark1975
Mark1976
Mark1977
Mark1978
Mark1979
Mark1980
Mark1981
Mark1982
Mark1983
Mark1984
Mark1985
Mark1986
Mark1987
Mark1988
Mark1989
Mark1990
Mark1991
Mark1992
Mark1993
Mark1994
Mark1995
Mark1996
Mark1997
Mark1998
Mark1999
Mark2000
Mark2001
Mark2002
Mark2003
Mark2004
Mark2005
Mark2006
Mark2007
Mark2008
Mark2009
Mark2010
Mark2011
Mark2012
Mark2013
Mark2014
Mark2015
Mark2016
Mark2017
Mark2018
Mark2019
Mark2020
Mark2021
Mark2022
Mark2023
Mark2024
Mark2025
Mark2026
Mary1234
Mary1960
Mary1961
Mary1962
Mary1963
Mary1964
Mary1965
Mary1966
Mary1967
Mary1968
Mary1969
Mary1970
Mary1971
Mary1972
Mary1973
Mary1974
Mary1975
Mary1976
Mary1977
Mary1978
Mary1979
Mary1980
Mary1981
Mary1982
Mary1983
Mary1984
Mary1985
Mary1986
Mary1987
Mary1988
Mary1989
Mary1990
Mary1991
Mary1992
Mary1993
Mary1994
Mary1995
Mary1996
Mary1997
Mary1998
Mary1999
Mary2000
Mary2001
Mary2002
Mary2003
Mary2004
Mary2005
Mary2006
Mary2007
Mary2008
Mary2009
Mary2010
Mary2011
Mary2012
Mary2013
Mary2014
Mary2015
Mary2016
Mary2017
Mary2018
Mary2019
Mary2020
Mary2021
Mary2022
Mary2023
Mary2024
Mary2025
Mary2026
Master!!
Master!@#
Master0000
Master007
Master01
Master07
Master10
Master100
Master11
Master111
Master1111
Master12
Master123
Master1234
Master12345
Master123456
Master13
Master2024
Master2025
Master2026
Master21
Master22
Master23
Master321
Master33
Master420
Master4321
Master44
Master55
Master66
Master666
Master69
Master77
Master777
Master88
Master911
Master99
Master999
Master@123
Matthew!
Matthew!!
Matthew!@#
Matthew0000
Matthew007
Matthew01
Matthew07
Matthew1
Matthew10
Matthew100
Matthew11
Matthew111
Matthew1111
Matthew12
Matthew123
Matthew1234
Matthew12345
Matthew123456
Matthew13
Matthew1960
Matthew1961
Matthew1962
Matthew1963
Matthew1964
Matthew1965
Matthew1966
Matthew1967
Matthew1968
Matthew1969
Matthew1970
Matthew1971
Matthew1972
Matthew1973
Matthew1974
Matthew1975
Matthew1976
Matthew1977
Matthew1978
Matthew1979
Matthew1980
Matthew1981
Matthew1982
Matthew1983
Matthew1984
Matthew1985
Matthew1986
Matthew1987
Matthew1988
Matthew1989
Matthew1990
Matthew1991
Matthew1992
Matthew1993
Matthew1994
Matthew1995
Matthew1996
Matthew1997
Matthew1998
Matthew1999
Matthew2
Matthew2000
Matthew2001
Matthew2002
Matthew2003
Matthew2004
Matthew2005
Matthew2006
Matthew2007
Matthew2008
Matthew2009
Matthew2010
Matthew2011
Matthew2012
Matthew2013
Matthew2014
Matthew2015
Matthew2016
Matthew2017
Matthew2018
Matthew2019
Matthew2020
Matthew2021
Matthew2022
Matthew2023
Matthew2024
Matthew2025
Matthew2026
Matthew21
Matthew22
Matthew23
Matthew3
Matthew321
Matthew33
Matthew420
Matthew4321
Matthew44
Matthew55
Matthew66
Matthew666
Matthew69
Matthew77
Matthew777
Matthew88
Matthew911
Matthew99
Matthew999
Matthew@123
Mega0000
Mega1111
Mega1234
Mega12345
Mega123456
Mega2024
Mega2025
Mega2026
Mega4321
Mega@123
Melissa!
Melissa!!
Melissa01
Melissa123
Melissa1234
Melissa1960
Melissa1961
Melissa1962
Melissa1963
Melissa1964
Melissa1965
Melissa1966
Melissa1967
Melissa1968
Melissa1969
Melissa1970
Melissa1971
Melissa1972
Melissa1973
Melissa1974
Melissa1975
Melissa1976
Melissa1977
Melissa1978
Melissa1979
Melissa1980
Melissa1981
Melissa1982
Melissa1983
Melissa1984
Melissa1985
Melissa1986
Melissa1987
Melissa1988
Melissa1989
Melissa1990
Melissa1991
Melissa1992
Melissa1993
Melissa1994
Melissa1995
Melissa1996
Melissa1997
Melissa1998
Melissa1999
Melissa2000
Melissa2001
Melissa2002
Melissa2003
Melissa2004
Melissa2005
Melissa2006
Melissa2007
Melissa2008
Melissa2009
Melissa2010
Melissa2011
Melissa2012
Melissa2013
Melissa2014
Melissa2015
Melissa2016
Melissa2017
Melissa2018
Melissa2019
Melissa2020
Melissa2021
Melissa2022
Melissa2023
Melissa2024
Melissa2025
Melissa2026
Melissa69
Melissa99
Mercedes
Mercedes!
Mercedes!!
Mercedes!@#
Mercedes0000
Mercedes007
Mercedes01
Mercedes07
Mercedes1
Mercedes10
Mercedes100
Mercedes11
Mercedes111
Mercedes1111
Mercedes12
Mercedes123
Mercedes1234
Mercedes12345
Mercedes123456
Mercedes13
Mercedes2
Mercedes2024
Mercedes2025
Mercedes2026
Mercedes21
Mercedes22
Mercedes23
Mercedes3
Mercedes321
Mercedes33
Mercedes420
Mercedes4321
Mercedes44
Mercedes55
Mercedes66
Mercedes666
Mercedes69
Mercedes77
Mercedes777
Mercedes88
Mercedes911
Mercedes99
Mercedes999
Mercedes@123
Michael!
Michael!!
Michael!@#
Michael0000
Michael007
Michael01
Michael07
Michael1
Michael10
Michael100
Michael11
Michael111
Michael1111
Michael12
Michael123
Michael1234
Michael12345
Michael123456
Michael13
Michael1960
Michael1961
Michael1962
Michael1963
Michael1964
Michael1965
Michael1966
Michael1967
Michael1968
Michael1969
Michael1970
Michael1971
Michael1972
Michael1973
Michael1974
Michael1975
Michael1976
Michael1977
Michael1978
Michael1979
Michael1980
Michael1981
Michael1982
Michael1983
Michael1984
Michael1985
Michael1986
Michael1987
Michael1988
Michael1989
Michael1990
Michael1991
Michael1992
Michael1993
Michael1994
Michael1995
Michael1996
Michael1997
Michael1998
Michael1999
Michael2
Michael2000
Michael2001
Michael2002
Michael2003
Michael2004
Michael2005
Michael2006
Michael2007
Michael2008
Michael2009
Michael2010
Michael2011
Michael2012
Michael2013
Michael2014
Michael2015
Michael2016
Michael2017
Michael2018
Michael2019
Michael2020
Michael2021
Michael2022
Michael2023
Michael2024
Michael2025
Michael2026
Michael21
Michael22
Michael23
Michael3
Michael321
Michael33
Michael420
Michael4321
Michael44
Michael55
Michael66
Michael666
Michael69
Michael77
Michael777
Michael88
Michael911
Michael99
Michael999
Michael@123
Michelle!
Michelle!!
Michelle01
Michelle123
Michelle1234
Michelle1960
Michelle1961
Michelle1962
Michelle1963
Michelle1964
Michelle1965
Michelle1966
Michelle1967
Michelle1968
Michelle1969
Michelle1970
Michelle1971
Michelle1972
Michelle1973
Michelle1974
Michelle1975
Michelle1976
Michelle1977
Michelle1978
Michelle1979
Michelle1980
Michelle1981
Michelle1982
Michelle1983
Michelle1984
Michelle1985
Michelle1986
Michelle1987
Michelle1988
Michelle1989
Michelle1990
Michelle1991
Michelle1992
Michelle1993
Michelle1994
Michelle1995
Michelle1996
Michelle1997
Michelle1998
Michelle1999
Michelle2000
Michelle2001
Michelle2002
Michelle2003
Michelle2004
Michelle2005
Michelle2006
Michelle2007
Michelle2008
Michelle2009
Michelle2010
Michelle2011
Michelle2012
Michelle2013
Michelle2014
Michelle2015
Michelle2016
Michelle2017
Michelle2018
Michelle2019
Michelle2020
Michelle2021
Michelle2022
Michelle2023
Michelle2024
Michelle2025
Michelle2026
Michelle69
Michelle99
Minecraft
Minecraft!
Minecraft!!
Minecraft!@#
Minecraft0000
Minecraft007
Minecraft01
Minecraft07
Minecraft1
Minecraft10
Minecraft100
Minecraft11
Minecraft111
Minecraft1111
Minecraft12
Minecraft123
Minecraft1234
Minecraft12345
Minecraft123456
Minecraft13
Minecraft2
Minecraft2024
Minecraft2025
Minecraft2026
Minecraft21
Minecraft22
Minecraft23
Minecraft3
Minecraft321
Minecraft33
Minecraft420
Minecraft4321
Minecraft44
Minecraft55
Minecraft66
Minecraft666
Minecraft69
Minecraft77
Minecraft777
Minecraft88
Minecraft911
Minecraft99
Minecraft999
Minecraft@123
Monkey!!
Monkey!@#
Monkey0000
Monkey007
Monkey01
Monkey07
Monkey10
Monkey100
Monkey11
Monkey111
Monkey1111
Monkey12
Monkey123
Monkey1234
Monkey12345
Monkey123456
Monkey13
Monkey2024
Monkey2025
Monkey2026
Monkey21
Monkey22
Monkey23
Monkey321
Monkey33
Monkey420
Monkey4321
Monkey44
Monkey55
Monkey66
Monkey666
Monkey69
Monkey77
Monkey777
Monkey88
Monkey911
Monkey99
Monkey999
Monkey@123
Movie!@#
Movie0000
Movie007
Movie100
Movie111
Movie1111
Movie123
Movie1234
Movie12345
Movie123456
Movie2024
Movie2025
Movie2026
Movie321
Movie420
Movie4321
Movie666
Movie777
Movie911
Movie999
Movie@123
Music!@#
Music0000
Music007
Music100
Music111
Music1111
Music123
Music1234
Music12345
Music123456
Music2024
Music2025
Music2026
Music321
Music420
Music4321
Music666
Music777
Music911
Music999
Music@123
Mustang!
Mustang!!
Mustang!@#
Mustang0000
Mustang007
Mustang01
Mustang07
Mustang1
Mustang10
Mustang100
Mustang11
Mustang111
Mustang1111
Mustang12
Mustang123
Mustang1234
Mustang12345
Mustang123456
Mustang13
Mustang2
Mustang2024
Mustang2025
Mustang2026
Mustang21
Mustang22
Mustang23
Mustang3
Mustang321
Mustang33
Mustang420
Mustang4321
Mustang44
Mustang55
Mustang66
Mustang666
Mustang69
Mustang77
Mustang777
Mustang88
Mustang911
Mustang99
Mustang999
Mustang@123
Mynetwork!
Mynetwork01
Mynetwork123
Mynetwork1234
Mynetwork12345
Mynetwork2024
Mynetwork2025
Mynetwork2026
Mynetwork321
Mynetwork99
Mynetworkhome
Mynetworknet
Mynetworkpass
Mynetworkpassword
Mynetworkwifi
Mywifi01
Mywifi123
Mywifi1234
Mywifi12345
Mywifi2024
Mywifi2025
Mywifi2026
Mywifi321
Mywifi99
Mywifihome
Mywifinet
Mywifipass
Mywifipassword
Mywifiwifi
NETGEAR!
NETGEAR01
NETGEAR123
NETGEAR1234
NETGEAR12345
NETGEAR2024
NETGEAR2025
NETGEAR2026
NETGEAR321
NETGEAR99
NETGEARHOME
NETGEARNET
NETGEARPASS
NETGEARPASSWORD
NETGEARWIFI
NETWORK!
NETWORK01
NETWORK123
NETWORK1234
NETWORK12345
NETWORK2024
NETWORK2025
NETWORK2026
NETWORK321
NETWORK99
NETWORKHOME
NETWORKNET
NETWORKPASS
NETWORKPASSWORD
NETWORKWIFI
Nancy123
Nancy1234
Nancy1960
Nancy1961
Nancy1962
Nancy1963
Nancy1964
Nancy1965
Nancy1966
Nancy1967
Nancy1968
Nancy1969
Nancy1970
Nancy1971
Nancy1972
Nancy1973
Nancy1974
Nancy1975
Nancy1976
Nancy1977
Nancy1978
Nancy1979
Nancy1980
Nancy1981
Nancy1982
Nancy1983
Nancy1984
Nancy1985
Nancy1986
Nancy1987
Nancy1988
Nancy1989
Nancy1990
Nancy1991
Nancy1992
Nancy1993
Nancy1994
Nancy1995
Nancy1996
Nancy1997
Nancy1998
Nancy1999
Nancy2000
Nancy2001
Nancy2002
Nancy2003
Nancy2004
Nancy2005
Nancy2006
Nancy2007
Nancy2008
Nancy2009
Nancy2010
Nancy2011
Nancy2012
Nancy2013
Nancy2014
Nancy2015
Nancy2016
Nancy2017
Nancy2018
Nancy2019
Nancy2020
Nancy2021
Nancy2022
Nancy2023
Nancy2024
Nancy2025
Nancy2026
Netgear!
Netgear01
Netgear123
Netgear1234
Netgear12345
Netgear2024
Netgear2025
Netgear2026
Netgear321
Netgear99
Netgearhome
Netgearnet
Netgearpass
Netgearpassword
Netgearwifi
Network!
Network01
Network123
Network1234
Network12345
Network2024
Network2025
Network2026
Network321
Network99
Networkhome
Networknet
Networkpass
Networkpassword
Networkwifi
ORANGE01
ORANGE123
ORANGE1234
ORANGE12345
ORANGE2024
ORANGE2025
ORANGE2026
ORANGE321
ORANGE99
ORANGEHOME
ORANGENET
ORANGEPASS
ORANGEPASSWORD
ORANGEWIFI
Orange01
Orange123
Orange1234
Orange12345
Orange2024
Orange2025
Orange2026
Orange321
Orange99
Orangehome
Orangenet
Orangepass
Orangepassword
Orangewifi
P@$$w0rd
PASSWORD
PRIVATE!
PRIVATE01
PRIVATE123
PRIVATE1234
PRIVATE12345
PRIVATE2024
PRIVATE2025
PRIVATE2026
PRIVATE321
PRIVATE99
PRIVATEHOME
PRIVATENET
PRIVATEPASS
PRIVATEPASSWORD
PRIVATEWIFI
Panther!
Panther!!
Panther!@#
Panther0000
Panther007
Panther01
Panther07
Panther1
Panther10
Panther100
Panther11
Panther111
Panther1111
Panther12
Panther123
Panther1234
Panther12345
Panther123456
Panther13
Panther2
Panther2024
Panther2025
Panther2026
Panther21
Panther22
Panther23
Panther3
Panther321
Panther33
Panther420
Panther4321
Panther44
Panther55
Panther66
Panther666
Panther69
Panther77
Panther777
Panther88
Panther911
Panther99
Panther999
Panther@123
Password
Password!
Password!!
Password!@#
Password0000
Password007
Password01
Password07
Password1
Password10
Password100
Password11
Password111
Password1111
Password12
Password123
Password1234
Password12345
Password123456
Password13
Password2
Password2024
Password2025
Password2026
Password21
Password22
Password23
Password3
Password321
Password33
Password420
Password4321
Password44
Password55
Password66
Password666
Password69
Password77
Password777
Password88
Password911
Password99
Password999
Password@123
Patricia!
Patricia!!
Patricia01
Patricia123
Patricia1234
Patricia1960
Patricia1961
Patricia1962
Patricia1963
Patricia1964
Patricia1965
Patricia1966
Patricia1967
Patricia1968
Patricia1969
Patricia1970
Patricia1971
Patricia1972
Patricia1973
Patricia1974
Patricia1975
Patricia1976
Patricia1977
Patricia1978
Patricia1979
Patricia1980
Patricia1981
Patricia1982
Patricia1983
Patricia1984
Patricia1985
Patricia1986
Patricia1987
Patricia1988
Patricia1989
Patricia1990
Patricia1991
Patricia1992
Patricia1993
Patricia1994
Patricia1995
Patricia1996
Patricia1997
Patricia1998
Patricia1999
Patricia2000
Patricia2001
Patricia2002
Patricia2003
Patricia2004
Patricia2005
Patricia2006
Patricia2007
Patricia2008
Patricia2009
Patricia2010
Patricia2011
Patricia2012
Patricia2013
Patricia2014
Patricia2015
Patricia2016
Patricia2017
Patricia2018
Patricia2019
Patricia2020
Patricia2021
Patricia2022
Patricia2023
Patricia2024
Patricia2025
Patricia2026
Patricia69
Patricia99
Paul1234
Paul1960
Paul1961
Paul1962
Paul1963
Paul1964
Paul1965
Paul1966
Paul1967
Paul1968
Paul1969
Paul1970
Paul1971
Paul1972
Paul1973
Paul1974
Paul1975
Paul1976
Paul1977
Paul1978
Paul1979
Paul1980
Paul1981
Paul1982
Paul1983
Paul1984
Paul1985
Paul1986
Paul1987
Paul1988
Paul1989
Paul1990
Paul1991
Paul1992
Paul1993
Paul1994
Paul1995
Paul1996
Paul1997
Paul1998
Paul1999
Paul2000
Paul2001
Paul2002
Paul2003
Paul2004
Paul2005
Paul2006
Paul2007
Paul2008
Paul2009
Paul2010
Paul2011
Paul2012
Paul2013
Paul2014
Paul2015
Paul2016
Paul2017
Paul2018
Paul2019
Paul2020
Paul2021
Paul2022
Paul2023
Paul2024
Paul2025
Paul2026
Phoenix!
Phoenix!!
Phoenix!@#
Phoenix0000
Phoenix007
Phoenix01
Phoenix07
Phoenix1
Phoenix10
Phoenix100
Phoenix11
Phoenix111
Phoenix1111
Phoenix12
Phoenix123
Phoenix1234
Phoenix12345
Phoenix123456
Phoenix13
Phoenix2
Phoenix2024
Phoenix2025
Phoenix2026
Phoenix21
Phoenix22
Phoenix23
Phoenix3
Phoenix321
Phoenix33
Phoenix420
Phoenix4321
Phoenix44
Phoenix55
Phoenix66
Phoenix666
Phoenix69
Phoenix77
Phoenix777
Phoenix88
Phoenix911
Phoenix99
Phoenix999
Phoenix@123
Piet1234
Piet1960
Piet1961
Piet1962
Piet1963
Piet1964
Piet1965
Piet1966
Piet1967
Piet1968
Piet1969
Piet1970
Piet1971
Piet1972
Piet1973
Piet1974
Piet1975
Piet1976
Piet1977
Piet1978
Piet1979
Piet1980
Piet1981
Piet1982
Piet1983
Piet1984
Piet1985
Piet1986
Piet1987
Piet1988
Piet1989
Piet1990
Piet1991
Piet1992
Piet1993
Piet1994
Piet1995
Piet1996
Piet1997
Piet1998
Piet1999
Piet2000
Piet2001
Piet2002
Piet2003
Piet2004
Piet2005
Piet2006
Piet2007
Piet2008
Piet2009
Piet2010
Piet2011
Piet2012
Piet2013
Piet2014
Piet2015
Piet2016
Piet2017
Piet2018
Piet2019
Piet2020
Piet2021
Piet2022
Piet2023
Piet2024
Piet2025
Piet2026
Pieter!!
Pieter01
Pieter123
Pieter1234
Pieter1960
Pieter1961
Pieter1962
Pieter1963
Pieter1964
Pieter1965
Pieter1966
Pieter1967
Pieter1968
Pieter1969
Pieter1970
Pieter1971
Pieter1972
Pieter1973
Pieter1974
Pieter1975
Pieter1976
Pieter1977
Pieter1978
Pieter1979
Pieter1980
Pieter1981
Pieter1982
Pieter1983
Pieter1984
Pieter1985
Pieter1986
Pieter1987
Pieter1988
Pieter1989
Pieter1990
Pieter1991
Pieter1992
Pieter1993
Pieter1994
Pieter1995
Pieter1996
Pieter1997
Pieter1998
Pieter1999
Pieter2000
Pieter2001
Pieter2002
Pieter2003
Pieter2004
Pieter2005
Pieter2006
Pieter2007
Pieter2008
Pieter2009
Pieter2010
Pieter2011
Pieter2012
Pieter2013
Pieter2014
Pieter2015
Pieter2016
Pieter2017
Pieter2018
Pieter2019
Pieter2020
Pieter2021
Pieter2022
Pieter2023
Pieter2024
Pieter2025
Pieter2026
Pieter69
Pieter99
Pizza!@#
Pizza0000
Pizza007
Pizza100
Pizza111
Pizza1111
Pizza123
Pizza1234
Pizza12345
Pizza123456
Pizza2024
Pizza2025
Pizza2026
Pizza321
Pizza420
Pizza4321
Pizza666
Pizza777
Pizza911
Pizza999
Pizza@123
Player!!
Player!@#
Player0000
Player007
Player01
Player07
Player10
Player100
Player11
Player111
Player1111
Player12
Player123
Player1234
Player12345
Player123456
Player13
Player2024
Player2025
Player2026
Player21
Player22
Player23
Player321
Player33
Player420
Player4321
Player44
Player55
Player66
Player666
Player69
Player77
Player777
Player88
Player911
Player99
Player999
Player@123
Pokemon!
Pokemon!!
Pokemon!@#
Pokemon0000
Pokemon007
Pokemon01
Pokemon07
Pokemon1
Pokemon10
Pokemon100
Pokemon11
Pokemon111
Pokemon1111
Pokemon12
Pokemon123
Pokemon1234
Pokemon12345
Pokemon123456
Pokemon13
Pokemon2
Pokemon2024
Pokemon2025
Pokemon2026
Pokemon21
Pokemon22
Pokemon23
Pokemon3
Pokemon321
Pokemon33
Pokemon420
Pokemon4321
Pokemon44
Pokemon55
Pokemon66
Pokemon666
Pokemon69
Pokemon77
Pokemon777
Pokemon88
Pokemon911
Pokemon99
Pokemon999
Pokemon@123
Porsche!
Porsche!!
Porsche!@#
Porsche0000
Porsche007
Porsche01
Porsche07
Porsche1
Porsche10
Porsche100
Porsche11
Porsche111
Porsche1111
Porsche12
Porsche123
Porsche1234
Porsche12345
Porsche123456
Porsche13
Porsche2
Porsche2024
Porsche2025
Porsche2026
Porsche21
Porsche22
Porsche23
Porsche3
Porsche321
Porsche33
Porsche420
Porsche4321
Porsche44
Porsche55
Porsche66
Porsche666
Porsche69
Porsche77
Porsche777
Porsche88
Porsche911
Porsche99
Porsche999
Porsche@123
Pr1nc3$$
Prince!!
Prince!@#
Prince0000
Prince007
Prince01
Prince07
Prince10
Prince100
Prince11
Prince111
Prince1111
Prince12
Prince123
Prince1234
Prince12345
Prince123456
Prince13
Prince2024
Prince2025
Prince2026
Prince21
Prince22
Prince23
Prince321
Prince33
Prince420
Prince4321
Prince44
Prince55
Prince66
Prince666
Prince69
Prince77
Prince777
Prince88
Prince911
Prince99
Prince999
Prince@123
Private!
Private!!
Private!@#
Private0000
Private007
Private01
Private07
Private1
Private10
Private100
Private11
Private111
Private1111
Private12
Private123
Private1234
Private12345
Private123456
Private13
Private2
Private2024
Private2025
Private2026
Private21
Private22
Private23
Private3
Private321
Private33
Private420
Private4321
Private44
Private55
Private66
Private666
Private69
Private77
Private777
Private88
Private911
Private99
Private999
Private@123
Privatehome
Privatenet
Privatepass
Privatepassword
Privatewifi
Queen!@#
Queen0000
Queen007
Queen100
Queen111
Queen1111
Queen123
Queen1234
Queen12345
Queen123456
Queen2024
Queen2025
Queen2026
Queen321
Queen420
Queen4321
Queen666
Queen777
Queen911
Queen999
Queen@123
Qwerty!!
Qwerty!@#
Qwerty0000
Qwerty007
Qwerty01
Qwerty07
Qwerty10
Qwerty100
Qwerty11
Qwerty111
Qwerty1111
Qwerty12
Qwerty123
Qwerty1234
Qwerty12345
Qwerty123456
Qwerty13
Qwerty2024
Qwerty2025
Qwerty2026
Qwerty21
Qwerty22
Qwerty23
Qwerty321
Qwerty33
Qwerty420
Qwerty4321
Qwerty44
Qwerty55
Qwerty66
Qwerty666
Qwerty69
Qwerty77
Qwerty777
Qwerty88
Qwerty911
Qwerty99
Qwerty999
Qwerty@123
ROUTER01
ROUTER123
ROUTER1234
ROUTER12345
ROUTER2024
ROUTER2025
ROUTER2026
ROUTER321
ROUTER99
ROUTERHOME
ROUTERNET
ROUTERPASS
ROUTERPASSWORD
ROUTERWIFI
Ranger!!
Ranger!@#
Ranger0000
Ranger007
Ranger01
Ranger07
Ranger10
Ranger100
Ranger11
Ranger111
Ranger1111
Ranger12
Ranger123
Ranger1234
Ranger12345
Ranger123456
Ranger13
Ranger2024
Ranger2025
Ranger2026
Ranger21
Ranger22
Ranger23
Ranger321
Ranger33
Ranger420
Ranger4321
Ranger44
Ranger55
Ranger66
Ranger666
Ranger69
Ranger77
Ranger777
Ranger88
Ranger911
Ranger99
Ranger999
Ranger@123
Rebecca!
Rebecca!!
Rebecca01
Rebecca123
Rebecca1234
Rebecca1960
Rebecca1961
Rebecca1962
Rebecca1963
Rebecca1964
Rebecca1965
Rebecca1966
Rebecca1967
Rebecca1968
Rebecca1969
Rebecca1970
Rebecca1971
Rebecca1972
Rebecca1973
Rebecca1974
Rebecca1975
Rebecca1976
Rebecca1977
Rebecca1978
Rebecca1979
Rebecca1980
Rebecca1981
Rebecca1982
Rebecca1983
Rebecca1984
Rebecca1985
Rebecca1986
Rebecca1987
Rebecca1988
Rebecca1989
Rebecca1990
Rebecca1991
Rebecca1992
Rebecca1993
Rebecca1994
Rebecca1995
Rebecca1996
Rebecca1997
Rebecca1998
Rebecca1999
Rebecca2000
Rebecca2001
Rebecca2002
Rebecca2003
Rebecca2004
Rebecca2005
Rebecca2006
Rebecca2007
Rebecca2008
Rebecca2009
Rebecca2010
Rebecca2011
Rebecca2012
Rebecca2013
Rebecca2014
Rebecca2015
Rebecca2016
Rebecca2017
Rebecca2018
Rebecca2019
Rebecca2020
Rebecca2021
Rebecca2022
Rebecca2023
Rebecca2024
Rebecca2025
Rebecca2026
Rebecca69
Rebecca99
Richard!
Richard!!
Richard01
Richard123
Richard1234
Richard1960
Richard1961
Richard1962
Richard1963
Richard1964
Richard1965
Richard1966
Richard1967
Richard1968
Richard1969
Richard1970
Richard1971
Richard1972
Richard1973
Richard1974
Richard1975
Richard1976
Richard1977
Richard1978
Richard1979
Richard1980
Richard1981
Richard1982
Richard1983
Richard1984
Richard1985
Richard1986
Richard1987
Richard1988
Richard1989
Richard1990
Richard1991
Richard1992
Richard1993
Richard1994
Richard1995
Richard1996
Richard1997
Richard1998
Richard1999
Richard2000
Richard2001
Richard2002
Richard2003
Richard2004
Richard2005
Richard2006
Richard2007
Richard2008
Richard2009
Richard2010
Richard2011
Richard2012
Richard2013
Richard2014
Richard2015
Richard2016
Richard2017
Richard2018
Richard2019
Richard2020
Richard2021
Richard2022
Richard2023
Richard2024
Richard2025
Richard2026
Richard69
Richard99
Robert!!
Robert!@#
Robert0000
Robert007
Robert01
Robert07
Robert10
Robert100
Robert11
Robert111
Robert1111
Robert12
Robert123
Robert1234
Robert12345
Robert123456
Robert13
Robert1960
Robert1961
Robert1962
Robert1963
Robert1964
Robert1965
Robert1966
Robert1967
Robert1968
Robert1969
Robert1970
Robert1971
Robert1972
Robert1973
Robert1974
Robert1975
Robert1976
Robert1977
Robert1978
Robert1979
Robert1980
Robert1981
Robert1982
Robert1983
Robert1984
Robert1985
Robert1986
Robert1987
Robert1988
Robert1989
Robert1990
Robert1991
Robert1992
Robert1993
Robert1994
Robert1995
Robert1996
Robert1997
Robert1998
Robert1999
Robert2000
Robert2001
Robert2002
Robert2003
Robert2004
Robert2005
Robert2006
Robert2007
Robert2008
Robert2009
Robert2010
Robert2011
Robert2012
Robert2013
Robert2014
Robert2015
Robert2016
Robert2017
Robert2018
Robert2019
Robert2020
Robert2021
Robert2022
Robert2023
Robert2024
Robert2025
Robert2026
Robert21
Robert22
Robert23
Robert321
Robert33
Robert420
Robert4321
Robert44
Robert55
Robert66
Robert666
Robert69
Robert77
Robert777
Robert88
Robert911
Robert99
Robert999
Robert@123
Roblox!!
Roblox!@#
Roblox0000
Roblox007
Roblox01
Roblox07
Roblox10
Roblox100
Roblox11
Roblox111
Roblox1111
Roblox12
Roblox123
Roblox1234
Roblox12345
Roblox123456
Roblox13
Roblox2024
Roblox2025
Roblox2026
Roblox21
Roblox22
Roblox23
Roblox321
Roblox33
Roblox420
Roblox4321
Roblox44
Roblox55
Roblox66
Roblox666
Roblox69
Roblox77
Roblox777
Roblox88
Roblox911
Roblox99
Roblox999
Roblox@123
Router01
Router123
Router1234
Router12345
Router2024
Router2025
Router2026
Router321
Router99
Routerhome
Routernet
Routerpass
Routerpassword
Routerwifi
SECURE01
SECURE123
SECURE1234
SECURE12345
SECURE2024
SECURE2025
SECURE2026
SECURE321
SECURE99
SECUREHOME
SECURENET
SECUREPASS
SECUREPASSWORD
SECUREWIFI
SPECTRUM!
SPECTRUM01
SPECTRUM123
SPECTRUM1234
SPECTRUM12345
SPECTRUM2024
SPECTRUM2025
SPECTRUM2026
SPECTRUM321
SPECTRUM99
SPECTRUMHOME
SPECTRUMNET
SPECTRUMPASS
SPECTRUMPASSWORD
SPECTRUMWIFI
SUPERMAN
Safety!!
Safety!@#
Safety0000
Safety007
Safety01
Safety07
Safety10
Safety100
Safety11
Safety111
Safety1111
Safety12
Safety123
Safety1234
Safety12345
Safety123456
Safety13
Safety2024
Safety2025
Safety2026
Safety21
Safety22
Safety23
Safety321
Safety33
Safety420
Safety4321
Safety44
Safety55
Safety66
Safety666
Safety69
Safety77
Safety777
Safety88
Safety911
Safety99
Safety999
Safety@123
Samsung!
Samsung!!
Samsung!@#
Samsung0000
Samsung007
Samsung01
Samsung07
Samsung1
Samsung10
Samsung100
Samsung11
Samsung111
Samsung1111
Samsung12
Samsung123
Samsung1234
Samsung12345
Samsung123456
Samsung13
Samsung2
Samsung2024
Samsung2025
Samsung2026
Samsung21
Samsung22
Samsung23
Samsung3
Samsung321
Samsung33
Samsung420
Samsung4321
Samsung44
Samsung55
Samsung66
Samsung666
Samsung69
Samsung77
Samsung777
Samsung88
Samsung911
Samsung99
Samsung999
Samsung@123
Sandra!!
Sandra01
Sandra123
Sandra1234
Sandra1960
Sandra1961
Sandra1962
Sandra1963
Sandra1964
Sandra1965
Sandra1966
Sandra1967
Sandra1968
Sandra1969
Sandra1970
Sandra1971
Sandra1972
Sandra1973
Sandra1974
Sandra1975
Sandra1976
Sandra1977
Sandra1978
Sandra1979
Sandra1980
Sandra1981
Sandra1982
Sandra1983
Sandra1984
Sandra1985
Sandra1986
Sandra1987
Sandra1988
Sandra1989
Sandra1990
Sandra1991
Sandra1992
Sandra1993
Sandra1994
Sandra1995
Sandra1996
Sandra1997
Sandra1998
Sandra1999
Sandra2000
Sandra2001
Sandra2002
Sandra2003
Sandra2004
Sandra2005
Sandra2006
Sandra2007
Sandra2008
Sandra2009
Sandra2010
Sandra2011
Sandra2012
Sandra2013
Sandra2014
Sandra2015
Sandra2016
Sandra2017
Sandra2018
Sandra2019
Sandra2020
Sandra2021
Sandra2022
Sandra2023
Sandra2024
Sandra2025
Sandra2026
Sandra69
Sandra99
Sarah123
Sarah1234
Sarah1960
Sarah1961
Sarah1962
Sarah1963
Sarah1964
Sarah1965
Sarah1966
Sarah1967
Sarah1968
Sarah1969
Sarah1970
Sarah1971
Sarah1972
Sarah1973
Sarah1974
Sarah1975
Sarah1976
Sarah1977
Sarah1978
Sarah1979
Sarah1980
Sarah1981
Sarah1982
Sarah1983
Sarah1984
Sarah1985
Sarah1986
Sarah1987
Sarah1988
Sarah1989
Sarah1990
Sarah1991
Sarah1992
Sarah1993
Sarah1994
Sarah1995
Sarah1996
Sarah1997
Sarah1998
Sarah1999
Sarah2000
Sarah2001
Sarah2002
Sarah2003
Sarah2004
Sarah2005
Sarah2006
Sarah2007
Sarah2008
Sarah2009
Sarah2010
Sarah2011
Sarah2012
Sarah2013
Sarah2014
Sarah2015
Sarah2016
Sarah2017
Sarah2018
Sarah2019
Sarah2020
Sarah2021
Sarah2022
Sarah2023
Sarah2024
Sarah2025
Sarah2026
Secret!!
Secret!@#
Secret0000
Secret007
Secret01
Secret07
Secret10
Secret100
Secret11
Secret111
Secret1111
Secret12
Secret123
Secret1234
Secret12345
Secret123456
Secret13
Secret2024
Secret2025
Secret2026
Secret21
Secret22
Secret23
Secret321
Secret33
Secret420
Secret4321
Secret44
Secret55
Secret66
Secret666
Secret69
Secret77
Secret777
Secret88
Secret911
Secret99
Secret999
Secret@123
Secure!!
Secure!@#
Secure0000
Secure007
Secure01
Secure07
Secure10
Secure100
Secure11
Secure111
Secure1111
Secure12
Secure123
Secure1234
Secure12345
Secure123456
Secure13
Secure2024
Secure2025
Secure2026
Secure21
Secure22
Secure23
Secure321
Secure33
Secure420
Secure4321
Secure44
Secure55
Secure66
Secure666
Secure69
Secure77
Secure777
Secure88
Secure911
Secure99
Secure999
Secure@123
Securehome
Securenet
Securepass
Securepassword
Securewifi
Shadow!!
Shadow!@#
Shadow0000
Shadow007
Shadow01
Shadow07
Shadow10
Shadow100
Shadow11
Shadow111
Shadow1111
Shadow12
Shadow123
Shadow1234
Shadow12345
Shadow123456
Shadow13
Shadow2024
Shadow2025
Shadow2026
Shadow21
Shadow22
Shadow23
Shadow321
Shadow33
Shadow420
Shadow4321
Shadow44
Shadow55
Shadow66
Shadow666
Shadow69
Shadow77
Shadow777
Shadow88
Shadow911
Shadow99
Shadow999
Shadow@123
Sharon!!
Sharon01
Sharon123
Sharon1234
Sharon1960
Sharon1961
Sharon1962
Sharon1963
Sharon1964
Sharon1965
Sharon1966
Sharon1967
Sharon1968
Sharon1969
Sharon1970
Sharon1971
Sharon1972
Sharon1973
Sharon1974
Sharon1975
Sharon1976
Sharon1977
Sharon1978
Sharon1979
Sharon1980
Sharon1981
Sharon1982
Sharon1983
Sharon1984
Sharon1985
Sharon1986
Sharon1987
Sharon1988
Sharon1989
Sharon1990
Sharon1991
Sharon1992
Sharon1993
Sharon1994
Sharon1995
Sharon1996
Sharon1997
Sharon1998
Sharon1999
Sharon2000
Sharon2001
Sharon2002
Sharon2003
Sharon2004
Sharon2005
Sharon2006
Sharon2007
Sharon2008
Sharon2009
Sharon2010
Sharon2011
Sharon2012
Sharon2013
Sharon2014
Sharon2015
Sharon2016
Sharon2017
Sharon2018
Sharon2019
Sharon2020
Sharon2021
Sharon2022
Sharon2023
Sharon2024
Sharon2025
Sharon2026
Sharon69
Sharon99
Silver!!
Silver!@#
Silver0000
Silver007
Silver01
Silver07
Silver10
Silver100
Silver11
Silver111
Silver1111
Silver12
Silver123
Silver1234
Silver12345
Silver123456
Silver13
Silver2024
Silver2025
Silver2026
Silver21
Silver22
Silver23
Silver321
Silver33
Silver420
Silver4321
Silver44
Silver55
Silver66
Silver666
Silver69
Silver77
Silver777
Silver88
Silver911
Silver99
Silver999
Silver@123
Sniper!!
Sniper!@#
Sniper0000
Sniper007
Sniper01
Sniper07
Sniper10
Sniper100
Sniper11
Sniper111
Sniper1111
Sniper12
Sniper123
Sniper1234
Sniper12345
Sniper123456
Sniper13
Sniper2024
Sniper2025
Sniper2026
Sniper21
Sniper22
Sniper23
Sniper321
Sniper33
Sniper420
Sniper4321
Sniper44
Sniper55
Sniper66
Sniper666
Sniper69
Sniper77
Sniper777
Sniper88
Sniper911
Sniper99
Sniper999
Sniper@123
Spectrum!
Spectrum01
Spectrum123
Spectrum1234
Spectrum12345
Spectrum2024
Spectrum2025
Spectrum2026
Spectrum321
Spectrum99
Spectrumhome
Spectrumnet
Spectrumpass
Spectrumpassword
Spectrumwifi
Spider!!
Spider!@#
Spider0000
Spider007
Spider01
Spider07
Spider10
Spider100
Spider11
Spider111
Spider1111
Spider12
Spider123
Spider1234
Spider12345
Spider123456
Spider13
Spider2024
Spider2025
Spider2026
Spider21
Spider22
Spider23
Spider321
Spider33
Spider420
Spider4321
Spider44
Spider55
Spider66
Spider666
Spider69
Spider77
Spider777
Spider88
Spider911
Spider99
Spider999
Spider@123
Sport!@#
Sport0000
Sport007
Sport100
Sport111
Sport1111
Sport123
Sport1234
Sport12345
Sport123456
Sport2024
Sport2025
Sport2026
Sport321
Sport420
Sport4321
Sport666
Sport777
Sport911
Sport999
Sport@123
Spring!!
Spring!@#
Spring0000
Spring007
Spring01
Spring07
Spring10
Spring100
Spring11
Spring111
Spring1111
Spring12
Spring123
Spring1234
Spring12345
Spring123456
Spring13
Spring2024
Spring2025
Spring2026
Spring21
Spring22
Spring23
Spring321
Spring33
Spring420
Spring4321
Spring44
Spring55
Spring66
Spring666
Spring69
Spring77
Spring777
Spring88
Spring911
Spring99
Spring999
Spring@123
Star0000
Star1111
Star1234
Star12345
Star123456
Star2024
Star2025
Star2026
Star4321
Star@123
Stephanie!
Stephanie!!
Stephanie01
Stephanie123
Stephanie1234
Stephanie1960
Stephanie1961
Stephanie1962
Stephanie1963
Stephanie1964
Stephanie1965
Stephanie1966
Stephanie1967
Stephanie1968
Stephanie1969
Stephanie1970
Stephanie1971
Stephanie1972
Stephanie1973
Stephanie1974
Stephanie1975
Stephanie1976
Stephanie1977
Stephanie1978
Stephanie1979
Stephanie1980
Stephanie1981
Stephanie1982
Stephanie1983
Stephanie1984
Stephanie1985
Stephanie1986
Stephanie1987
Stephanie1988
Stephanie1989
Stephanie1990
Stephanie1991
Stephanie1992
Stephanie1993
Stephanie1994
Stephanie1995
Stephanie1996
Stephanie1997
Stephanie1998
Stephanie1999
Stephanie2000
Stephanie2001
Stephanie2002
Stephanie2003
Stephanie2004
Stephanie2005
Stephanie2006
Stephanie2007
Stephanie2008
Stephanie2009
Stephanie2010
Stephanie2011
Stephanie2012
Stephanie2013
Stephanie2014
Stephanie2015
Stephanie2016
Stephanie2017
Stephanie2018
Stephanie2019
Stephanie2020
Stephanie2021
Stephanie2022
Stephanie2023
Stephanie2024
Stephanie2025
Stephanie2026
Stephanie69
Stephanie99
Steven!!
Steven01
Steven123
Steven1234
Steven1960
Steven1961
Steven1962
Steven1963
Steven1964
Steven1965
Steven1966
Steven1967
Steven1968
Steven1969
Steven1970
Steven1971
Steven1972
Steven1973
Steven1974
Steven1975
Steven1976
Steven1977
Steven1978
Steven1979
Steven1980
Steven1981
Steven1982
Steven1983
Steven1984
Steven1985
Steven1986
Steven1987
Steven1988
Steven1989
Steven1990
Steven1991
Steven1992
Steven1993
Steven1994
Steven1995
Steven1996
Steven1997
Steven1998
Steven1999
Steven2000
Steven2001
Steven2002
Steven2003
Steven2004
Steven2005
Steven2006
Steven2007
Steven2008
Steven2009
Steven2010
Steven2011
Steven2012
Steven2013
Steven2014
Steven2015
Steven2016
Steven2017
Steven2018
Steven2019
Steven2020
Steven2021
Steven2022
Steven2023
Steven2024
Steven2025
Steven2026
Steven69
Steven99
Summer!!
Summer!@#
Summer0000
Summer007
Summer01
Summer07
Summer10
Summer100
Summer11
Summer111
Summer1111
Summer12
Summer123
Summer1234
Summer12345
Summer123456
Summer13
Summer2024
Summer2025
Summer2026
Summer21
Summer22
Summer23
Summer321
Summer33
Summer420
Summer4321
Summer44
Summer55
Summer66
Summer666
Summer69
Summer77
Summer777
Summer88
Summer911
Summer99
Summer999
Summer@123
Super!@#
Super0000
Super007
Super100
Super111
Super1111
Super123
Super1234
Super12345
Super123456
Super2024
Super2025
Super2026
Super321
Super420
Super4321
Super666
Super777
Super911
Super999
Super@123
Superman
Superman!
Superman!!
Superman!@#
Superman0000
Superman007
Superman01
Superman07
Superman1
Superman10
Superman100
Superman11
Superman111
Superman1111
Superman12
Superman123
Superman1234
Superman12345
Superman123456
Superman13
Superman2
Superman2024
Superman2025
Superman2026
Superman21
Superman22
Superman23
Superman3
Superman321
Superman33
Superman420
Superman4321
Superman44
Superman55
Superman66
Superman666
Superman69
Superman77
Superman777
Superman88
Superman911
Superman99
Superman999
Superman@123
Susan123
Susan1234
Susan1960
Susan1961
Susan1962
Susan1963
Susan1964
Susan1965
Susan1966
Susan1967
Susan1968
Susan1969
Susan1970
Susan1971
Susan1972
Susan1973
Susan1974
Susan1975
Susan1976
Susan1977
Susan1978
Susan1979
Susan1980
Susan1981
Susan1982
Susan1983
Susan1984
Susan1985
Susan1986
Susan1987
Susan1988
Susan1989
Susan1990
Susan1991
Susan1992
Susan1993
Susan1994
Susan1995
Susan1996
Susan1997
Susan1998
Susan1999
Susan2000
Susan2001
Susan2002
Susan2003
Susan2004
Susan2005
Susan2006
Susan2007
Susan2008
Susan2009
Susan2010
Susan2011
Susan2012
Susan2013
Susan2014
Susan2015
Susan2016
Susan2017
Susan2018
Susan2019
Susan2020
Susan2021
Susan2022
Susan2023
Susan2024
Susan2025
Susan2026
TELEKOM!
TELEKOM01
TELEKOM123
TELEKOM1234
TELEKOM12345
TELEKOM2024
TELEKOM2025
TELEKOM2026
TELEKOM321
TELEKOM99
TELEKOMHOME
TELEKOMNET
TELEKOMPASS
TELEKOMPASSWORD
TELEKOMWIFI
TMOBILE!
TMOBILE01
TMOBILE123
TMOBILE1234
TMOBILE12345
TMOBILE2024
TMOBILE2025
TMOBILE2026
TMOBILE321
TMOBILE99
TMOBILEHOME
TMOBILENET
TMOBILEPASS
TMOBILEPASSWORD
TMOBILEWIFI
Telekom!
Telekom01
Telekom123
Telekom1234
Telekom12345
Telekom2024
Telekom2025
Telekom2026
Telekom321
Telekom99
Telekomhome
Telekomnet
Telekompass
Telekompassword
Telekomwifi
Thomas!!
Thomas!@#
Thomas0000
Thomas007
Thomas01
Thomas07
Thomas10
Thomas100
Thomas11
Thomas111
Thomas1111
Thomas12
Thomas123
Thomas1234
Thomas12345
Thomas123456
Thomas13
Thomas1960
Thomas1961
Thomas1962
Thomas1963
Thomas1964
Thomas1965
Thomas1966
Thomas1967
Thomas1968
Thomas1969
Thomas1970
Thomas1971
Thomas1972
Thomas1973
Thomas1974
Thomas1975
Thomas1976
Thomas1977
Thomas1978
Thomas1979
Thomas1980
Thomas1981
Thomas1982
Thomas1983
Thomas1984
Thomas1985
Thomas1986
Thomas1987
Thomas1988
Thomas1989
Thomas1990
Thomas1991
Thomas1992
Thomas1993
Thomas1994
Thomas1995
Thomas1996
Thomas1997
Thomas1998
Thomas1999
Thomas2000
Thomas2001
Thomas2002
Thomas2003
Thomas2004
Thomas2005
Thomas2006
Thomas2007
Thomas2008
Thomas2009
Thomas2010
Thomas2011
Thomas2012
Thomas2013
Thomas2014
Thomas2015
Thomas2016
Thomas2017
Thomas2018
Thomas2019
Thomas2020
Thomas2021
Thomas2022
Thomas2023
Thomas2024
Thomas2025
Thomas2026
Thomas21
Thomas22
Thomas23
Thomas321
Thomas33
Thomas420
Thomas4321
Thomas44
Thomas55
Thomas66
Thomas666
Thomas69
Thomas77
Thomas777
Thomas88
Thomas911
Thomas99
Thomas999
Thomas@123
Thunder!
Thunder!!
Thunder!@#
Thunder0000
Thunder007
Thunder01
Thunder07
Thunder1
Thunder10
Thunder100
Thunder11
Thunder111
Thunder1111
Thunder12
Thunder123
Thunder1234
Thunder12345
Thunder123456
Thunder13
Thunder2
Thunder2024
Thunder2025
Thunder2026
Thunder21
Thunder22
Thunder23
Thunder3
Thunder321
Thunder33
Thunder420
Thunder4321
Thunder44
Thunder55
Thunder66
Thunder666
Thunder69
Thunder77
Thunder777
Thunder88
Thunder911
Thunder99
Thunder999
Thunder@123
Tiger!@#
Tiger0000
Tiger007
Tiger100
Tiger111
Tiger1111
Tiger123
Tiger1234
Tiger12345
Tiger123456
Tiger2024
Tiger2025
Tiger2026
Tiger321
Tiger420
Tiger4321
Tiger666
Tiger777
Tiger911
Tiger999
Tiger@123
Tmobile!
Tmobile01
Tmobile123
Tmobile1234
Tmobile12345
Tmobile2024
Tmobile2025
Tmobile2026
Tmobile321
Tmobile99
Tmobilehome
Tmobilenet
Tmobilepass
Tmobilepassword
Tmobilewifi
VERIZON!
VERIZON01
VERIZON123
VERIZON1234
VERIZON12345
VERIZON2024
VERIZON2025
VERIZON2026
VERIZON321
VERIZON99
VERIZONHOME
VERIZONNET
VERIZONPASS
VERIZONPASSWORD
VERIZONWIFI
VODAFONE!
VODAFONE01
VODAFONE123
VODAFONE1234
VODAFONE12345
VODAFONE2024
VODAFONE2025
VODAFONE2026
VODAFONE321
VODAFONE99
VODAFONEHOME
VODAFONENET
VODAFONEPASS
VODAFONEPASSWORD
VODAFONEWIFI
Verizon!
Verizon01
Verizon123
Verizon1234
Verizon12345
Verizon2024
Verizon2025
Verizon2026
Verizon321
Verizon99
Verizonhome
Verizonnet
Verizonpass
Verizonpassword
Verizonwifi
Vodafone!
Vodafone01
Vodafone123
Vodafone1234
Vodafone12345
Vodafone2024
Vodafone2025
Vodafone2026
Vodafone321
Vodafone99
Vodafonehome
Vodafonenet
Vodafonepass
Vodafonepassword
Vodafonewifi
WIFI1234
WIFI12345
WIFI2024
WIFI2025
WIFI2026
WIFIHOME
WIFIPASS
WIFIPASS!
WIFIPASS01
WIFIPASS123
WIFIPASS1234
WIFIPASS12345
WIFIPASS2024
WIFIPASS2025
WIFIPASS2026
WIFIPASS321
WIFIPASS99
WIFIPASSHOME
WIFIPASSNET
WIFIPASSPASS
WIFIPASSPASSWORD
WIFIPASSWIFI
WIFIPASSWORD
WIFIPASSWORD!
WIFIPASSWORD01
WIFIPASSWORD123
WIFIPASSWORD1234
WIFIPASSWORD12345
WIFIPASSWORD2024
WIFIPASSWORD2025
WIFIPASSWORD2026
WIFIPASSWORD321
WIFIPASSWORD99
WIFIPASSWORDHOME
WIFIPASSWORDNET
WIFIPASSWORDPASS
WIFIPASSWORDPASSWORD
WIFIPASSWORDWIFI
WIFIWIFI
WIRELESS!
WIRELESS01
WIRELESS123
WIRELESS1234
WIRELESS12345
WIRELESS2024
WIRELESS2025
WIRELESS2026
WIRELESS321
WIRELESS99
WIRELESSHOME
WIRELESSNET
WIRELESSPASS
WIRELESSPASSWORD
WIRELESSWIFI
Water!@#
Water0000
Water007
Water100
Water111
Water1111
Water123
Water1234
Water12345
Water123456
Water2024
Water2025
Water2026
Water321
Water420
Water4321
Water666
Water777
Water911
Water999
Water@123
Welcome!
Welcome!!
Welcome!@#
Welcome0000
Welcome007
Welcome01
Welcome07
Welcome1
Welcome10
Welcome100
Welcome11
Welcome111
Welcome1111
Welcome12
Welcome123
Welcome1234
Welcome12345
Welcome123456
Welcome13
Welcome2
Welcome2024
Welcome2025
Welcome2026
Welcome21
Welcome22
Welcome23
Welcome3
Welcome321
Welcome33
Welcome420
Welcome4321
Welcome44
Welcome55
Welcome66
Welcome666
Welcome69
Welcome77
Welcome777
Welcome88
Welcome911
Welcome99
Welcome999
Welcome@123
Wifi1234
Wifi12345
Wifi2024
Wifi2025
Wifi2026
Wifihome
Wifipass
Wifipass!
Wifipass01
Wifipass123
Wifipass1234
Wifipass12345
Wifipass2024
Wifipass2025
Wifipass2026
Wifipass321
Wifipass99
Wifipasshome
Wifipassnet
Wifipasspass
Wifipasspassword
Wifipasswifi
Wifipassword
Wifipassword!
Wifipassword01
Wifipassword123
Wifipassword1234
Wifipassword12345
Wifipassword2024
Wifipassword2025
Wifipassword2026
Wifipassword321
Wifipassword99
Wifipasswordhome
Wifipasswordnet
Wifipasswordpass
Wifipasswordpassword
Wifipasswordwifi
Wifiwifi
Willem!!
Willem01
Willem123
Willem1234
Willem1960
Willem1961
Willem1962
Willem1963
Willem1964
Willem1965
Willem1966
Willem1967
Willem1968
Willem1969
Willem1970
Willem1971
Willem1972
Willem1973
Willem1974
Willem1975
Willem1976
Willem1977
Willem1978
Willem1979
Willem1980
Willem1981
Willem1982
Willem1983
Willem1984
Willem1985
Willem1986
Willem1987
Willem1988
Willem1989
Willem1990
Willem1991
Willem1992
Willem1993
Willem1994
Willem1995
Willem1996
Willem1997
Willem1998
Willem1999
Willem2000
Willem2001
Willem2002
Willem2003
Willem2004
Willem2005
Willem2006
Willem2007
Willem2008
Willem2009
Willem2010
Willem2011
Willem2012
Willem2013
Willem2014
Willem2015
Willem2016
Willem2017
Willem2018
Willem2019
Willem2020
Willem2021
Willem2022
Willem2023
Willem2024
Willem2025
Willem2026
Willem69
Willem99
William!
William!!
William01
William123
William1234
William1960
William1961
William1962
William1963
William1964
William1965
William1966
William1967
William1968
William1969
William1970
William1971
William1972
William1973
William1974
William1975
William1976
William1977
William1978
William1979
William1980
William1981
William1982
William1983
William1984
William1985
William1986
William1987
William1988
William1989
William1990
William1991
William1992
William1993
William1994
William1995
William1996
William1997
William1998
William1999
William2000
William2001
William2002
William2003
William2004
William2005
William2006
William2007
William2008
William2009
William2010
William2011
William2012
William2013
William2014
William2015
William2016
William2017
William2018
William2019
William2020
William2021
William2022
William2023
William2024
William2025
William2026
William69
William99
Windows!
Windows!!
Windows!@#
Windows0000
Windows007
Windows01
Windows07
Windows1
Windows10
Windows100
Windows11
Windows111
Windows1111
Windows12
Windows123
Windows1234
Windows12345
Windows123456
Windows13
Windows2
Windows2024
Windows2025
Windows2026
Windows21
Windows22
Windows23
Windows3
Windows321
Windows33
Windows420
Windows4321
Windows44
Windows55
Windows66
Windows666
Windows69
Windows77
Windows777
Windows88
Windows911
Windows99
Windows999
Windows@123
Winter!!
Winter!@#
Winter0000
Winter007
Winter01
Winter07
Winter10
Winter100
Winter11
Winter111
Winter1111
Winter12
Winter123
Winter1234
Winter12345
Winter123456
Winter13
Winter2024
Winter2025
Winter2026
Winter21
Winter22
Winter23
Winter321
Winter33
Winter420
Winter4321
Winter44
Winter55
Winter66
Winter666
Winter69
Winter77
Winter777
Winter88
Winter911
Winter99
Winter999
Winter@123
Wireless!
Wireless01
Wireless123
Wireless1234
Wireless12345
Wireless2024
Wireless2025
Wireless2026
Wireless321
Wireless99
Wirelesshome
Wirelessnet
Wirelesspass
Wirelesspassword
Wirelesswifi
XFINITY!
XFINITY01
XFINITY123
XFINITY1234
XFINITY12345
XFINITY2024
XFINITY2025
XFINITY2026
XFINITY321
XFINITY99
XFINITYHOME
XFINITYNET
XFINITYPASS
XFINITYPASSWORD
XFINITYWIFI
Xfinity!
Xfinity01
Xfinity123
Xfinity1234
Xfinity12345
Xfinity2024
Xfinity2025
Xfinity2026
Xfinity321
Xfinity99
Xfinityhome
Xfinitynet
Xfinitypass
Xfinitypassword
Xfinitywifi
ZIGGO123
ZIGGO1234
ZIGGO12345
ZIGGO2024
ZIGGO2025
ZIGGO2026
ZIGGO321
ZIGGOHOME
ZIGGONET
ZIGGOPASS
ZIGGOPASSWORD
ZIGGOWIFI
Ziggo123
Ziggo1234
Ziggo12345
Ziggo2024
Ziggo2025
Ziggo2026
Ziggo321
Ziggohome
Ziggonet
Ziggopass
Ziggopassword
Ziggowifi
a1s2d3f4
aaaaaaaa
aaaaaaaaaa
abababab
ababababab
abc12345
abcd1234
abcdef123
abcdefgh
access!!
access!@#
access0000
access007
access01
access07
access10
access100
access11
access111
access1111
access12
access123
access1234
access12345
access123456
access13
access14
access2024
access2025
access2026
access21
access22
access23
access321
access33
access420
access4321
access44
access55
access66
access666
access69
access77
access777
access88
access911
access99
access999
access@123
accesshome
accessnet
accesspass
accesspassword
accesswifi
admin123
admin1234
admin12345
admin2024
admin2025
admin2026
admin321
adminhome
adminnet
adminpass
adminpassword
adminwifi
amanda!!
amanda01
amanda123
amanda1234
amanda1960
amanda1961
amanda1962
amanda1963
amanda1964
amanda1965
amanda1966
amanda1967
amanda1968
amanda1969
amanda1970
amanda1971
amanda1972
amanda1973
amanda1974
amanda1975
amanda1976
amanda1977
amanda1978
amanda1979
amanda1980
amanda1981
amanda1982
amanda1983
amanda1984
amanda1985
amanda1986
amanda1987
amanda1988
amanda1989
amanda1990
amanda1991
amanda1992
amanda1993
amanda1994
amanda1995
amanda1996
amanda1997
amanda1998
amanda1999
amanda2000
amanda2001
amanda2002
amanda2003
amanda2004
amanda2005
amanda2006
amanda2007
amanda2008
amanda2009
amanda2010
amanda2011
amanda2012
amanda2013
amanda2014
amanda2015
amanda2016
amanda2017
amanda2018
amanda2019
amanda2020
amanda2021
amanda2022
amanda2023
amanda2024
amanda2025
amanda2026
amanda69
amanda99
america!
america!!
america!@#
america0000
america007
america01
america07
america1
america10
america100
america11
america111
america1111
america12
america123
america1234
america12345
america123456
america13
america2
america2024
america2025
america2026
america21
america22
america23
america3
america321
america33
america420
america4321
america44
america55
america66
america666
america69
america77
america777
america88
america911
america99
america999
america@123
andrew!!
andrew!@#
andrew0000
andrew007
andrew01
andrew07
andrew10
andrew100
andrew11
andrew111
andrew1111
andrew12
andrew123
andrew1234
andrew12345
andrew123456
andrew13
andrew1960
andrew1961
andrew1962
andrew1963
andrew1964
andrew1965
andrew1966
andrew1967
andrew1968
andrew1969
andrew1970
andrew1971
andrew1972
andrew1973
andrew1974
andrew1975
andrew1976
andrew1977
andrew1978
andrew1979
andrew1980
andrew1981
andrew1982
andrew1983
andrew1984
andrew1985
andrew1986
andrew1987
andrew1988
andrew1989
andrew1990
andrew1991
andrew1992
andrew1993
andrew1994
andrew1995
andrew1996
andrew1997
andrew1998
andrew1999
andrew2000
andrew2001
andrew2002
andrew2003
andrew2004
andrew2005
andrew2006
andrew2007
andrew2008
andrew2009
andrew2010
andrew2011
andrew2012
andrew2013
andrew2014
andrew2015
andrew2016
andrew2017
andrew2018
andrew2019
andrew2020
andrew2021
andrew2022
andrew2023
andrew2024
andrew2025
andrew2026
andrew21
andrew22
andrew23
andrew321
andrew33
andrew420
andrew4321
andrew44
andrew55
andrew66
andrew666
andrew69
andrew77
andrew777
andrew88
andrew911
andrew99
andrew999
andrew@123
angel!@#
angel0000
angel007
angel100
angel111
angel1111
angel123
angel1234
angel12345
angel123456
angel2024
angel2025
angel2026
angel321
angel420
angel4321
angel666
angel777
angel911
angel999
angel@123
anna1234
anna1960
anna1961
anna1962
anna1963
anna1964
anna1965
anna1966
anna1967
anna1968
anna1969
anna1970
anna1971
anna1972
anna1973
anna1974
anna1975
anna1976
anna1977
anna1978
anna1979
anna1980
anna1981
anna1982
anna1983
anna1984
anna1985
anna1986
anna1987
anna1988
anna1989
anna1990
anna1991
anna1992
anna1993
anna1994
anna1995
anna1996
anna1997
anna1998
anna1999
anna2000
anna2001
anna2002
anna2003
anna2004
anna2005
anna2006
anna2007
anna2008
anna2009
anna2010
anna2011
anna2012
anna2013
anna2014
anna2015
anna2016
anna2017
anna2018
anna2019
anna2020
anna2021
anna2022
anna2023
anna2024
anna2025
anna2026
anthony!
anthony!!
anthony01
anthony123
anthony1234
anthony1960
anthony1961
anthony1962
anthony1963
anthony1964
anthony1965
anthony1966
anthony1967
anthony1968
anthony1969
anthony1970
anthony1971
anthony1972
anthony1973
anthony1974
anthony1975
anthony1976
anthony1977
anthony1978
anthony1979
anthony1980
anthony1981
anthony1982
anthony1983
anthony1984
anthony1985
anthony1986
anthony1987
anthony1988
anthony1989
anthony1990
anthony1991
anthony1992
anthony1993
anthony1994
anthony1995
anthony1996
anthony1997
anthony1998
anthony1999
anthony2000
anthony2001
anthony2002
anthony2003
anthony2004
anthony2005
anthony2006
anthony2007
anthony2008
anthony2009
anthony2010
anthony2011
anthony2012
anthony2013
anthony2014
anthony2015
anthony2016
anthony2017
anthony2018
anthony2019
anthony2020
anthony2021
anthony2022
anthony2023
anthony2024
anthony2025
anthony2026
anthony69
anthony99
apple!@#
apple0000
apple007
apple100
apple111
apple1111
apple123
apple1234
apple12345
apple123456
apple2024
apple2025
apple2026
apple321
apple420
apple4321
apple666
apple777
apple911
apple999
apple@123
asdf1234
asdfgh12
asdfghjk
asdfghjkl
asdfjkl;
asdfqwer
ashley!!
ashley01
ashley123
ashley1234
ashley1960
ashley1961
ashley1962
ashley1963
ashley1964
ashley1965
ashley1966
ashley1967
ashley1968
ashley1969
ashley1970
ashley1971
ashley1972
ashley1973
ashley1974
ashley1975
ashley1976
ashley1977
ashley1978
ashley1979
ashley1980
ashley1981
ashley1982
ashley1983
ashley1984
ashley1985
ashley1986
ashley1987
ashley1988
ashley1989
ashley1990
ashley1991
ashley1992
ashley1993
ashley1994
ashley1995
ashley1996
ashley1997
ashley1998
ashley1999
ashley2000
ashley2001
ashley2002
ashley2003
ashley2004
ashley2005
ashley2006
ashley2007
ashley2008
ashley2009
ashley2010
ashley2011
ashley2012
ashley2013
ashley2014
ashley2015
ashley2016
ashley2017
ashley2018
ashley2019
ashley2020
ashley2021
ashley2022
ashley2023
ashley2024
ashley2025
ashley2026
ashley69
ashley99
autumn!!
autumn!@#
autumn0000
autumn007
autumn01
autumn07
autumn10
autumn100
autumn11
autumn111
autumn1111
autumn12
autumn123
autumn1234
autumn12345
autumn123456
autumn13
autumn2024
autumn2025
autumn2026
autumn21
autumn22
autumn23
autumn321
autumn33
autumn420
autumn4321
autumn44
autumn55
autumn66
autumn666
autumn69
autumn77
autumn777
autumn88
autumn911
autumn99
autumn999
autumn@123
b@$3b@ll
barbara!
barbara!!
barbara01
barbara123
barbara1234
barbara1960
barbara1961
barbara1962
barbara1963
barbara1964
barbara1965
barbara1966
barbara1967
barbara1968
barbara1969
barbara1970
barbara1971
barbara1972
barbara1973
barbara1974
barbara1975
barbara1976
barbara1977
barbara1978
barbara1979
barbara1980
barbara1981
barbara1982
barbara1983
barbara1984
barbara1985
barbara1986
barbara1987
barbara1988
barbara1989
barbara1990
barbara1991
barbara1992
barbara1993
barbara1994
barbara1995
barbara1996
barbara1997
barbara1998
barbara1999
barbara2000
barbara2001
barbara2002
barbara2003
barbara2004
barbara2005
barbara2006
barbara2007
barbara2008
barbara2009
barbara2010
barbara2011
barbara2012
barbara2013
barbara2014
barbara2015
barbara2016
barbara2017
barbara2018
barbara2019
barbara2020
barbara2021
barbara2022
barbara2023
barbara2024
barbara2025
barbara2026
barbara69
barbara99
baseball
batman!!
batman!@#
batman0000
batman007
batman01
batman07
batman10
batman100
batman11
batman111
batman1111
batman12
batman123
batman1234
batman12345
batman123456
batman13
batman2024
batman2025
batman2026
batman21
batman22
batman23
batman321
batman33
batman420
batman4321
batman44
batman55
batman66
batman666
batman69
batman77
batman777
batman88
batman911
batman99
batman999
batman@123
beach!@#
beach0000
beach007
beach100
beach111
beach1111
beach123
beach1234
beach12345
beach123456
beach2024
beach2025
beach2026
beach321
beach420
beach4321
beach666
beach777
beach911
beach999
beach@123
best0000
best1111
best1234
best12345
best123456
best2024
best2025
best2026
best4321
best@123
betty123
betty1234
betty1960
betty1961
betty1962
betty1963
betty1964
betty1965
betty1966
betty1967
betty1968
betty1969
betty1970
betty1971
betty1972
betty1973
betty1974
betty1975
betty1976
betty1977
betty1978
betty1979
betty1980
betty1981
betty1982
betty1983
betty1984
betty1985
betty1986
betty1987
betty1988
betty1989
betty1990
betty1991
betty1992
betty1993
betty1994
betty1995
betty1996
betty1997
betty1998
betty1999
betty2000
betty2001
betty2002
betty2003
betty2004
betty2005
betty2006
betty2007
betty2008
betty2009
betty2010
betty2011
betty2012
betty2013
betty2014
betty2015
betty2016
betty2017
betty2018
betty2019
betty2020
betty2021
betty2022
betty2023
betty2024
betty2025
betty2026
camaro!!
camaro!@#
camaro0000
camaro007
camaro01
camaro07
camaro10
camaro100
camaro11
camaro111
camaro1111
camaro12
camaro123
camaro1234
camaro12345
camaro123456
camaro13
camaro2024
camaro2025
camaro2026
camaro21
camaro22
camaro23
camaro321
camaro33
camaro420
camaro4321
camaro44
camaro55
camaro66
camaro666
camaro69
camaro77
camaro777
camaro88
camaro911
camaro99
camaro999
camaro@123
captain!
captain!!
captain!@#
captain0000
captain007
captain01
captain07
captain1
captain10
captain100
captain11
captain111
captain1111
captain12
captain123
captain1234
captain12345
captain123456
captain13
captain2
captain2024
captain2025
captain2026
captain21
captain22
captain23
captain3
captain321
captain33
captain420
captain4321
captain44
captain55
captain66
captain666
captain69
captain77
captain777
captain88
captain911
captain99
captain999
captain@123
carol123
carol1234
carol1960
carol1961
carol1962
carol1963
carol1964
carol1965
carol1966
carol1967
carol1968
carol1969
carol1970
carol1971
carol1972
carol1973
carol1974
carol1975
carol1976
carol1977
carol1978
carol1979
carol1980
carol1981
carol1982
carol1983
carol1984
carol1985
carol1986
carol1987
carol1988
carol1989
carol1990
carol1991
carol1992
carol1993
carol1994
carol1995
carol1996
carol1997
carol1998
carol1999
carol2000
carol2001
carol2002
carol2003
carol2004
carol2005
carol2006
carol2007
carol2008
carol2009
carol2010
carol2011
carol2012
carol2013
carol2014
carol2015
carol2016
carol2017
carol2018
carol2019
carol2020
carol2021
carol2022
carol2023
carol2024
carol2025
carol2026
changeme
charles!
charles!!
charles01
charles123
charles1234
charles1960
charles1961
charles1962
charles1963
charles1964
charles1965
charles1966
charles1967
charles1968
charles1969
charles1970
charles1971
charles1972
charles1973
charles1974
charles1975
charles1976
charles1977
charles1978
charles1979
charles1980
charles1981
charles1982
charles1983
charles1984
charles1985
charles1986
charles1987
charles1988
charles1989
charles1990
charles1991
charles1992
charles1993
charles1994
charles1995
charles1996
charles1997
charles1998
charles1999
charles2000
charles2001
charles2002
charles2003
charles2004
charles2005
charles2006
charles2007
charles2008
charles2009
charles2010
charles2011
charles2012
charles2013
charles2014
charles2015
charles2016
charles2017
charles2018
charles2019
charles2020
charles2021
charles2022
charles2023
charles2024
charles2025
charles2026
charles69
charles99
charlie!
charlie!!
charlie!@#
charlie0000
charlie007
charlie01
charlie07
charlie1
charlie10
charlie100
charlie11
charlie111
charlie1111
charlie12
charlie123
charlie1234
charlie12345
charlie123456
charlie13
charlie2
charlie2024
charlie2025
charlie2026
charlie21
charlie22
charlie23
charlie3
charlie321
charlie33
charlie420
charlie4321
charlie44
charlie55
charlie66
charlie666
charlie69
charlie77
charlie777
charlie88
charlie911
charlie99
charlie999
charlie@123
coffee!!
coffee!@#
coffee0000
coffee007
coffee01
coffee07
coffee10
coffee100
coffee11
coffee111
coffee1111
coffee12
coffee123
coffee1234
coffee12345
coffee123456
coffee13
coffee2024
coffee2025
coffee2026
coffee21
coffee22
coffee23
coffee321
coffee33
coffee420
coffee4321
coffee44
coffee55
coffee66
coffee666
coffee69
coffee77
coffee777
coffee88
coffee911
coffee99
coffee999
coffee@123
comcast!
comcast01
comcast123
comcast1234
comcast12345
comcast2024
comcast2025
comcast2026
comcast321
comcast99
comcasthome
comcastnet
comcastpass
comcastpassword
comcastwifi
connect!
connect01
connect123
connect1234
connect12345
connect2024
connect2025
connect2026
connect321
connect99
connecthome
connectnet
connectpass
connectpassword
connectwifi
cool0000
cool1111
cool1234
cool12345
cool123456
cool2024
cool2025
cool2026
cool4321
cool@123
cornelia!
cornelia!!
cornelia01
cornelia123
cornelia1234
cornelia1960
cornelia1961
cornelia1962
cornelia1963
cornelia1964
cornelia1965
cornelia1966
cornelia1967
cornelia1968
cornelia1969
cornelia1970
cornelia1971
cornelia1972
cornelia1973
cornelia1974
cornelia1975
cornelia1976
cornelia1977
cornelia1978
cornelia1979
cornelia1980
cornelia1981
cornelia1982
cornelia1983
cornelia1984
cornelia1985
cornelia1986
cornelia1987
cornelia1988
cornelia1989
cornelia1990
cornelia1991
cornelia1992
cornelia1993
cornelia1994
cornelia1995
cornelia1996
cornelia1997
cornelia1998
cornelia1999
cornelia2000
cornelia2001
cornelia2002
cornelia2003
cornelia2004
cornelia2005
cornelia2006
cornelia2007
cornelia2008
cornelia2009
cornelia2010
cornelia2011
cornelia2012
cornelia2013
cornelia2014
cornelia2015
cornelia2016
cornelia2017
cornelia2018
cornelia2019
cornelia2020
cornelia2021
cornelia2022
cornelia2023
cornelia2024
cornelia2025
cornelia2026
cornelia69
cornelia99
crystal!
crystal!!
crystal!@#
crystal0000
crystal007
crystal01
crystal07
crystal1
crystal10
crystal100
crystal11
crystal111
crystal1111
crystal12
crystal123
crystal1234
crystal12345
crystal123456
crystal13
crystal2
crystal2024
crystal2025
crystal2026
crystal21
crystal22
crystal23
crystal3
crystal321
crystal33
crystal420
crystal4321
crystal44
crystal55
crystal66
crystal666
crystal69
crystal77
crystal777
crystal88
crystal911
crystal99
crystal999
crystal@123
cynthia!
cynthia!!
cynthia01
cynthia123
cynthia1234
cynthia1960
cynthia1961
cynthia1962
cynthia1963
cynthia1964
cynthia1965
cynthia1966
cynthia1967
cynthia1968
cynthia1969
cynthia1970
cynthia1971
cynthia1972
cynthia1973
cynthia1974
cynthia1975
cynthia1976
cynthia1977
cynthia1978
cynthia1979
cynthia1980
cynthia1981
cynthia1982
cynthia1983
cynthia1984
cynthia1985
cynthia1986
cynthia1987
cynthia1988
cynthia1989
cynthia1990
cynthia1991
cynthia1992
cynthia1993
cynthia1994
cynthia1995
cynthia1996
cynthia1997
cynthia1998
cynthia1999
cynthia2000
cynthia2001
cynthia2002
cynthia2003
cynthia2004
cynthia2005
cynthia2006
cynthia2007
cynthia2008
cynthia2009
cynthia2010
cynthia2011
cynthia2012
cynthia2013
cynthia2014
cynthia2015
cynthia2016
cynthia2017
cynthia2018
cynthia2019
cynthia2020
cynthia2021
cynthia2022
cynthia2023
cynthia2024
cynthia2025
cynthia2026
cynthia69
cynthia99
daniel!!
daniel!@#
daniel0000
daniel007
daniel01
daniel07
daniel10
daniel100
daniel11
daniel111
daniel1111
daniel12
daniel123
daniel1234
daniel12345
daniel123456
daniel13
daniel1960
daniel1961
daniel1962
daniel1963
daniel1964
daniel1965
daniel1966
daniel1967
daniel1968
daniel1969
daniel1970
daniel1971
daniel1972
daniel1973
daniel1974
daniel1975
daniel1976
daniel1977
daniel1978
daniel1979
daniel1980
daniel1981
daniel1982
daniel1983
daniel1984
daniel1985
daniel1986
daniel1987
daniel1988
daniel1989
daniel1990
daniel1991
daniel1992
daniel1993
daniel1994
daniel1995
daniel1996
daniel1997
daniel1998
daniel1999
daniel2000
daniel2001
daniel2002
daniel2003
daniel2004
daniel2005
daniel2006
daniel2007
daniel2008
daniel2009
daniel2010
daniel2011
daniel2012
daniel2013
daniel2014
daniel2015
daniel2016
daniel2017
daniel2018
daniel2019
daniel2020
daniel2021
daniel2022
daniel2023
daniel2024
daniel2025
daniel2026
daniel21
daniel22
daniel23
daniel321
daniel33
daniel420
daniel4321
daniel44
daniel55
daniel66
daniel666
daniel69
daniel77
daniel777
daniel88
daniel911
daniel99
daniel999
daniel@123
dark0000
dark1111
dark1234
dark12345
dark123456
dark2024
dark2025
dark2026
dark4321
dark@123
david123
david1234
david1960
david1961
david1962
david1963
david1964
david1965
david1966
david1967
david1968
david1969
david1970
david1971
david1972
david1973
david1974
david1975
david1976
david1977
david1978
david1979
david1980
david1981
david1982
david1983
david1984
david1985
david1986
david1987
david1988
david1989
david1990
david1991
david1992
david1993
david1994
david1995
david1996
david1997
david1998
david1999
david2000
david2001
david2002
david2003
david2004
david2005
david2006
david2007
david2008
david2009
david2010
david2011
david2012
david2013
david2014
david2015
david2016
david2017
david2018
david2019
david2020
david2021
david2022
david2023
david2024
david2025
david2026
deborah!
deborah!!
deborah01
deborah123
deborah1234
deborah1960
deborah1961
deborah1962
deborah1963
deborah1964
deborah1965
deborah1966
deborah1967
deborah1968
deborah1969
deborah1970
deborah1971
deborah1972
deborah1973
deborah1974
deborah1975
deborah1976
deborah1977
deborah1978
deborah1979
deborah1980
deborah1981
deborah1982
deborah1983
deborah1984
deborah1985
deborah1986
deborah1987
deborah1988
deborah1989
deborah1990
deborah1991
deborah1992
deborah1993
deborah1994
deborah1995
deborah1996
deborah1997
deborah1998
deborah1999
deborah2000
deborah2001
deborah2002
deborah2003
deborah2004
deborah2005
deborah2006
deborah2007
deborah2008
deborah2009
deborah2010
deborah2011
deborah2012
deborah2013
deborah2014
deborah2015
deborah2016
deborah2017
deborah2018
deborah2019
deborah2020
deborah2021
deborah2022
deborah2023
deborah2024
deborah2025
deborah2026
deborah69
deborah99
demon!@#
demon0000
demon007
demon100
demon111
demon1111
demon123
demon1234
demon12345
demon123456
demon2024
demon2025
demon2026
demon321
demon420
demon4321
demon666
demon777
demon911
demon999
demon@123
devil!@#
devil0000
devil007
devil100
devil111
devil1111
devil123
devil1234
devil12345
devil123456
devil2024
devil2025
devil2026
devil321
devil420
devil4321
devil666
devil777
devil911
devil999
devil@123
diamond!
diamond!!
diamond!@#
diamond0000
diamond007
diamond01
diamond07
diamond1
diamond10
diamond100
diamond11
diamond111
diamond1111
diamond12
diamond123
diamond1234
diamond12345
diamond123456
diamond13
diamond2
diamond2024
diamond2025
diamond2026
diamond21
diamond22
diamond23
diamond3
diamond321
diamond33
diamond420
diamond4321
diamond44
diamond55
diamond66
diamond666
diamond69
diamond77
diamond777
diamond88
diamond911
diamond99
diamond999
diamond@123
dlink123
dlink1234
dlink12345
dlink2024
dlink2025
dlink2026
dlink321
dlinkhome
dlinknet
dlinkpass
dlinkpassword
dlinkwifi
donald!!
donald01
donald12
donald123
donald1234
donald1960
donald1961
donald1962
donald1963
donald1964
donald1965
donald1966
donald1967
donald1968
donald1969
donald1970
donald1971
donald1972
donald1973
donald1974
donald1975
donald1976
donald1977
donald1978
donald1979
donald1980
donald1981
donald1982
donald1983
donald1984
donald1985
donald1986
donald1987
donald1988
donald1989
donald1990
donald1991
donald1992
donald1993
donald1994
donald1995
donald1996
donald1997
donald1998
donald1999
donald2000
donald2001
donald2002
donald2003
donald2004
donald2005
donald2006
donald2007
donald2008
donald2009
donald2010
donald2011
donald2012
donald2013
donald2014
donald2015
donald2016
donald2017
donald2018
donald2019
donald2020
donald2021
donald2022
donald2023
donald2024
donald2025
donald2026
donald69
donald99
donna123
donna1234
donna1960
donna1961
donna1962
donna1963
donna1964
donna1965
donna1966
donna1967
donna1968
donna1969
donna1970
donna1971
donna1972
donna1973
donna1974
donna1975
donna1976
donna1977
donna1978
donna1979
donna1980
donna1981
donna1982
donna1983
donna1984
donna1985
donna1986
donna1987
donna1988
donna1989
donna1990
donna1991
donna1992
donna1993
donna1994
donna1995
donna1996
donna1997
donna1998
donna1999
donna2000
donna2001
donna2002
donna2003
donna2004
donna2005
donna2006
donna2007
donna2008
donna2009
donna2010
donna2011
donna2012
donna2013
donna2014
donna2015
donna2016
donna2017
donna2018
donna2019
donna2020
donna2021
donna2022
donna2023
donna2024
donna2025
donna2026
dorothy!
dorothy!!
dorothy01
dorothy123
dorothy1234
dorothy1960
dorothy1961
dorothy1962
dorothy1963
dorothy1964
dorothy1965
dorothy1966
dorothy1967
dorothy1968
dorothy1969
dorothy1970
dorothy1971
dorothy1972
dorothy1973
dorothy1974
dorothy1975
dorothy1976
dorothy1977
dorothy1978
dorothy1979
dorothy1980
dorothy1981
dorothy1982
dorothy1983
dorothy1984
dorothy1985
dorothy1986
dorothy1987
dorothy1988
dorothy1989
dorothy1990
dorothy1991
dorothy1992
dorothy1993
dorothy1994
dorothy1995
dorothy1996
dorothy1997
dorothy1998
dorothy1999
dorothy2000
dorothy2001
dorothy2002
dorothy2003
dorothy2004
dorothy2005
dorothy2006
dorothy2007
dorothy2008
dorothy2009
dorothy2010
dorothy2011
dorothy2012
dorothy2013
dorothy2014
dorothy2015
dorothy2016
dorothy2017
dorothy2018
dorothy2019
dorothy2020
dorothy2021
dorothy2022
dorothy2023
dorothy2024
dorothy2025
dorothy2026
dorothy69
dorothy99
dragon!!
dragon!@#
dragon0000
dragon007
dragon01
dragon07
dragon10
dragon100
dragon11
dragon111
dragon1111
dragon12
dragon123
dragon1234
dragon12345
dragon123456
dragon13
dragon2024
dragon2025
dragon2026
dragon21
dragon22
dragon23
dragon321
dragon33
dragon420
dragon4321
dragon44
dragon55
dragon66
dragon666
dragon69
dragon77
dragon777
dragon88
dragon911
dragon99
dragon999
dragon@123
earth!@#
earth0000
earth007
earth100
earth111
earth1111
earth123
earth1234
earth12345
earth123456
earth2024
earth2025
earth2026
earth321
earth420
earth4321
earth666
earth777
earth911
earth999
earth@123
elizabeth!
elizabeth!!
elizabeth01
elizabeth123
elizabeth1234
elizabeth1960
elizabeth1961
elizabeth1962
elizabeth1963
elizabeth1964
elizabeth1965
elizabeth1966
elizabeth1967
elizabeth1968
elizabeth1969
elizabeth1970
elizabeth1971
elizabeth1972
elizabeth1973
elizabeth1974
elizabeth1975
elizabeth1976
elizabeth1977
elizabeth1978
elizabeth1979
elizabeth1980
elizabeth1981
elizabeth1982
elizabeth1983
elizabeth1984
elizabeth1985
elizabeth1986
elizabeth1987
elizabeth1988
elizabeth1989
elizabeth1990
elizabeth1991
elizabeth1992
elizabeth1993
elizabeth1994
elizabeth1995
elizabeth1996
elizabeth1997
elizabeth1998
elizabeth1999
elizabeth2000
elizabeth2001
elizabeth2002
elizabeth2003
elizabeth2004
elizabeth2005
elizabeth2006
elizabeth2007
elizabeth2008
elizabeth2009
elizabeth2010
elizabeth2011
elizabeth2012
elizabeth2013
elizabeth2014
elizabeth2015
elizabeth2016
elizabeth2017
elizabeth2018
elizabeth2019
elizabeth2020
elizabeth2021
elizabeth2022
elizabeth2023
elizabeth2024
elizabeth2025
elizabeth2026
elizabeth69
elizabeth99
emily123
emily1234
emily1960
emily1961
emily1962
emily1963
emily1964
emily1965
emily1966
emily1967
emily1968
emily1969
emily1970
emily1971
emily1972
emily1973
emily1974
emily1975
emily1976
emily1977
emily1978
emily1979
emily1980
emily1981
emily1982
emily1983
emily1984
emily1985
emily1986
emily1987
emily1988
emily1989
emily1990
emily1991
emily1992
emily1993
emily1994
emily1995
emily1996
emily1997
emily1998
emily1999
emily2000
emily2001
emily2002
emily2003
emily2004
emily2005
emily2006
emily2007
emily2008
emily2009
emily2010
emily2011
emily2012
emily2013
emily2014
emily2015
emily2016
emily2017
emily2018
emily2019
emily2020
emily2021
emily2022
emily2023
emily2024
emily2025
emily2026
f007b@ll
falcon!!
falcon!@#
falcon0000
falcon007
falcon01
falcon07
falcon10
falcon100
falcon11
falcon111
falcon1111
falcon12
falcon123
falcon1234
falcon12345
falcon123456
falcon13
falcon2024
falcon2025
falcon2026
falcon21
falcon22
falcon23
falcon321
falcon33
falcon420
falcon4321
falcon44
falcon55
falcon66
falcon666
falcon69
falcon77
falcon777
falcon88
falcon911
falcon99
falcon999
falcon@123
family01
family123
family1234
family12345
family2024
family2025
family2026
family321
family99
familyhome
familynet
familypass
familypassword
familywifi
ferrari!
ferrari!!
ferrari!@#
ferrari0000
ferrari007
ferrari01
ferrari07
ferrari1
ferrari10
ferrari100
ferrari11
ferrari111
ferrari1111
ferrari12
ferrari123
ferrari1234
ferrari12345
ferrari123456
ferrari13
ferrari2
ferrari2024
ferrari2025
ferrari2026
ferrari21
ferrari22
ferrari23
ferrari3
ferrari321
ferrari33
ferrari420
ferrari4321
ferrari44
ferrari55
ferrari66
ferrari666
ferrari69
ferrari77
ferrari777
ferrari88
ferrari911
ferrari99
ferrari999
ferrari@123
fire0000
fire1111
fire1234
fire12345
fire123456
fire2024
fire2025
fire2026
fire4321
fire@123
football
fortnite
fortnite!
fortnite!!
fortnite!@#
fortnite0000
fortnite007
fortnite01
fortnite07
fortnite1
fortnite10
fortnite100
fortnite11
fortnite111
fortnite1111
fortnite12
fortnite123
fortnite1234
fortnite12345
fortnite123456
fortnite13
fortnite2
fortnite2024
fortnite2025
fortnite2026
fortnite21
fortnite22
fortnite23
fortnite3
fortnite321
fortnite33
fortnite420
fortnite4321
fortnite44
fortnite55
fortnite66
fortnite666
fortnite69
fortnite77
fortnite777
fortnite88
fortnite911
fortnite99
fortnite999
fortnite@123
freedom!
freedom!!
freedom!@#
freedom0000
freedom007
freedom01
freedom07
freedom1
freedom10
freedom100
freedom11
freedom111
freedom1111
freedom12
freedom123
freedom1234
freedom12345
freedom123456
freedom13
freedom2
freedom2024
freedom2025
freedom2026
freedom21
freedom22
freedom23
freedom3
freedom321
freedom33
freedom420
freedom4321
freedom44
freedom55
freedom66
freedom666
freedom69
freedom77
freedom777
freedom88
freedom911
freedom99
freedom999
freedom@123
gamer!@#
gamer0000
gamer007
gamer100
gamer111
gamer1111
gamer123
gamer1234
gamer12345
gamer123456
gamer2024
gamer2025
gamer2026
gamer321
gamer420
gamer4321
gamer666
gamer777
gamer911
gamer999
gamer@123
gaming!!
gaming!@#
gaming0000
gaming007
gaming01
gaming07
gaming10
gaming100
gaming11
gaming111
gaming1111
gaming12
gaming123
gaming1234
gaming12345
gaming123456
gaming13
gaming2024
gaming2025
gaming2026
gaming21
gaming22
gaming23
gaming321
gaming33
gaming420
gaming4321
gaming44
gaming55
gaming66
gaming666
gaming69
gaming77
gaming777
gaming88
gaming911
gaming99
gaming999
gaming@123
golden!!
golden!@#
golden0000
golden007
golden01
golden07
golden10
golden100
golden11
golden111
golden1111
golden12
golden123
golden1234
golden12345
golden123456
golden13
golden2024
golden2025
golden2026
golden21
golden22
golden23
golden321
golden33
golden420
golden4321
golden44
golden55
golden66
golden666
golden69
golden77
golden777
golden88
golden911
golden99
golden999
golden@123
google!!
google!@#
google0000
google007
google01
google07
google10
google100
google11
google111
google1111
google12
google123
google1234
google12345
google123456
google13
google2024
google2025
google2026
google21
google22
google23
google321
google33
google420
google4321
google44
google55
google66
google666
google69
google77
google777
google88
google911
google99
google999
google@123
guest123
guest1234
guest12345
guest2024
guest2025
guest2026
guest321
guesthome
guestnet
guestpass
guestpassword
guestwifi
hacker!!
hacker!@#
hacker0000
hacker007
hacker01
hacker07
hacker10
hacker100
hacker11
hacker111
hacker1111
hacker12
hacker123
hacker1234
hacker12345
hacker123456
hacker13
hacker2024
hacker2025
hacker2026
hacker21
hacker22
hacker23
hacker321
hacker33
hacker420
hacker4321
hacker44
hacker55
hacker66
hacker666
hacker69
hacker77
hacker777
hacker88
hacker911
hacker99
hacker999
hacker@123
happy!@#
happy0000
happy007
happy100
happy111
happy1111
happy123
happy1234
happy12345
happy123456
happy2024
happy2025
happy2026
happy321
happy420
happy4321
happy666
happy777
happy911
happy999
happy@123
harley!!
harley!@#
harley0000
harley007
harley01
harley07
harley10
harley100
harley11
harley111
harley1111
harley12
harley123
harley1234
harley12345
harley123456
harley13
harley2024
harley2025
harley2026
harley21
harley22
harley23
harley321
harley33
harley420
harley4321
harley44
harley55
harley66
harley666
harley69
harley77
harley777
harley88
harley911
harley99
harley999
harley@123
heaven!!
heaven!@#
heaven0000
heaven007
heaven01
heaven07
heaven10
heaven100
heaven11
heaven111
heaven1111
heaven12
heaven123
heaven1234
heaven12345
heaven123456
heaven13
heaven2024
heaven2025
heaven2026
heaven21
heaven22
heaven23
heaven321
heaven33
heaven420
heaven4321
heaven44
heaven55
heaven66
heaven666
heaven69
heaven77
heaven777
heaven88
heaven911
heaven99
heaven999
heaven@123
hell0000
hell1111
hell1234
hell12345
hell123456
hell2024
hell2025
hell2026
hell4321
hell@123
henk1234
henk1960
henk1961
henk1962
henk1963
henk1964
henk1965
henk1966
henk1967
henk1968
henk1969
henk1970
henk1971
henk1972
henk1973
henk1974
henk1975
henk1976
henk1977
henk1978
henk1979
henk1980
henk1981
henk1982
henk1983
henk1984
henk1985
henk1986
henk1987
henk1988
henk1989
henk1990
henk1991
henk1992
henk1993
henk1994
henk1995
henk1996
henk1997
henk1998
henk1999
henk2000
henk2001
henk2002
henk2003
henk2004
henk2005
henk2006
henk2007
henk2008
henk2009
henk2010
henk2011
henk2012
henk2013
henk2014
henk2015
henk2016
henk2017
henk2018
henk2019
henk2020
henk2021
henk2022
henk2023
henk2024
henk2025
henk2026
hidden!!
hidden!@#
hidden0000
hidden007
hidden01
hidden07
hidden10
hidden100
hidden11
hidden111
hidden1111
hidden12
hidden123
hidden1234
hidden12345
hidden123456
hidden13
hidden2024
hidden2025
hidden2026
hidden21
hidden22
hidden23
hidden321
hidden33
hidden420
hidden4321
hidden44
hidden55
hidden66
hidden666
hidden69
hidden77
hidden777
hidden88
hidden911
hidden99
hidden999
hidden@123
home1234
home12345
home2024
home2025
home2026
homehome
homepass
homepassword
homewifi
homewifi!
homewifi01
homewifi123
homewifi1234
homewifi12345
homewifi2024
homewifi2025
homewifi2026
homewifi321
homewifi99
homewifihome
homewifinet
homewifipass
homewifipassword
homewifiwifi
house123
house1234
house12345
house2024
house2025
house2026
house321
househome
housenet
housepass
housepassword
housewifi
hunter!!
hunter!@#
hunter0000
hunter007
hunter01
hunter07
hunter10
hunter100
hunter11
hunter111
hunter1111
hunter12
hunter123
hunter1234
hunter12345
hunter123456
hunter13
hunter2024
hunter2025
hunter2026
hunter21
hunter22
hunter23
hunter321
hunter33
hunter420
hunter4321
hunter44
hunter55
hunter66
hunter666
hunter69
hunter77
hunter777
hunter88
hunter911
hunter99
hunter999
hunter@123
iloveyou
internet
internet!
internet01
internet123
internet1234
internet12345
internet2024
internet2025
internet2026
internet321
internet99
internethome
internetnet
internetpass
internetpassword
internetwifi
ironman!
ironman!!
ironman!@#
ironman0000
ironman007
ironman01
ironman07
ironman1
ironman10
ironman100
ironman11
ironman111
ironman1111
ironman12
ironman123
ironman1234
ironman12345
ironman123456
ironman13
ironman2
ironman2024
ironman2025
ironman2026
ironman21
ironman22
ironman23
ironman3
ironman321
ironman33
ironman420
ironman4321
ironman44
ironman55
ironman66
ironman666
ironman69
ironman77
ironman777
ironman88
ironman911
ironman99
ironman999
ironman@123
james123
james1234
james1960
james1961
james1962
james1963
james1964
james1965
james1966
james1967
james1968
james1969
james1970
james1971
james1972
james1973
james1974
james1975
james1976
james1977
james1978
james1979
james1980
james1981
james1982
james1983
james1984
james1985
james1986
james1987
james1988
james1989
james1990
james1991
james1992
james1993
james1994
james1995
james1996
james1997
james1998
james1999
james2000
james2001
james2002
james2003
james2004
james2005
james2006
james2007
james2008
james2009
james2010
james2011
james2012
james2013
james2014
james2015
james2016
james2017
james2018
james2019
james2020
james2021
james2022
james2023
james2024
james2025
james2026
jennifer
jennifer!
jennifer!!
jennifer!@#
jennifer0000
jennifer007
jennifer01
jennifer07
jennifer1
jennifer10
jennifer100
jennifer11
jennifer111
jennifer1111
jennifer12
jennifer123
jennifer1234
jennifer12345
jennifer123456
jennifer13
jennifer1960
jennifer1961
jennifer1962
jennifer1963
jennifer1964
jennifer1965
jennifer1966
jennifer1967
jennifer1968
jennifer1969
jennifer1970
jennifer1971
jennifer1972
jennifer1973
jennifer1974
jennifer1975
jennifer1976
jennifer1977
jennifer1978
jennifer1979
jennifer1980
jennifer1981
jennifer1982
jennifer1983
jennifer1984
jennifer1985
jennifer1986
jennifer1987
jennifer1988
jennifer1989
jennifer1990
jennifer1991
jennifer1992
jennifer1993
jennifer1994
jennifer1995
jennifer1996
jennifer1997
jennifer1998
jennifer1999
jennifer2
jennifer2000
jennifer2001
jennifer2002
jennifer2003
jennifer2004
jennifer2005
jennifer2006
jennifer2007
jennifer2008
jennifer2009
jennifer2010
jennifer2011
jennifer2012
jennifer2013
jennifer2014
jennifer2015
jennifer2016
jennifer2017
jennifer2018
jennifer2019
jennifer2020
jennifer2021
jennifer2022
jennifer2023
jennifer2024
jennifer2025
jennifer2026
jennifer21
jennifer22
jennifer23
jennifer3
jennifer321
jennifer33
jennifer420
jennifer4321
jennifer44
jennifer55
jennifer66
jennifer666
jennifer69
jennifer77
jennifer777
jennifer88
jennifer911
jennifer99
jennifer999
jennifer@123
jessica!
jessica!!
jessica01
jessica123
jessica1234
jessica1960
jessica1961
jessica1962
jessica1963
jessica1964
jessica1965
jessica1966
jessica1967
jessica1968
jessica1969
jessica1970
jessica1971
jessica1972
jessica1973
jessica1974
jessica1975
jessica1976
jessica1977
jessica1978
jessica1979
jessica1980
jessica1981
jessica1982
jessica1983
jessica1984
jessica1985
jessica1986
jessica1987
jessica1988
jessica1989
jessica1990
jessica1991
jessica1992
jessica1993
jessica1994
jessica1995
jessica1996
jessica1997
jessica1998
jessica1999
jessica2000
jessica2001
jessica2002
jessica2003
jessica2004
jessica2005
jessica2006
jessica2007
jessica2008
jessica2009
jessica2010
jessica2011
jessica2012
jessica2013
jessica2014
jessica2015
jessica2016
jessica2017
jessica2018
jessica2019
jessica2020
jessica2021
jessica2022
jessica2023
jessica2024
jessica2025
jessica2026
jessica69
jessica99
johan123
johan1234
johan1960
johan1961
johan1962
johan1963
johan1964
johan1965
johan1966
johan1967
johan1968
johan1969
johan1970
johan1971
johan1972
johan1973
johan1974
johan1975
johan1976
johan1977
johan1978
johan1979
johan1980
johan1981
johan1982
johan1983
johan1984
johan1985
johan1986
johan1987
johan1988
johan1989
johan1990
johan1991
johan1992
johan1993
johan1994
johan1995
johan1996
johan1997
johan1998
johan1999
johan2000
johan2001
johan2002
johan2003
johan2004
johan2005
johan2006
johan2007
johan2008
johan2009
johan2010
johan2011
johan2012
johan2013
johan2014
johan2015
johan2016
johan2017
johan2018
johan2019
johan2020
johan2021
johan2022
johan2023
johan2024
johan2025
johan2026
johanna!
johanna!!
johanna01
johanna123
johanna1234
johanna1960
johanna1961
johanna1962
johanna1963
johanna1964
johanna1965
johanna1966
johanna1967
johanna1968
johanna1969
johanna1970
johanna1971
johanna1972
johanna1973
johanna1974
johanna1975
johanna1976
johanna1977
johanna1978
johanna1979
johanna1980
johanna1981
johanna1982
johanna1983
johanna1984
johanna1985
johanna1986
johanna1987
johanna1988
johanna1989
johanna1990
johanna1991
johanna1992
johanna1993
johanna1994
johanna1995
johanna1996
johanna1997
johanna1998
johanna1999
johanna2000
johanna2001
johanna2002
johanna2003
johanna2004
johanna2005
johanna2006
johanna2007
johanna2008
johanna2009
johanna2010
johanna2011
johanna2012
johanna2013
johanna2014
johanna2015
johanna2016
johanna2017
johanna2018
johanna2019
johanna2020
johanna2021
johanna2022
johanna2023
johanna2024
johanna2025
johanna2026
johanna69
johanna99
john1234
john1960
john1961
john1962
john1963
john1964
john1965
john1966
john1967
john1968
john1969
john1970
john1971
john1972
john1973
john1974
john1975
john1976
john1977
john1978
john1979
john1980
john1981
john1982
john1983
john1984
john1985
john1986
john1987
john1988
john1989
john1990
john1991
john1992
john1993
john1994
john1995
john1996
john1997
john1998
john1999
john2000
john2001
john2002
john2003
john2004
john2005
john2006
john2007
john2008
john2009
john2010
john2011
john2012
john2013
john2014
john2015
john2016
john2017
john2018
john2019
john2020
john2021
john2022
john2023
john2024
john2025
john2026
jordan!!
jordan!@#
jordan0000
jordan007
jordan01
jordan07
jordan10
jordan100
jordan11
jordan111
jordan1111
jordan12
jordan123
jordan1234
jordan12345
jordan123456
jordan13
jordan2024
jordan2025
jordan2026
jordan21
jordan22
jordan23
jordan321
jordan33
jordan420
jordan4321
jordan44
jordan55
jordan66
jordan666
jordan69
jordan77
jordan777
jordan88
jordan911
jordan99
jordan999
jordan@123
joseph!!
joseph01
joseph123
joseph1234
joseph1960
joseph1961
joseph1962
joseph1963
joseph1964
joseph1965
joseph1966
joseph1967
joseph1968
joseph1969
joseph1970
joseph1971
joseph1972
joseph1973
joseph1974
joseph1975
joseph1976
joseph1977
joseph1978
joseph1979
joseph1980
joseph1981
joseph1982
joseph1983
joseph1984
joseph1985
joseph1986
joseph1987
joseph1988
joseph1989
joseph1990
joseph1991
joseph1992
joseph1993
joseph1994
joseph1995
joseph1996
joseph1997
joseph1998
joseph1999
joseph2000
joseph2001
joseph2002
joseph2003
joseph2004
joseph2005
joseph2006
joseph2007
joseph2008
joseph2009
joseph2010
joseph2011
joseph2012
joseph2013
joseph2014
joseph2015
joseph2016
joseph2017
joseph2018
joseph2019
joseph2020
joseph2021
joseph2022
joseph2023
joseph2024
joseph2025
joseph2026
joseph69
joseph99
joshua!!
joshua!@#
joshua0000
joshua007
joshua01
joshua07
joshua10
joshua100
joshua11
joshua111
joshua1111
joshua12
joshua123
joshua1234
joshua12345
joshua123456
joshua13
joshua1960
joshua1961
joshua1962
joshua1963
joshua1964
joshua1965
joshua1966
joshua1967
joshua1968
joshua1969
joshua1970
joshua1971
joshua1972
joshua1973
joshua1974
joshua1975
joshua1976
joshua1977
joshua1978
joshua1979
joshua1980
joshua1981
joshua1982
joshua1983
joshua1984
joshua1985
joshua1986
joshua1987
joshua1988
joshua1989
joshua1990
joshua1991
joshua1992
joshua1993
joshua1994
joshua1995
joshua1996
joshua1997
joshua1998
joshua1999
joshua2000
joshua2001
joshua2002
joshua2003
joshua2004
joshua2005
joshua2006
joshua2007
joshua2008
joshua2009
joshua2010
joshua2011
joshua2012
joshua2013
joshua2014
joshua2015
joshua2016
joshua2017
joshua2018
joshua2019
joshua2020
joshua2021
joshua2022
joshua2023
joshua2024
joshua2025
joshua2026
joshua21
joshua22
joshua23
joshua321
joshua33
joshua420
joshua4321
joshua44
joshua55
joshua66
joshua666
joshua69
joshua77
joshua777
joshua88
joshua911
joshua99
joshua999
joshua@123
karen123
karen1234
karen1960
karen1961
karen1962
karen1963
karen1964
karen1965
karen1966
karen1967
karen1968
karen1969
karen1970
karen1971
karen1972
karen1973
karen1974
karen1975
karen1976
karen1977
karen1978
karen1979
karen1980
karen1981
karen1982
karen1983
karen1984
karen1985
karen1986
karen1987
karen1988
karen1989
karen1990
karen1991
karen1992
karen1993
karen1994
karen1995
karen1996
karen1997
karen1998
karen1999
karen2000
karen2001
karen2002
karen2003
karen2004
karen2005
karen2006
karen2007
karen2008
karen2009
karen2010
karen2011
karen2012
karen2013
karen2014
karen2015
karen2016
karen2017
karen2018
karen2019
karen2020
karen2021
karen2022
karen2023
karen2024
karen2025
karen2026
kenneth!
kenneth!!
kenneth01
kenneth123
kenneth1234
kenneth1960
kenneth1961
kenneth1962
kenneth1963
kenneth1964
kenneth1965
kenneth1966
kenneth1967
kenneth1968
kenneth1969
kenneth1970
kenneth1971
kenneth1972
kenneth1973
kenneth1974
kenneth1975
kenneth1976
kenneth1977
kenneth1978
kenneth1979
kenneth1980
kenneth1981
kenneth1982
kenneth1983
kenneth1984
kenneth1985
kenneth1986
kenneth1987
kenneth1988
kenneth1989
kenneth1990
kenneth1991
kenneth1992
kenneth1993
kenneth1994
kenneth1995
kenneth1996
kenneth1997
kenneth1998
kenneth1999
kenneth2000
kenneth2001
kenneth2002
kenneth2003
kenneth2004
kenneth2005
kenneth2006
kenneth2007
kenneth2008
kenneth2009
kenneth2010
kenneth2011
kenneth2012
kenneth2013
kenneth2014
kenneth2015
kenneth2016
kenneth2017
kenneth2018
kenneth2019
kenneth2020
kenneth2021
kenneth2022
kenneth2023
kenneth2024
kenneth2025
kenneth2026
kenneth69
kenneth99
killer!!
killer!@#
killer0000
killer007
killer01
killer07
killer10
killer100
killer11
killer111
killer1111
killer12
killer123
killer1234
killer12345
killer123456
killer13
killer2024
killer2025
killer2026
killer21
killer22
killer23
killer321
killer33
killer420
killer4321
killer44
killer55
killer66
killer666
killer69
killer77
killer777
killer88
killer911
killer99
killer999
killer@123
kimberly!
kimberly!!
kimberly01
kimberly123
kimberly1234
kimberly1960
kimberly1961
kimberly1962
kimberly1963
kimberly1964
kimberly1965
kimberly1966
kimberly1967
kimberly1968
kimberly1969
kimberly1970
kimberly1971
kimberly1972
kimberly1973
kimberly1974
kimberly1975
kimberly1976
kimberly1977
kimberly1978
kimberly1979
kimberly1980
kimberly1981
kimberly1982
kimberly1983
kimberly1984
kimberly1985
kimberly1986
kimberly1987
kimberly1988
kimberly1989
kimberly1990
kimberly1991
kimberly1992
kimberly1993
kimberly1994
kimberly1995
kimberly1996
kimberly1997
kimberly1998
kimberly1999
kimberly2000
kimberly2001
kimberly2002
kimberly2003
kimberly2004
kimberly2005
kimberly2006
kimberly2007
kimberly2008
kimberly2009
kimberly2010
kimberly2011
kimberly2012
kimberly2013
kimberly2014
kimberly2015
kimberly2016
kimberly2017
kimberly2018
kimberly2019
kimberly2020
kimberly2021
kimberly2022
kimberly2023
kimberly2024
kimberly2025
kimberly2026
kimberly69
kimberly99
king0000
king1111
king1234
king12345
king123456
king2024
king2025
king2026
king4321
king@123
klaas123
klaas1234
klaas1960
klaas1961
klaas1962
klaas1963
klaas1964
klaas1965
klaas1966
klaas1967
klaas1968
klaas1969
klaas1970
klaas1971
klaas1972
klaas1973
klaas1974
klaas1975
klaas1976
klaas1977
klaas1978
klaas1979
klaas1980
klaas1981
klaas1982
klaas1983
klaas1984
klaas1985
klaas1986
klaas1987
klaas1988
klaas1989
klaas1990
klaas1991
klaas1992
klaas1993
klaas1994
klaas1995
klaas1996
klaas1997
klaas1998
klaas1999
klaas2000
klaas2001
klaas2002
klaas2003
klaas2004
klaas2005
klaas2006
klaas2007
klaas2008
klaas2009
klaas2010
klaas2011
klaas2012
klaas2013
klaas2014
klaas2015
klaas2016
klaas2017
klaas2018
klaas2019
klaas2020
klaas2021
klaas2022
klaas2023
klaas2024
klaas2025
klaas2026
kpn12345
kpnpassword
laura123
laura1234
laura1960
laura1961
laura1962
laura1963
laura1964
laura1965
laura1966
laura1967
laura1968
laura1969
laura1970
laura1971
laura1972
laura1973
laura1974
laura1975
laura1976
laura1977
laura1978
laura1979
laura1980
laura1981
laura1982
laura1983
laura1984
laura1985
laura1986
laura1987
laura1988
laura1989
laura1990
laura1991
laura1992
laura1993
laura1994
laura1995
laura1996
laura1997
laura1998
laura1999
laura2000
laura2001
laura2002
laura2003
laura2004
laura2005
laura2006
laura2007
laura2008
laura2009
laura2010
laura2011
laura2012
laura2013
laura2014
laura2015
laura2016
laura2017
laura2018
laura2019
laura2020
laura2021
laura2022
laura2023
laura2024
laura2025
laura2026
legend!!
legend!@#
legend0000
legend007
legend01
legend07
legend10
legend100
legend11
legend111
legend1111
legend12
legend123
legend1234
legend12345
legend123456
legend13
legend2024
legend2025
legend2026
legend21
legend22
legend23
legend321
legend33
legend420
legend4321
legend44
legend55
legend66
legend666
legend69
legend77
legend777
legend88
legend911
legend99
legend999
legend@123
letmein!
letmein!!
letmein!@#
letmein0000
letmein007
letmein01
letmein07
letmein1
letmein10
letmein100
letmein11
letmein111
letmein1111
letmein12
letmein123
letmein1234
letmein12345
letmein123456
letmein13
letmein2
letmein2024
letmein2025
letmein2026
letmein21
letmein22
letmein23
letmein3
letmein321
letmein33
letmein420
letmein4321
letmein44
letmein55
letmein66
letmein666
letmein69
letmein77
letmein777
letmein88
letmein911
letmein99
letmein999
letmein@123
light!@#
light0000
light007
light100
light111
light1111
light123
light1234
light12345
light123456
light2024
light2025
light2026
light321
light420
light4321
light666
light777
light911
light999
light@123
linda123
linda1234
linda1960
linda1961
linda1962
linda1963
linda1964
linda1965
linda1966
linda1967
linda1968
linda1969
linda1970
linda1971
linda1972
linda1973
linda1974
linda1975
linda1976
linda1977
linda1978
linda1979
linda1980
linda1981
linda1982
linda1983
linda1984
linda1985
linda1986
linda1987
linda1988
linda1989
linda1990
linda1991
linda1992
linda1993
linda1994
linda1995
linda1996
linda1997
linda1998
linda1999
linda2000
linda2001
linda2002
linda2003
linda2004
linda2005
linda2006
linda2007
linda2008
linda2009
linda2010
linda2011
linda2012
linda2013
linda2014
linda2015
linda2016
linda2017
linda2018
linda2019
linda2020
linda2021
linda2022
linda2023
linda2024
linda2025
linda2026
linksys!
linksys01
linksys123
linksys1234
linksys12345
linksys2024
linksys2025
linksys2026
linksys321
linksys99
linksyshome
linksysnet
linksyspass
linksyspassword
linksyswifi
lisa1234
lisa1960
lisa1961
lisa1962
lisa1963
lisa1964
lisa1965
lisa1966
lisa1967
lisa1968
lisa1969
lisa1970
lisa1971
lisa1972
lisa1973
lisa1974
lisa1975
lisa1976
lisa1977
lisa1978
lisa1979
lisa1980
lisa1981
lisa1982
lisa1983
lisa1984
lisa1985
lisa1986
lisa1987
lisa1988
lisa1989
lisa1990
lisa1991
lisa1992
lisa1993
lisa1994
lisa1995
lisa1996
lisa1997
lisa1998
lisa1999
lisa2000
lisa2001
lisa2002
lisa2003
lisa2004
lisa2005
lisa2006
lisa2007
lisa2008
lisa2009
lisa2010
lisa2011
lisa2012
lisa2013
lisa2014
lisa2015
lisa2016
lisa2017
lisa2018
lisa2019
lisa2020
lisa2021
lisa2022
lisa2023
lisa2024
lisa2025
lisa2026
lkjhgfdsa
love0000
love1111
love1234
love12345
love123456
love2024
love2025
love2026
love4321
love@123
lucky!@#
lucky0000
lucky007
lucky100
lucky111
lucky1111
lucky123
lucky1234
lucky12345
lucky123456
lucky2024
lucky2025
lucky2026
lucky321
lucky420
lucky4321
lucky666
lucky777
lucky911
lucky999
lucky@123
margaret!
margaret!!
margaret01
margaret123
margaret1234
margaret1960
margaret1961
margaret1962
margaret1963
margaret1964
margaret1965
margaret1966
margaret1967
margaret1968
margaret1969
margaret1970
margaret1971
margaret1972
margaret1973
margaret1974
margaret1975
margaret1976
margaret1977
margaret1978
margaret1979
margaret1980
margaret1981
margaret1982
margaret1983
margaret1984
margaret1985
margaret1986
margaret1987
margaret1988
margaret1989
margaret1990
margaret1991
margaret1992
margaret1993
margaret1994
margaret1995
margaret1996
margaret1997
margaret1998
margaret1999
margaret2000
margaret2001
margaret2002
margaret2003
margaret2004
margaret2005
margaret2006
margaret2007
margaret2008
margaret2009
margaret2010
margaret2011
margaret2012
margaret2013
margaret2014
margaret2015
margaret2016
margaret2017
margaret2018
margaret2019
margaret2020
margaret2021
margaret2022
margaret2023
margaret2024
margaret2025
margaret2026
margaret69
margaret99
maria123
maria1234
maria1960
maria1961
maria1962
maria1963
maria1964
maria1965
maria1966
maria1967
maria1968
maria1969
maria1970
maria1971
maria1972
maria1973
maria1974
maria1975
maria1976
maria1977
maria1978
maria1979
maria1980
maria1981
maria1982
maria1983
maria1984
maria1985
maria1986
maria1987
maria1988
maria1989
maria1990
maria1991
maria1992
maria1993
maria1994
maria1995
maria1996
maria1997
maria1998
maria1999
maria2000
maria2001
maria2002
maria2003
maria2004
maria2005
maria2006
maria2007
maria2008
maria2009
maria2010
maria2011
maria2012
maria2013
maria2014
maria2015
maria2016
maria2017
maria2018
maria2019
maria2020
maria2021
maria2022
maria2023
maria2024
maria2025
maria2026
mark1234
mark1960
mark1961
mark1962
mark1963
mark1964
mark1965
mark1966
mark1967
mark1968
mark1969
mark1970
mark1971
mark1972
mark1973
mark1974
mark1975
mark1976
mark1977
mark1978
mark1979
mark1980
mark1981
mark1982
mark1983
mark1984
mark1985
mark1986
mark1987
mark1988
mark1989
mark1990
mark1991
mark1992
mark1993
mark1994
mark1995
mark1996
mark1997
mark1998
mark1999
mark2000
mark2001
mark2002
mark2003
mark2004
mark2005
mark2006
mark2007
mark2008
mark2009
mark2010
mark2011
mark2012
mark2013
mark2014
mark2015
mark2016
mark2017
mark2018
mark2019
mark2020
mark2021
mark2022
mark2023
mark2024
mark2025
mark2026
mary1234
mary1960
mary1961
mary1962
mary1963
mary1964
mary1965
mary1966
mary1967
mary1968
mary1969
mary1970
mary1971
mary1972
mary1973
mary1974
mary1975
mary1976
mary1977
mary1978
mary1979
mary1980
mary1981
mary1982
mary1983
mary1984
mary1985
mary1986
mary1987
mary1988
mary1989
mary1990
mary1991
mary1992
mary1993
mary1994
mary1995
mary1996
mary1997
mary1998
mary1999
mary2000
mary2001
mary2002
mary2003
mary2004
mary2005
mary2006
mary2007
mary2008
mary2009
mary2010
mary2011
mary2012
mary2013
mary2014
mary2015
mary2016
mary2017
mary2018
mary2019
mary2020
mary2021
mary2022
mary2023
mary2024
mary2025
mary2026
master!!
master!@#
master0000
master007
master01
master07
master10
master100
master11
master111
master1111
master12
master123
master1234
master12345
master123456
master13
master2024
master2025
master2026
master21
master22
master23
master321
master33
master420
master4321
master44
master55
master66
master666
master69
master77
master777
master88
master911
master99
master999
master@123
matthew!
matthew!!
matthew!@#
matthew0000
matthew007
matthew01
matthew07
matthew1
matthew10
matthew100
matthew11
matthew111
matthew1111
matthew12
matthew123
matthew1234
matthew12345
matthew123456
matthew13
matthew1960
matthew1961
matthew1962
matthew1963
matthew1964
matthew1965
matthew1966
matthew1967
matthew1968
matthew1969
matthew1970
matthew1971
matthew1972
matthew1973
matthew1974
matthew1975
matthew1976
matthew1977
matthew1978
matthew1979
matthew1980
matthew1981
matthew1982
matthew1983
matthew1984
matthew1985
matthew1986
matthew1987
matthew1988
matthew1989
matthew1990
matthew1991
matthew1992
matthew1993
matthew1994
matthew1995
matthew1996
matthew1997
matthew1998
matthew1999
matthew2
matthew2000
matthew2001
matthew2002
matthew2003
matthew2004
matthew2005
matthew2006
matthew2007
matthew2008
matthew2009
matthew2010
matthew2011
matthew2012
matthew2013
matthew2014
matthew2015
matthew2016
matthew2017
matthew2018
matthew2019
matthew2020
matthew2021
matthew2022
matthew2023
matthew2024
matthew2025
matthew2026
matthew21
matthew22
matthew23
matthew3
matthew321
matthew33
matthew420
matthew4321
matthew44
matthew55
matthew66
matthew666
matthew69
matthew77
matthew777
matthew88
matthew911
matthew99
matthew999
matthew@123
mega0000
mega1111
mega1234
mega12345
mega123456
mega2024
mega2025
mega2026
mega4321
mega@123
melissa!
melissa!!
melissa01
melissa123
melissa1234
melissa1960
melissa1961
melissa1962
melissa1963
melissa1964
melissa1965
melissa1966
melissa1967
melissa1968
melissa1969
melissa1970
melissa1971
melissa1972
melissa1973
melissa1974
melissa1975
melissa1976
melissa1977
melissa1978
melissa1979
melissa1980
melissa1981
melissa1982
melissa1983
melissa1984
melissa1985
melissa1986
melissa1987
melissa1988
melissa1989
melissa1990
melissa1991
melissa1992
melissa1993
melissa1994
melissa1995
melissa1996
melissa1997
melissa1998
melissa1999
melissa2000
melissa2001
melissa2002
melissa2003
melissa2004
melissa2005
melissa2006
melissa2007
melissa2008
melissa2009
melissa2010
melissa2011
melissa2012
melissa2013
melissa2014
melissa2015
melissa2016
melissa2017
melissa2018
melissa2019
melissa2020
melissa2021
melissa2022
melissa2023
melissa2024
melissa2025
melissa2026
melissa69
melissa99
mercedes
mercedes!
mercedes!!
mercedes!@#
mercedes0000
mercedes007
mercedes01
mercedes07
mercedes1
mercedes10
mercedes100
mercedes11
mercedes111
mercedes1111
mercedes12
mercedes123
mercedes1234
mercedes12345
mercedes123456
mercedes13
mercedes2
mercedes2024
mercedes2025
mercedes2026
mercedes21
mercedes22
mercedes23
mercedes3
mercedes321
mercedes33
mercedes420
mercedes4321
mercedes44
mercedes55
mercedes66
mercedes666
mercedes69
mercedes77
mercedes777
mercedes88
mercedes911
mercedes99
mercedes999
mercedes@123
michael!
michael!!
michael!@#
michael0000
michael007
michael01
michael07
michael1
michael10
michael100
michael11
michael111
michael1111
michael12
michael123
michael1234
michael12345
michael123456
michael13
michael1960
michael1961
michael1962
michael1963
michael1964
michael1965
michael1966
michael1967
michael1968
michael1969
michael1970
michael1971
michael1972
michael1973
michael1974
michael1975
michael1976
michael1977
michael1978
michael1979
michael1980
michael1981
michael1982
michael1983
michael1984
michael1985
michael1986
michael1987
michael1988
michael1989
michael1990
michael1991
michael1992
michael1993
michael1994
michael1995
michael1996
michael1997
michael1998
michael1999
michael2
michael2000
michael2001
michael2002
michael2003
michael2004
michael2005
michael2006
michael2007
michael2008
michael2009
michael2010
michael2011
michael2012
michael2013
michael2014
michael2015
michael2016
michael2017
michael2018
michael2019
michael2020
michael2021
michael2022
michael2023
michael2024
michael2025
michael2026
michael21
michael22
michael23
michael3
michael321
michael33
michael420
michael4321
michael44
michael55
michael66
michael666
michael69
michael77
michael777
michael88
michael911
michael99
michael999
michael@123
michelle!
michelle!!
michelle01
michelle123
michelle1234
michelle1960
michelle1961
michelle1962
michelle1963
michelle1964
michelle1965
michelle1966
michelle1967
michelle1968
michelle1969
michelle1970
michelle1971
michelle1972
michelle1973
michelle1974
michelle1975
michelle1976
michelle1977
michelle1978
michelle1979
michelle1980
michelle1981
michelle1982
michelle1983
michelle1984
michelle1985
michelle1986
michelle1987
michelle1988
michelle1989
michelle1990
michelle1991
michelle1992
michelle1993
michelle1994
michelle1995
michelle1996
michelle1997
michelle1998
michelle1999
michelle2000
michelle2001
michelle2002
michelle2003
michelle2004
michelle2005
michelle2006
michelle2007
michelle2008
michelle2009
michelle2010
michelle2011
michelle2012
michelle2013
michelle2014
michelle2015
michelle2016
michelle2017
michelle2018
michelle2019
michelle2020
michelle2021
michelle2022
michelle2023
michelle2024
michelle2025
michelle2026
michelle69
michelle99
minecraft
minecraft!
minecraft!!
minecraft!@#
minecraft0000
minecraft007
minecraft01
minecraft07
minecraft1
minecraft10
minecraft100
minecraft11
minecraft111
minecraft1111
minecraft12
minecraft123
minecraft1234
minecraft12345
minecraft123456
minecraft13
minecraft2
minecraft2024
minecraft2025
minecraft2026
minecraft21
minecraft22
minecraft23
minecraft3
minecraft321
minecraft33
minecraft420
minecraft4321
minecraft44
minecraft55
minecraft66
minecraft666
minecraft69
minecraft77
minecraft777
minecraft88
minecraft911
minecraft99
minecraft999
minecraft@123
mnbvcxz1
monkey!!
monkey!@#
monkey0000
monkey007
monkey01
monkey07
monkey10
monkey100
monkey11
monkey111
monkey1111
monkey12
monkey123
monkey1234
monkey12345
monkey123456
monkey13
monkey2024
monkey2025
monkey2026
monkey21
monkey22
monkey23
monkey321
monkey33
monkey420
monkey4321
monkey44
monkey55
monkey66
monkey666
monkey69
monkey77
monkey777
monkey88
monkey911
monkey99
monkey999
monkey@123
movie!@#
movie0000
movie007
movie100
movie111
movie1111
movie123
movie1234
movie12345
movie123456
movie2024
movie2025
movie2026
movie321
movie420
movie4321
movie666
movie777
movie911
movie999
movie@123
music!@#
music0000
music007
music100
music111
music1111
music123
music1234
music12345
music123456
music2024
music2025
music2026
music321
music420
music4321
music666
music777
music911
music999
music@123
mustang!
mustang!!
mustang!@#
mustang0000
mustang007
mustang01
mustang07
mustang1
mustang10
mustang100
mustang11
mustang111
mustang1111
mustang12
mustang123
mustang1234
mustang12345
mustang123456
mustang13
mustang2
mustang2024
mustang2025
mustang2026
mustang21
mustang22
mustang23
mustang3
mustang321
mustang33
mustang420
mustang4321
mustang44
mustang55
mustang66
mustang666
mustang69
mustang77
mustang777
mustang88
mustang911
mustang99
mustang999
mustang@123
mynetwork!
mynetwork01
mynetwork123
mynetwork1234
mynetwork12345
mynetwork2024
mynetwork2025
mynetwork2026
mynetwork321
mynetwork99
mynetworkhome
mynetworknet
mynetworkpass
mynetworkpassword
mynetworkwifi
mywifi01
mywifi123
mywifi1234
mywifi12345
mywifi2024
mywifi2025
mywifi2026
mywifi321
mywifi99
mywifihome
mywifinet
mywifipass
mywifipassword
mywifiwifi
nancy123
nancy1234
nancy1960
nancy1961
nancy1962
nancy1963
nancy1964
nancy1965
nancy1966
nancy1967
nancy1968
nancy1969
nancy1970
nancy1971
nancy1972
nancy1973
nancy1974
nancy1975
nancy1976
nancy1977
nancy1978
nancy1979
nancy1980
nancy1981
nancy1982
nancy1983
nancy1984
nancy1985
nancy1986
nancy1987
nancy1988
nancy1989
nancy1990
nancy1991
nancy1992
nancy1993
nancy1994
nancy1995
nancy1996
nancy1997
nancy1998
nancy1999
nancy2000
nancy2001
nancy2002
nancy2003
nancy2004
nancy2005
nancy2006
nancy2007
nancy2008
nancy2009
nancy2010
nancy2011
nancy2012
nancy2013
nancy2014
nancy2015
nancy2016
nancy2017
nancy2018
nancy2019
nancy2020
nancy2021
nancy2022
nancy2023
nancy2024
nancy2025
nancy2026
netgear!
netgear01
netgear123
netgear1234
netgear12345
netgear2024
netgear2025
netgear2026
netgear321
netgear99
netgearhome
netgearnet
netgearpass
netgearpassword
netgearwifi
network!
network01
network123
network1234
network12345
network2024
network2025
network2026
network321
network99
networkhome
networknet
networkpass
networkpassword
networkwifi
orange01
orange123
orange1234
orange12345
orange2024
orange2025
orange2026
orange321
orange99
orangehome
orangenet
orangepass
orangepassword
orangewifi
p@$$w0rd
p@ssw0rd
p@ssword
panther!
panther!!
panther!@#
panther0000
panther007
panther01
panther07
panther1
panther10
panther100
panther11
panther111
panther1111
panther12
panther123
panther1234
panther12345
panther123456
panther13
panther2
panther2024
panther2025
panther2026
panther21
panther22
panther23
panther3
panther321
panther33
panther420
panther4321
panther44
panther55
panther66
panther666
panther69
panther77
panther777
panther88
panther911
panther99
panther999
panther@123
passw0rd
password
password!
password!!
password!@#
password0000
password007
password01
password07
password1
password10
password100
password11
password111
password1111
password12
password123
password1234
password12345
password123456
password13
password2
password2024
password2025
password2026
password21
password22
password23
password3
password321
password33
password420
password4321
password44
password55
password66
password666
password69
password77
password777
password88
password911
password99
password999
password@123
patricia!
patricia!!
patricia01
patricia123
patricia1234
patricia1960
patricia1961
patricia1962
patricia1963
patricia1964
patricia1965
patricia1966
patricia1967
patricia1968
patricia1969
patricia1970
patricia1971
patricia1972
patricia1973
patricia1974
patricia1975
patricia1976
patricia1977
patricia1978
patricia1979
patricia1980
patricia1981
patricia1982
patricia1983
patricia1984
patricia1985
patricia1986
patricia1987
patricia1988
patricia1989
patricia1990
patricia1991
patricia1992
patricia1993
patricia1994
patricia1995
patricia1996
patricia1997
patricia1998
patricia1999
patricia2000
patricia2001
patricia2002
patricia2003
patricia2004
patricia2005
patricia2006
patricia2007
patricia2008
patricia2009
patricia2010
patricia2011
patricia2012
patricia2013
patricia2014
patricia2015
patricia2016
patricia2017
patricia2018
patricia2019
patricia2020
patricia2021
patricia2022
patricia2023
patricia2024
patricia2025
patricia2026
patricia69
patricia99
paul1234
paul1960
paul1961
paul1962
paul1963
paul1964
paul1965
paul1966
paul1967
paul1968
paul1969
paul1970
paul1971
paul1972
paul1973
paul1974
paul1975
paul1976
paul1977
paul1978
paul1979
paul1980
paul1981
paul1982
paul1983
paul1984
paul1985
paul1986
paul1987
paul1988
paul1989
paul1990
paul1991
paul1992
paul1993
paul1994
paul1995
paul1996
paul1997
paul1998
paul1999
paul2000
paul2001
paul2002
paul2003
paul2004
paul2005
paul2006
paul2007
paul2008
paul2009
paul2010
paul2011
paul2012
paul2013
paul2014
paul2015
paul2016
paul2017
paul2018
paul2019
paul2020
paul2021
paul2022
paul2023
paul2024
paul2025
paul2026
phoenix!
phoenix!!
phoenix!@#
phoenix0000
phoenix007
phoenix01
phoenix07
phoenix1
phoenix10
phoenix100
phoenix11
phoenix111
phoenix1111
phoenix12
phoenix123
phoenix1234
phoenix12345
phoenix123456
phoenix13
phoenix2
phoenix2024
phoenix2025
phoenix2026
phoenix21
phoenix22
phoenix23
phoenix3
phoenix321
phoenix33
phoenix420
phoenix4321
phoenix44
phoenix55
phoenix66
phoenix666
phoenix69
phoenix77
phoenix777
phoenix88
phoenix911
phoenix99
phoenix999
phoenix@123
piet1234
piet1960
piet1961
piet1962
piet1963
piet1964
piet1965
piet1966
piet1967
piet1968
piet1969
piet1970
piet1971
piet1972
piet1973
piet1974
piet1975
piet1976
piet1977
piet1978
piet1979
piet1980
piet1981
piet1982
piet1983
piet1984
piet1985
piet1986
piet1987
piet1988
piet1989
piet1990
piet1991
piet1992
piet1993
piet1994
piet1995
piet1996
piet1997
piet1998
piet1999
piet2000
piet2001
piet2002
piet2003
piet2004
piet2005
piet2006
piet2007
piet2008
piet2009
piet2010
piet2011
piet2012
piet2013
piet2014
piet2015
piet2016
piet2017
piet2018
piet2019
piet2020
piet2021
piet2022
piet2023
piet2024
piet2025
piet2026
pieter!!
pieter01
pieter123
pieter1234
pieter1960
pieter1961
pieter1962
pieter1963
pieter1964
pieter1965
pieter1966
pieter1967
pieter1968
pieter1969
pieter1970
pieter1971
pieter1972
pieter1973
pieter1974
pieter1975
pieter1976
pieter1977
pieter1978
pieter1979
pieter1980
pieter1981
pieter1982
pieter1983
pieter1984
pieter1985
pieter1986
pieter1987
pieter1988
pieter1989
pieter1990
pieter1991
pieter1992
pieter1993
pieter1994
pieter1995
pieter1996
pieter1997
pieter1998
pieter1999
pieter2000
pieter2001
pieter2002
pieter2003
pieter2004
pieter2005
pieter2006
pieter2007
pieter2008
pieter2009
pieter2010
pieter2011
pieter2012
pieter2013
pieter2014
pieter2015
pieter2016
pieter2017
pieter2018
pieter2019
pieter2020
pieter2021
pieter2022
pieter2023
pieter2024
pieter2025
pieter2026
pieter69
pieter99
pizza!@#
pizza0000
pizza007
pizza100
pizza111
pizza1111
pizza123
pizza1234
pizza12345
pizza123456
pizza2024
pizza2025
pizza2026
pizza321
pizza420
pizza4321
pizza666
pizza777
pizza911
pizza999
pizza@123
player!!
player!@#
player0000
player007
player01
player07
player10
player100
player11
player111
player1111
player12
player123
player1234
player12345
player123456
player13
player2024
player2025
player2026
player21
player22
player23
player321
player33
player420
player4321
player44
player55
player66
player666
player69
player77
player777
player88
player911
player99
player999
player@123
poiuytrewq
pokemon!
pokemon!!
pokemon!@#
pokemon0000
pokemon007
pokemon01
pokemon07
pokemon1
pokemon10
pokemon100
pokemon11
pokemon111
pokemon1111
pokemon12
pokemon123
pokemon1234
pokemon12345
pokemon123456
pokemon13
pokemon2
pokemon2024
pokemon2025
pokemon2026
pokemon21
pokemon22
pokemon23
pokemon3
pokemon321
pokemon33
pokemon420
pokemon4321
pokemon44
pokemon55
pokemon66
pokemon666
pokemon69
pokemon77
pokemon777
pokemon88
pokemon911
pokemon99
pokemon999
pokemon@123
porsche!
porsche!!
porsche!@#
porsche0000
porsche007
porsche01
porsche07
porsche1
porsche10
porsche100
porsche11
porsche111
porsche1111
porsche12
porsche123
porsche1234
porsche12345
porsche123456
porsche13
porsche2
porsche2024
porsche2025
porsche2026
porsche21
porsche22
porsche23
porsche3
porsche321
porsche33
porsche420
porsche4321
porsche44
porsche55
porsche66
porsche666
porsche69
porsche77
porsche777
porsche88
porsche911
porsche99
porsche999
porsche@123
pr1nc3$$
prince!!
prince!@#
prince0000
prince007
prince01
prince07
prince10
prince100
prince11
prince111
prince1111
prince12
prince123
prince1234
prince12345
prince123456
prince13
prince2024
prince2025
prince2026
prince21
prince22
prince23
prince321
prince33
prince420
prince4321
prince44
prince55
prince66
prince666
prince69
prince77
prince777
prince88
prince911
prince99
prince999
prince@123
princess
private!
private!!
private!@#
private0000
private007
private01
private07
private1
private10
private100
private11
private111
private1111
private12
private123
private1234
private12345
private123456
private13
private2
private2024
private2025
private2026
private21
private22
private23
private3
private321
private33
private420
private4321
private44
private55
private66
private666
private69
private77
private777
private88
private911
private99
private999
private@123
privatehome
privatenet
privatepass
privatepassword
privatewifi
q1w2e3r4
q1w2e3r4t5
qazwsxed
queen!@#
queen0000
queen007
queen100
queen111
queen1111
queen123
queen1234
queen12345
queen123456
queen2024
queen2025
queen2026
queen321
queen420
queen4321
queen666
queen777
queen911
queen999
queen@123
qweasdzxc
qwer1234
qwerasdf
qwerty!!
qwerty!@#
qwerty0000
qwerty007
qwerty01
qwerty07
qwerty10
qwerty100
qwerty11
qwerty111
qwerty1111
qwerty12
qwerty123
qwerty1234
qwerty12345
qwerty123456
qwerty13
qwerty2024
qwerty2025
qwerty2026
qwerty21
qwerty22
qwerty23
qwerty321
qwerty33
qwerty420
qwerty4321
qwerty44
qwerty55
qwerty66
qwerty666
qwerty69
qwerty77
qwerty777
qwerty88
qwerty911
qwerty99
qwerty999
qwerty@123
qwertyui
qwertyuiop
ranger!!
ranger!@#
ranger0000
ranger007
ranger01
ranger07
ranger10
ranger100
ranger11
ranger111
ranger1111
ranger12
ranger123
ranger1234
ranger12345
ranger123456
ranger13
ranger2024
ranger2025
ranger2026
ranger21
ranger22
ranger23
ranger321
ranger33
ranger420
ranger4321
ranger44
ranger55
ranger66
ranger666
ranger69
ranger77
ranger777
ranger88
ranger911
ranger99
ranger999
ranger@123
rebecca!
rebecca!!
rebecca01
rebecca123
rebecca1234
rebecca1960
rebecca1961
rebecca1962
rebecca1963
rebecca1964
rebecca1965
rebecca1966
rebecca1967
rebecca1968
rebecca1969
rebecca1970
rebecca1971
rebecca1972
rebecca1973
rebecca1974
rebecca1975
rebecca1976
rebecca1977
rebecca1978
rebecca1979
rebecca1980
rebecca1981
rebecca1982
rebecca1983
rebecca1984
rebecca1985
rebecca1986
rebecca1987
rebecca1988
rebecca1989
rebecca1990
rebecca1991
rebecca1992
rebecca1993
rebecca1994
rebecca1995
rebecca1996
rebecca1997
rebecca1998
rebecca1999
rebecca2000
rebecca2001
rebecca2002
rebecca2003
rebecca2004
rebecca2005
rebecca2006
rebecca2007
rebecca2008
rebecca2009
rebecca2010
rebecca2011
rebecca2012
rebecca2013
rebecca2014
rebecca2015
rebecca2016
rebecca2017
rebecca2018
rebecca2019
rebecca2020
rebecca2021
rebecca2022
rebecca2023
rebecca2024
rebecca2025
rebecca2026
rebecca69
rebecca99
richard!
richard!!
richard01
richard123
richard1234
richard1960
richard1961
richard1962
richard1963
richard1964
richard1965
richard1966
richard1967
richard1968
richard1969
richard1970
richard1971
richard1972
richard1973
richard1974
richard1975
richard1976
richard1977
richard1978
richard1979
richard1980
richard1981
richard1982
richard1983
richard1984
richard1985
richard1986
richard1987
richard1988
richard1989
richard1990
richard1991
richard1992
richard1993
richard1994
richard1995
richard1996
richard1997
richard1998
richard1999
richard2000
richard2001
richard2002
richard2003
richard2004
richard2005
richard2006
richard2007
richard2008
richard2009
richard2010
richard2011
richard2012
richard2013
richard2014
richard2015
richard2016
richard2017
richard2018
richard2019
richard2020
richard2021
richard2022
richard2023
richard2024
richard2025
richard2026
richard69
richard99
robert!!
robert!@#
robert0000
robert007
robert01
robert07
robert10
robert100
robert11
robert111
robert1111
robert12
robert123
robert1234
robert12345
robert123456
robert13
robert1960
robert1961
robert1962
robert1963
robert1964
robert1965
robert1966
robert1967
robert1968
robert1969
robert1970
robert1971
robert1972
robert1973
robert1974
robert1975
robert1976
robert1977
robert1978
robert1979
robert1980
robert1981
robert1982
robert1983
robert1984
robert1985
robert1986
robert1987
robert1988
robert1989
robert1990
robert1991
robert1992
robert1993
robert1994
robert1995
robert1996
robert1997
robert1998
robert1999
robert2000
robert2001
robert2002
robert2003
robert2004
robert2005
robert2006
robert2007
robert2008
robert2009
robert2010
robert2011
robert2012
robert2013
robert2014
robert2015
robert2016
robert2017
robert2018
robert2019
robert2020
robert2021
robert2022
robert2023
robert2024
robert2025
robert2026
robert21
robert22
robert23
robert321
robert33
robert420
robert4321
robert44
robert55
robert66
robert666
robert69
robert77
robert777
robert88
robert911
robert99
robert999
robert@123
roblox!!
roblox!@#
roblox0000
roblox007
roblox01
roblox07
roblox10
roblox100
roblox11
roblox111
roblox1111
roblox12
roblox123
roblox1234
roblox12345
roblox123456
roblox13
roblox2024
roblox2025
roblox2026
roblox21
roblox22
roblox23
roblox321
roblox33
roblox420
roblox4321
roblox44
roblox55
roblox66
roblox666
roblox69
roblox77
roblox777
roblox88
roblox911
roblox99
roblox999
roblox@123
root1234
router01
router123
router1234
router12345
router2024
router2025
router2026
router321
router99
routerhome
routernet
routerpass
routerpassword
routerwifi
safety!!
safety!@#
safety0000
safety007
safety01
safety07
safety10
safety100
safety11
safety111
safety1111
safety12
safety123
safety1234
safety12345
safety123456
safety13
safety2024
safety2025
safety2026
safety21
safety22
safety23
safety321
safety33
safety420
safety4321
safety44
safety55
safety66
safety666
safety69
safety77
safety777
safety88
safety911
safety99
safety999
safety@123
samsung!
samsung!!
samsung!@#
samsung0000
samsung007
samsung01
samsung07
samsung1
samsung10
samsung100
samsung11
samsung111
samsung1111
samsung12
samsung123
samsung1234
samsung12345
samsung123456
samsung13
samsung2
samsung2024
samsung2025
samsung2026
samsung21
samsung22
samsung23
samsung3
samsung321
samsung33
samsung420
samsung4321
samsung44
samsung55
samsung66
samsung666
samsung69
samsung77
samsung777
samsung88
samsung911
samsung99
samsung999
samsung@123
sandra!!
sandra01
sandra123
sandra1234
sandra1960
sandra1961
sandra1962
sandra1963
sandra1964
sandra1965
sandra1966
sandra1967
sandra1968
sandra1969
sandra1970
sandra1971
sandra1972
sandra1973
sandra1974
sandra1975
sandra1976
sandra1977
sandra1978
sandra1979
sandra1980
sandra1981
sandra1982
sandra1983
sandra1984
sandra1985
sandra1986
sandra1987
sandra1988
sandra1989
sandra1990
sandra1991
sandra1992
sandra1993
sandra1994
sandra1995
sandra1996
sandra1997
sandra1998
sandra1999
sandra2000
sandra2001
sandra2002
sandra2003
sandra2004
sandra2005
sandra2006
sandra2007
sandra2008
sandra2009
sandra2010
sandra2011
sandra2012
sandra2013
sandra2014
sandra2015
sandra2016
sandra2017
sandra2018
sandra2019
sandra2020
sandra2021
sandra2022
sandra2023
sandra2024
sandra2025
sandra2026
sandra69
sandra99
sarah123
sarah1234
sarah1960
sarah1961
sarah1962
sarah1963
sarah1964
sarah1965
sarah1966
sarah1967
sarah1968
sarah1969
sarah1970
sarah1971
sarah1972
sarah1973
sarah1974
sarah1975
sarah1976
sarah1977
sarah1978
sarah1979
sarah1980
sarah1981
sarah1982
sarah1983
sarah1984
sarah1985
sarah1986
sarah1987
sarah1988
sarah1989
sarah1990
sarah1991
sarah1992
sarah1993
sarah1994
sarah1995
sarah1996
sarah1997
sarah1998
sarah1999
sarah2000
sarah2001
sarah2002
sarah2003
sarah2004
sarah2005
sarah2006
sarah2007
sarah2008
sarah2009
sarah2010
sarah2011
sarah2012
sarah2013
sarah2014
sarah2015
sarah2016
sarah2017
sarah2018
sarah2019
sarah2020
sarah2021
sarah2022
sarah2023
sarah2024
sarah2025
sarah2026
secret!!
secret!@#
secret0000
secret007
secret01
secret07
secret10
secret100
secret11
secret111
secret1111
secret12
secret123
secret1234
secret12345
secret123456
secret13
secret2024
secret2025
secret2026
secret21
secret22
secret23
secret321
secret33
secret420
secret4321
secret44
secret55
secret66
secret666
secret69
secret77
secret777
secret88
secret911
secret99
secret999
secret@123
secure!!
secure!@#
secure0000
secure007
secure01
secure07
secure10
secure100
secure11
secure111
secure1111
secure12
secure123
secure1234
secure12345
secure123456
secure13
secure2024
secure2025
secure2026
secure21
secure22
secure23
secure321
secure33
secure420
secure4321
secure44
secure55
secure66
secure666
secure69
secure77
secure777
secure88
secure911
secure99
secure999
secure@123
securehome
securenet
securepass
securepassword
securewifi
shadow!!
shadow!@#
shadow0000
shadow007
shadow01
shadow07
shadow10
shadow100
shadow11
shadow111
shadow1111
shadow12
shadow123
shadow1234
shadow12345
shadow123456
shadow13
shadow2024
shadow2025
shadow2026
shadow21
shadow22
shadow23
shadow321
shadow33
shadow420
shadow4321
shadow44
shadow55
shadow66
shadow666
shadow69
shadow77
shadow777
shadow88
shadow911
shadow99
shadow999
shadow@123
sharon!!
sharon01
sharon123
sharon1234
sharon1960
sharon1961
sharon1962
sharon1963
sharon1964
sharon1965
sharon1966
sharon1967
sharon1968
sharon1969
sharon1970
sharon1971
sharon1972
sharon1973
sharon1974
sharon1975
sharon1976
sharon1977
sharon1978
sharon1979
sharon1980
sharon1981
sharon1982
sharon1983
sharon1984
sharon1985
sharon1986
sharon1987
sharon1988
sharon1989
sharon1990
sharon1991
sharon1992
sharon1993
sharon1994
sharon1995
sharon1996
sharon1997
sharon1998
sharon1999
sharon2000
sharon2001
sharon2002
sharon2003
sharon2004
sharon2005
sharon2006
sharon2007
sharon2008
sharon2009
sharon2010
sharon2011
sharon2012
sharon2013
sharon2014
sharon2015
sharon2016
sharon2017
sharon2018
sharon2019
sharon2020
sharon2021
sharon2022
sharon2023
sharon2024
sharon2025
sharon2026
sharon69
sharon99
silver!!
silver!@#
silver0000
silver007
silver01
silver07
silver10
silver100
silver11
silver111
silver1111
silver12
silver123
silver1234
silver12345
silver123456
silver13
silver2024
silver2025
silver2026
silver21
silver22
silver23
silver321
silver33
silver420
silver4321
silver44
silver55
silver66
silver666
silver69
silver77
silver777
silver88
silver911
silver99
silver999
silver@123
sniper!!
sniper!@#
sniper0000
sniper007
sniper01
sniper07
sniper10
sniper100
sniper11
sniper111
sniper1111
sniper12
sniper123
sniper1234
sniper12345
sniper123456
sniper13
sniper2024
sniper2025
sniper2026
sniper21
sniper22
sniper23
sniper321
sniper33
sniper420
sniper4321
sniper44
sniper55
sniper66
sniper666
sniper69
sniper77
sniper777
sniper88
sniper911
sniper99
sniper999
sniper@123
spectrum!
spectrum01
spectrum123
spectrum1234
spectrum12345
spectrum2024
spectrum2025
spectrum2026
spectrum321
spectrum99
spectrumhome
spectrumnet
spectrumpass
spectrumpassword
spectrumwifi
spider!!
spider!@#
spider0000
spider007
spider01
spider07
spider10
spider100
spider11
spider111
spider1111
spider12
spider123
spider1234
spider12345
spider123456
spider13
spider2024
spider2025
spider2026
spider21
spider22
spider23
spider321
spider33
spider420
spider4321
spider44
spider55
spider66
spider666
spider69
spider77
spider777
spider88
spider911
spider99
spider999
spider@123
sport!@#
sport0000
sport007
sport100
sport111
sport1111
sport123
sport1234
sport12345
sport123456
sport2024
sport2025
sport2026
sport321
sport420
sport4321
sport666
sport777
sport911
sport999
sport@123
spring!!
spring!@#
spring0000
spring007
spring01
spring07
spring10
spring100
spring11
spring111
spring1111
spring12
spring123
spring1234
spring12345
spring123456
spring13
spring2024
spring2025
spring2026
spring21
spring22
spring23
spring321
spring33
spring420
spring4321
spring44
spring55
spring66
spring666
spring69
spring77
spring777
spring88
spring911
spring99
spring999
spring@123
star0000
star1111
star1234
star12345
star123456
star2024
star2025
star2026
star4321
star@123
stephanie!
stephanie!!
stephanie01
stephanie123
stephanie1234
stephanie1960
stephanie1961
stephanie1962
stephanie1963
stephanie1964
stephanie1965
stephanie1966
stephanie1967
stephanie1968
stephanie1969
stephanie1970
stephanie1971
stephanie1972
stephanie1973
stephanie1974
stephanie1975
stephanie1976
stephanie1977
stephanie1978
stephanie1979
stephanie1980
stephanie1981
stephanie1982
stephanie1983
stephanie1984
stephanie1985
stephanie1986
stephanie1987
stephanie1988
stephanie1989
stephanie1990
stephanie1991
stephanie1992
stephanie1993
stephanie1994
stephanie1995
stephanie1996
stephanie1997
stephanie1998
stephanie1999
stephanie2000
stephanie2001
stephanie2002
stephanie2003
stephanie2004
stephanie2005
stephanie2006
stephanie2007
stephanie2008
stephanie2009
stephanie2010
stephanie2011
stephanie2012
stephanie2013
stephanie2014
stephanie2015
stephanie2016
stephanie2017
stephanie2018
stephanie2019
stephanie2020
stephanie2021
stephanie2022
stephanie2023
stephanie2024
stephanie2025
stephanie2026
stephanie69
stephanie99
steven!!
steven01
steven123
steven1234
steven1960
steven1961
steven1962
steven1963
steven1964
steven1965
steven1966
steven1967
steven1968
steven1969
steven1970
steven1971
steven1972
steven1973
steven1974
steven1975
steven1976
steven1977
steven1978
steven1979
steven1980
steven1981
steven1982
steven1983
steven1984
steven1985
steven1986
steven1987
steven1988
steven1989
steven1990
steven1991
steven1992
steven1993
steven1994
steven1995
steven1996
steven1997
steven1998
steven1999
steven2000
steven2001
steven2002
steven2003
steven2004
steven2005
steven2006
steven2007
steven2008
steven2009
steven2010
steven2011
steven2012
steven2013
steven2014
steven2015
steven2016
steven2017
steven2018
steven2019
steven2020
steven2021
steven2022
steven2023
steven2024
steven2025
steven2026
steven69
steven99
summer!!
summer!@#
summer0000
summer007
summer01
summer07
summer10
summer100
summer11
summer111
summer1111
summer12
summer123
summer1234
summer12345
summer123456
summer13
summer2024
summer2025
summer2026
summer21
summer22
summer23
summer321
summer33
summer420
summer4321
summer44
summer55
summer66
summer666
summer69
summer77
summer777
summer88
summer911
summer99
summer999
summer@123
sunshine
super!@#
super0000
super007
super100
super111
super1111
super123
super1234
super12345
super123456
super2024
super2025
super2026
super321
super420
super4321
super666
super777
super911
super999
super@123
superman
superman!
superman!!
superman!@#
superman0000
superman007
superman01
superman07
superman1
superman10
superman100
superman11
superman111
superman1111
superman12
superman123
superman1234
superman12345
superman123456
superman13
superman2
superman2024
superman2025
superman2026
superman21
superman22
superman23
superman3
superman321
superman33
superman420
superman4321
superman44
superman55
superman66
superman666
superman69
superman77
superman777
superman88
superman911
superman99
superman999
superman@123
susan123
susan1234
susan1960
susan1961
susan1962
susan1963
susan1964
susan1965
susan1966
susan1967
susan1968
susan1969
susan1970
susan1971
susan1972
susan1973
susan1974
susan1975
susan1976
susan1977
susan1978
susan1979
susan1980
susan1981
susan1982
susan1983
susan1984
susan1985
susan1986
susan1987
susan1988
susan1989
susan1990
susan1991
susan1992
susan1993
susan1994
susan1995
susan1996
susan1997
susan1998
susan1999
susan2000
susan2001
susan2002
susan2003
susan2004
susan2005
susan2006
susan2007
susan2008
susan2009
susan2010
susan2011
susan2012
susan2013
susan2014
susan2015
susan2016
susan2017
susan2018
susan2019
susan2020
susan2021
susan2022
susan2023
susan2024
susan2025
susan2026
telekom!
telekom01
telekom123
telekom1234
telekom12345
telekom2024
telekom2025
telekom2026
telekom321
telekom99
telekomhome
telekomnet
telekompass
telekompassword
telekomwifi
thomas!!
thomas!@#
thomas0000
thomas007
thomas01
thomas07
thomas10
thomas100
thomas11
thomas111
thomas1111
thomas12
thomas123
thomas1234
thomas12345
thomas123456
thomas13
thomas1960
thomas1961
thomas1962
thomas1963
thomas1964
thomas1965
thomas1966
thomas1967
thomas1968
thomas1969
thomas1970
thomas1971
thomas1972
thomas1973
thomas1974
thomas1975
thomas1976
thomas1977
thomas1978
thomas1979
thomas1980
thomas1981
thomas1982
thomas1983
thomas1984
thomas1985
thomas1986
thomas1987
thomas1988
thomas1989
thomas1990
thomas1991
thomas1992
thomas1993
thomas1994
thomas1995
thomas1996
thomas1997
thomas1998
thomas1999
thomas2000
thomas2001
thomas2002
thomas2003
thomas2004
thomas2005
thomas2006
thomas2007
thomas2008
thomas2009
thomas2010
thomas2011
thomas2012
thomas2013
thomas2014
thomas2015
thomas2016
thomas2017
thomas2018
thomas2019
thomas2020
thomas2021
thomas2022
thomas2023
thomas2024
thomas2025
thomas2026
thomas21
thomas22
thomas23
thomas321
thomas33
thomas420
thomas4321
thomas44
thomas55
thomas66
thomas666
thomas69
thomas77
thomas777
thomas88
thomas911
thomas99
thomas999
thomas@123
thunder!
thunder!!
thunder!@#
thunder0000
thunder007
thunder01
thunder07
thunder1
thunder10
thunder100
thunder11
thunder111
thunder1111
thunder12
thunder123
thunder1234
thunder12345
thunder123456
thunder13
thunder2
thunder2024
thunder2025
thunder2026
thunder21
thunder22
thunder23
thunder3
thunder321
thunder33
thunder420
thunder4321
thunder44
thunder55
thunder66
thunder666
thunder69
thunder77
thunder777
thunder88
thunder911
thunder99
thunder999
thunder@123
tiger!@#
tiger0000
tiger007
tiger100
tiger111
tiger1111
tiger123
tiger1234
tiger12345
tiger123456
tiger2024
tiger2025
tiger2026
tiger321
tiger420
tiger4321
tiger666
tiger777
tiger911
tiger999
tiger@123
tmobile!
tmobile01
tmobile123
tmobile1234
tmobile12345
tmobile2024
tmobile2025
tmobile2026
tmobile321
tmobile99
tmobilehome
tmobilenet
tmobilepass
tmobilepassword
tmobilewifi
trustno1
verizon!
verizon01
verizon123
verizon1234
verizon12345
verizon2024
verizon2025
verizon2026
verizon321
verizon99
verizonhome
verizonnet
verizonpass
verizonpassword
verizonwifi
vodafone!
vodafone01
vodafone123
vodafone1234
vodafone12345
vodafone2024
vodafone2025
vodafone2026
vodafone321
vodafone99
vodafonehome
vodafonenet
vodafonepass
vodafonepassword
vodafonewifi
water!@#
water0000
water007
water100
water111
water1111
water123
water1234
water12345
water123456
water2024
water2025
water2026
water321
water420
water4321
water666
water777
water911
water999
water@123
welcome!
welcome!!
welcome!@#
welcome0000
welcome007
welcome01
welcome07
welcome1
welcome10
welcome100
welcome11
welcome111
welcome1111
welcome12
welcome123
welcome1234
welcome12345
welcome123456
welcome13
welcome2
welcome2024
welcome2025
welcome2026
welcome21
welcome22
welcome23
welcome3
welcome321
welcome33
welcome420
welcome4321
welcome44
welcome55
welcome66
welcome666
welcome69
welcome77
welcome777
welcome88
welcome911
welcome99
welcome999
welcome@123
whatever
wifi1234
wifi12345
wifi2024
wifi2025
wifi2026
wifihome
wifipass
wifipass!
wifipass01
wifipass123
wifipass1234
wifipass12345
wifipass2024
wifipass2025
wifipass2026
wifipass321
wifipass99
wifipasshome
wifipassnet
wifipasspass
wifipasspassword
wifipasswifi
wifipassword
wifipassword!
wifipassword01
wifipassword123
wifipassword1234
wifipassword12345
wifipassword2024
wifipassword2025
wifipassword2026
wifipassword321
wifipassword99
wifipasswordhome
wifipasswordnet
wifipasswordpass
wifipasswordpassword
wifipasswordwifi
wifiwifi
willem!!
willem01
willem123
willem1234
willem1960
willem1961
willem1962
willem1963
willem1964
willem1965
willem1966
willem1967
willem1968
willem1969
willem1970
willem1971
willem1972
willem1973
willem1974
willem1975
willem1976
willem1977
willem1978
willem1979
willem1980
willem1981
willem1982
willem1983
willem1984
willem1985
willem1986
willem1987
willem1988
willem1989
willem1990
willem1991
willem1992
willem1993
willem1994
willem1995
willem1996
willem1997
willem1998
willem1999
willem2000
willem2001
willem2002
willem2003
willem2004
willem2005
willem2006
willem2007
willem2008
willem2009
willem2010
willem2011
willem2012
willem2013
willem2014
willem2015
willem2016
willem2017
willem2018
willem2019
willem2020
willem2021
willem2022
willem2023
willem2024
willem2025
willem2026
willem69
willem99
william!
william!!
william01
william123
william1234
william1960
william1961
william1962
william1963
william1964
william1965
william1966
william1967
william1968
william1969
william1970
william1971
william1972
william1973
william1974
william1975
william1976
william1977
william1978
william1979
william1980
william1981
william1982
william1983
william1984
william1985
william1986
william1987
william1988
william1989
william1990
william1991
william1992
william1993
william1994
william1995
william1996
william1997
william1998
william1999
william2000
william2001
william2002
william2003
william2004
william2005
william2006
william2007
william2008
william2009
william2010
william2011
william2012
william2013
william2014
william2015
william2016
william2017
william2018
william2019
william2020
william2021
william2022
william2023
william2024
william2025
william2026
william69
william99
windows!
windows!!
windows!@#
windows0000
windows007
windows01
windows07
windows1
windows10
windows100
windows11
windows111
windows1111
windows12
windows123
windows1234
windows12345
windows123456
windows13
windows2
windows2024
windows2025
windows2026
windows21
windows22
windows23
windows3
windows321
windows33
windows420
windows4321
windows44
windows55
windows66
windows666
windows69
windows77
windows777
windows88
windows911
windows99
windows999
windows@123
winter!!
winter!@#
winter0000
winter007
winter01
winter07
winter10
winter100
winter11
winter111
winter1111
winter12
winter123
winter1234
winter12345
winter123456
winter13
winter2024
winter2025
winter2026
winter21
winter22
winter23
winter321
winter33
winter420
winter4321
winter44
winter55
winter66
winter666
winter69
winter77
winter777
winter88
winter911
winter99
winter999
winter@123
wireless!
wireless01
wireless123
wireless1234
wireless12345
wireless2024
wireless2025
wireless2026
wireless321
wireless99
wirelesshome
wirelessnet
wirelesspass
wirelesspassword
wirelesswifi
xfinity!
xfinity01
xfinity123
xfinity1234
xfinity12345
xfinity2024
xfinity2025
xfinity2026
xfinity321
xfinity99
xfinityhome
xfinitynet
xfinitypass
xfinitypassword
xfinitywifi
xxxxxxxx
xxxxxxxxxx
z1x2c3v4
zaq12wsx
ziggo123
ziggo1234
ziggo12345
ziggo2024
ziggo2025
ziggo2026
ziggo321
ziggohome
ziggonet
ziggopass
ziggopassword
ziggowifi
zxcv1234
zxcvbnm!
